age,workclass,fnlwgt,education,education_num,marital_status,occupation,relationship,race,sex,capital_gain,capital_loss,hours_per_week,native_country,target
62,Private,167652,Assoc-voc,11,Divorced,Sales,Not-in-family,White,Female,0,0,40,United-States,0
44,Local-gov,145246,Masters,14,Married-civ-spouse,Prof-specialty,Husband,White,Male,0,0,44,United-States,1
63,Federal-gov,95680,Some-college,10,Married-civ-spouse,Tech-support,Husband,White,Male,0,0,18,United-States,1
48,Private,177211,11th,7,Married-civ-spouse,Machine-op-inspct,Husband,White,Male,0,0,40,United-States,0
57,Self-emp-not-inc,177271,Doctorate,16,Married-civ-spouse,Prof-specialty,Husband,White,Male,0,0,35,United-States,0
34,Private,242984,HS-grad,9,Never-married,Adm-clerical,Not-in-family,White,Male,0,0,48,United-States,0
56,Private,182460,HS-grad,9,Married-civ-spouse,Handlers-cleaners,Husband,White,Male,0,0,40,United-States,1
26,Private,134888,Bachelors,13,Never-married,Tech-support,Own-child,White,Female,0,0,35,United-States,0
68,Private,253866,Bachelors,13,Married-civ-spouse,Sales,Husband,White,Male,0,0,30,United-States,0
47,Private,209212,9th,5,Married-civ-spouse,Machine-op-inspct,Husband,Black,Male,0,0,56,,0
46,Local-gov,359193,Some-college,10,Divorced,Adm-clerical,Unmarried,White,Female,0,0,45,United-States,0
20,Private,196745,Some-college,10,Never-married,Other-service,Own-child,White,Female,0,0,16,United-States,0
32,Private,162675,Assoc-voc,11,Never-married,Adm-clerical,Own-child,White,Female,0,0,35,Cuba,0
34,Self-emp-not-inc,203488,HS-grad,9,Married-civ-spouse,Craft-repair,Husband,White,Male,0,0,60,United-States,0
22,Private,242138,HS-grad,9,Married-civ-spouse,Adm-clerical,Wife,White,Female,0,0,40,United-States,0
58,Private,100054,Bachelors,13,Married-civ-spouse,Sales,Husband,White,Male,0,1902,70,United-States,1
31,Self-emp-inc,264554,HS-grad,9,Married-civ-spouse,Transport-moving,Husband,White,Male,0,1977,40,United-States,1
25,Private,68302,HS-grad,9,Married-civ-spouse,Craft-repair,Husband,White,Male,0,0,40,United-States,0
31,Private,181751,HS-grad,9,Divorced,Adm-clerical,Not-in-family,White,Female,0,0,40,United-States,0
25,Private,186370,HS-grad,9,Married-civ-spouse,Handlers-cleaners,Husband,White,Male,0,0,40,United-States,0
64,Private,391121,7th-8th,4,Married-civ-spouse,Farming-fishing,Husband,White,Male,0,0,40,United-States,1
40,Local-gov,34540,Masters,14,Divorced,Prof-specialty,Unmarried,White,Female,0,0,44,United-States,0
66,Private,313255,Some-college,10,Married-civ-spouse,Sales,Husband,White,Male,0,0,24,United-States,0
44,Private,191893,HS-grad,9,Never-married,Other-service,Own-child,White,Female,0,0,24,United-States,0
29,Self-emp-not-inc,266855,Bachelors,13,Separated,Prof-specialty,Own-child,White,Male,0,0,40,United-States,0
48,Private,36503,Some-college,10,Married-civ-spouse,Exec-managerial,Husband,White,Male,0,0,40,United-States,1
62,Private,244933,Masters,14,Divorced,Prof-specialty,Not-in-family,White,Female,0,0,45,United-States,0
41,Private,76625,Assoc-acdm,12,Married-civ-spouse,Prof-specialty,Husband,White,Male,0,0,40,United-States,1
21,Private,132320,11th,7,Never-married,Craft-repair,Not-in-family,White,Male,0,0,35,United-States,0
26,Private,140446,HS-grad,9,Married-civ-spouse,Handlers-cleaners,Wife,White,Female,0,0,40,United-States,0
39,Private,370032,Masters,14,Married-civ-spouse,Prof-specialty,Husband,White,Male,0,0,45,United-States,0
62,Private,103344,Bachelors,13,Widowed,Exec-managerial,Not-in-family,White,Male,10520,0,50,United-States,1
36,Private,278576,HS-grad,9,Married-civ-spouse,Transport-moving,Husband,White,Male,0,0,50,United-States,0
25,Self-emp-inc,454934,Some-college,10,Never-married,Sales,Own-child,White,Female,0,0,35,United-States,0
58,Self-emp-not-inc,81642,HS-grad,9,Married-civ-spouse,Farming-fishing,Husband,White,Male,0,0,60,United-States,0
30,Private,288419,5th-6th,3,Married-civ-spouse,Craft-repair,Husband,White,Male,0,0,40,Mexico,0
34,Private,143526,HS-grad,9,Never-married,Machine-op-inspct,Not-in-family,White,Male,0,0,40,United-States,0
53,Private,197492,HS-grad,9,Divorced,Machine-op-inspct,Not-in-family,White,Female,0,0,40,United-States,0
36,Private,224566,Bachelors,13,Never-married,Prof-specialty,Not-in-family,White,Male,99999,0,45,United-States,1
25,Private,169100,Masters,14,Married-civ-spouse,Exec-managerial,Husband,White,Male,0,0,40,United-States,0
46,Local-gov,126754,Bachelors,13,Married-civ-spouse,Craft-repair,Husband,White,Male,0,0,50,United-States,1
21,Private,226145,Some-college,10,Never-married,Handlers-cleaners,Own-child,White,Male,0,0,30,United-States,0
30,Private,209432,HS-grad,9,Married-civ-spouse,Adm-clerical,Wife,White,Female,0,0,40,United-States,0
17,Self-emp-not-inc,36218,11th,7,Never-married,Farming-fishing,Own-child,White,Male,0,0,20,United-States,0
40,Private,353142,Some-college,10,Divorced,Machine-op-inspct,Unmarried,Black,Female,0,0,40,United-States,0
57,Self-emp-not-inc,315460,Prof-school,15,Married-civ-spouse,Prof-specialty,Husband,White,Male,0,0,36,United-States,0
39,Private,342448,Bachelors,13,Married-civ-spouse,Adm-clerical,Husband,White,Male,0,0,45,United-States,0
51,Private,332489,Assoc-acdm,12,Married-civ-spouse,Exec-managerial,Husband,White,Male,0,0,55,Germany,1
46,Private,184632,Assoc-voc,11,Married-civ-spouse,Craft-repair,Husband,White,Male,0,0,50,United-States,0
35,Private,46947,Some-college,10,Divorced,Adm-clerical,Not-in-family,White,Female,0,0,45,United-States,0
58,Local-gov,368797,Masters,14,Widowed,Prof-specialty,Unmarried,White,Male,0,0,35,United-States,1
45,Private,201865,Bachelors,13,Married-spouse-absent,Exec-managerial,Unmarried,White,Male,0,0,40,United-States,0
29,Private,212588,HS-grad,9,Married-civ-spouse,Craft-repair,Husband,White,Male,0,0,40,United-States,0
23,Private,149396,HS-grad,9,Never-married,Adm-clerical,Own-child,Black,Female,0,0,40,United-States,0
41,Private,253060,Prof-school,15,Married-civ-spouse,Sales,Husband,White,Male,0,0,50,United-States,0
37,Private,236328,10th,6,Married-civ-spouse,Craft-repair,Husband,White,Male,0,0,48,United-States,0
36,Private,186376,Some-college,10,Married-civ-spouse,Machine-op-inspct,Husband,Asian-Pac-Islander,Male,0,0,50,United-States,1
32,,377017,Assoc-acdm,12,Never-married,,Own-child,White,Male,0,0,40,United-States,0
19,Private,246652,Some-college,10,Never-married,Sales,Own-child,White,Female,0,0,40,United-States,0
37,Local-gov,197915,7th-8th,4,Married-civ-spouse,Machine-op-inspct,Husband,White,Male,0,0,40,United-States,0
61,Private,355645,9th,5,Married-civ-spouse,Machine-op-inspct,Husband,Black,Male,0,0,20,Trinadad&Tobago,0
27,Private,203776,11th,7,Married-civ-spouse,Machine-op-inspct,Husband,White,Male,0,0,40,United-States,0
31,Private,154227,Some-college,10,Married-civ-spouse,Transport-moving,Husband,White,Male,0,0,40,United-States,0
20,Private,169188,Some-college,10,Never-married,Other-service,Not-in-family,White,Female,0,0,30,United-States,0
20,Private,339588,HS-grad,9,Married-civ-spouse,Other-service,Wife,White,Female,0,0,40,Peru,0
31,Private,59083,HS-grad,9,Married-civ-spouse,Other-service,Husband,White,Male,0,0,35,United-States,0
52,Private,231865,HS-grad,9,Married-civ-spouse,Adm-clerical,Husband,White,Male,0,0,46,United-States,0
47,Local-gov,150211,Doctorate,16,Married-civ-spouse,Exec-managerial,Husband,White,Male,0,0,40,United-States,1
53,Self-emp-not-inc,105478,Bachelors,13,Married-civ-spouse,Exec-managerial,Husband,White,Male,0,2415,40,United-States,1
30,Private,366876,11th,7,Married-civ-spouse,Transport-moving,Husband,White,Male,0,0,40,United-States,0
47,Private,306183,Some-college,10,Divorced,Other-service,Own-child,White,Female,0,0,44,United-States,0
24,Private,228772,5th-6th,3,Never-married,Machine-op-inspct,Other-relative,White,Female,0,0,40,Mexico,0
44,Self-emp-inc,181762,Some-college,10,Married-civ-spouse,Exec-managerial,Husband,White,Male,0,0,50,United-States,0
71,Private,110380,HS-grad,9,Married-civ-spouse,Sales,Husband,White,Male,0,2467,52,United-States,0
29,Private,218785,Some-college,10,Married-civ-spouse,Adm-clerical,Wife,White,Female,0,0,65,United-States,0
43,Private,96102,Masters,14,Married-spouse-absent,Exec-managerial,Not-in-family,White,Male,0,0,50,United-States,0
32,Self-emp-not-inc,205072,HS-grad,9,Married-civ-spouse,Transport-moving,Husband,White,Male,0,0,48,United-States,0
38,Private,139473,HS-grad,9,Married-civ-spouse,Craft-repair,Husband,White,Male,0,0,50,United-States,0
32,Private,180871,11th,7,Married-civ-spouse,Craft-repair,Husband,White,Male,0,0,40,United-States,1
25,State-gov,120041,Bachelors,13,Never-married,Prof-specialty,Not-in-family,White,Female,0,0,40,United-States,0
24,Private,309055,Some-college,10,Never-married,Sales,Not-in-family,White,Female,0,0,15,United-States,0
28,Private,246595,HS-grad,9,Never-married,Craft-repair,Own-child,White,Male,0,0,70,United-States,0
51,State-gov,42901,Masters,14,Married-civ-spouse,Prof-specialty,Husband,White,Male,0,0,70,United-States,1
42,Self-emp-inc,165981,Some-college,10,Married-civ-spouse,Farming-fishing,Husband,White,Male,0,0,60,United-States,0
46,Private,156926,Some-college,10,Married-civ-spouse,Exec-managerial,Husband,White,Male,0,0,60,United-States,1
47,Private,125892,HS-grad,9,Divorced,Handlers-cleaners,Not-in-family,White,Male,0,0,40,United-States,0
35,Private,196373,HS-grad,9,Married-civ-spouse,Farming-fishing,Husband,White,Male,0,1672,40,United-States,0
84,Private,65478,HS-grad,9,Widowed,Priv-house-serv,Not-in-family,White,Female,0,0,40,England,0
44,Federal-gov,269792,Bachelors,13,Married-civ-spouse,Adm-clerical,Husband,White,Male,0,0,43,United-States,0
43,Private,177054,HS-grad,9,Married-civ-spouse,Transport-moving,Husband,White,Male,0,0,60,United-States,0
55,Private,90414,Bachelors,13,Married-spouse-absent,Craft-repair,Unmarried,White,Female,0,0,55,Ireland,0
34,Private,156464,Bachelors,13,Divorced,Exec-managerial,Not-in-family,White,Male,0,0,85,England,1
33,Private,312923,10th,6,Married-civ-spouse,Other-service,Husband,White,Male,0,0,80,Mexico,0
17,Private,98675,9th,5,Never-married,Other-service,Unmarried,White,Female,0,0,20,United-States,0
51,Federal-gov,254211,Masters,14,Widowed,Sales,Unmarried,White,Male,0,0,50,El-Salvador,1
38,Private,190759,11th,7,Married-civ-spouse,Craft-repair,Husband,White,Male,0,0,40,United-States,0
61,,274499,HS-grad,9,Married-civ-spouse,,Husband,Black,Male,0,0,40,United-States,0
31,Private,375680,Bachelors,13,Never-married,Prof-specialty,Unmarried,Black,Female,0,0,40,,0
38,Private,353263,Masters,14,Never-married,Adm-clerical,Not-in-family,White,Female,0,0,50,Italy,1
35,Private,126569,Some-college,10,Married-civ-spouse,Sales,Husband,White,Male,4064,0,40,United-States,0
33,Self-emp-not-inc,202729,Bachelors,13,Married-civ-spouse,Craft-repair,Husband,White,Male,0,0,40,United-States,1
17,Private,40432,10th,6,Never-married,Adm-clerical,Own-child,White,Female,0,0,4,United-States,0
34,Private,199539,Assoc-voc,11,Married-civ-spouse,Craft-repair,Husband,White,Male,0,0,48,United-States,1
48,Private,273828,5th-6th,3,Never-married,Handlers-cleaners,Not-in-family,White,Male,0,0,40,Mexico,0
50,Self-emp-not-inc,165219,Prof-school,15,Married-civ-spouse,Prof-specialty,Wife,White,Female,0,0,35,United-States,1
63,Private,216413,Bachelors,13,Widowed,Adm-clerical,Not-in-family,White,Female,0,0,25,United-States,0
19,Private,300679,Some-college,10,Never-married,Craft-repair,Own-child,White,Female,0,0,40,United-States,0
27,Private,188171,10th,6,Never-married,Adm-clerical,Own-child,White,Male,0,0,60,United-States,0
37,Private,359131,HS-grad,9,Divorced,Craft-repair,Unmarried,White,Female,0,0,48,United-States,0
44,Local-gov,183850,Bachelors,13,Married-civ-spouse,Protective-serv,Husband,White,Male,0,0,56,United-States,0
30,Local-gov,118500,Some-college,10,Divorced,Adm-clerical,Unmarried,White,Female,0,0,40,United-States,0
20,Private,133515,Some-college,10,Never-married,Sales,Other-relative,White,Female,0,0,40,United-States,0
55,Private,236731,1st-4th,2,Never-married,Other-service,Not-in-family,White,Male,0,0,40,Dominican-Republic,0
40,Private,187702,Bachelors,13,Never-married,Tech-support,Not-in-family,White,Male,0,0,40,United-States,0
36,,36635,Some-college,10,Never-married,,Unmarried,White,Female,0,0,25,United-States,0
41,Private,79864,Assoc-voc,11,Never-married,Adm-clerical,Own-child,White,Female,0,0,40,United-States,0
65,Local-gov,180869,Some-college,10,Widowed,Adm-clerical,Not-in-family,White,Female,0,0,35,United-States,0
37,,223732,Some-college,10,Separated,,Unmarried,White,Male,0,0,40,United-States,0
37,Private,257042,HS-grad,9,Divorced,Craft-repair,Unmarried,White,Male,1506,0,40,United-States,0
18,Self-emp-not-inc,212207,HS-grad,9,Never-married,Farming-fishing,Own-child,White,Male,0,0,11,United-States,0
26,Private,59306,Bachelors,13,Never-married,Sales,Not-in-family,White,Male,0,0,40,United-States,0
46,Private,234289,Masters,14,Married-civ-spouse,Exec-managerial,Husband,White,Male,0,0,60,United-States,0
56,Private,33115,HS-grad,9,Divorced,Other-service,Unmarried,White,Female,0,0,40,United-States,0
51,Private,75640,HS-grad,9,Married-civ-spouse,Sales,Husband,White,Male,0,0,50,United-States,0
39,Private,421633,Assoc-acdm,12,Divorced,Adm-clerical,Unmarried,Black,Female,0,0,40,United-States,0
19,,128453,HS-grad,9,Never-married,,Own-child,White,Female,0,0,28,United-States,0
37,Federal-gov,22201,Bachelors,13,Married-civ-spouse,Adm-clerical,Husband,Asian-Pac-Islander,Male,7298,0,40,Philippines,1
19,Private,260333,HS-grad,9,Never-married,Other-service,Own-child,White,Female,0,0,20,United-States,0
25,Private,129784,Some-college,10,Never-married,Other-service,Own-child,White,Female,0,0,40,United-States,0
66,Private,250226,HS-grad,9,Widowed,Sales,Not-in-family,White,Female,0,0,16,United-States,0
24,Private,194891,Assoc-voc,11,Never-married,Exec-managerial,Not-in-family,White,Female,0,0,40,United-States,0
45,Federal-gov,187510,Masters,14,Married-civ-spouse,Prof-specialty,Husband,White,Male,0,0,40,United-States,1
31,Private,227886,Some-college,10,Never-married,Adm-clerical,Unmarried,Black,Female,0,0,35,United-States,0
39,Private,204501,Masters,14,Married-civ-spouse,Exec-managerial,Husband,White,Male,0,0,50,United-States,1
28,Private,92262,HS-grad,9,Married-civ-spouse,Craft-repair,Husband,White,Male,0,0,40,United-States,0
21,Private,212619,Assoc-voc,11,Never-married,Machine-op-inspct,Own-child,White,Male,0,0,40,United-States,0
40,Private,259307,Masters,14,Married-civ-spouse,Exec-managerial,Husband,White,Male,0,0,50,United-States,1
61,Self-emp-not-inc,39128,HS-grad,9,Married-civ-spouse,Craft-repair,Husband,White,Male,0,0,35,United-States,0
21,Private,254351,HS-grad,9,Never-married,Other-service,Not-in-family,White,Male,0,0,35,United-States,0
22,Private,234970,Some-college,10,Never-married,Other-service,Own-child,Black,Female,0,0,40,,0
36,Private,183081,Some-college,10,Never-married,Exec-managerial,Not-in-family,White,Male,0,0,40,United-States,0
37,Private,132879,HS-grad,9,Married-civ-spouse,Exec-managerial,Husband,White,Male,0,0,40,United-States,1
30,Local-gov,83066,HS-grad,9,Married-civ-spouse,Other-service,Husband,Black,Male,0,0,40,United-States,0
56,Self-emp-inc,131916,HS-grad,9,Widowed,Exec-managerial,Not-in-family,White,Female,0,0,50,United-States,0
42,Local-gov,142049,Some-college,10,Divorced,Tech-support,Unmarried,White,Female,0,0,32,United-States,0
58,Local-gov,294313,Some-college,10,Married-civ-spouse,Adm-clerical,Wife,Black,Female,0,0,55,United-States,0
35,Private,140564,Bachelors,13,Married-civ-spouse,Sales,Husband,White,Male,0,0,40,United-States,1
40,Private,155972,HS-grad,9,Married-civ-spouse,Exec-managerial,Husband,White,Male,7688,0,55,United-States,1
35,Private,187167,HS-grad,9,Never-married,Adm-clerical,Unmarried,White,Female,0,0,40,United-States,0
55,,123382,HS-grad,9,Separated,,Not-in-family,Black,Female,0,2001,40,United-States,0
20,Private,337639,Some-college,10,Never-married,Sales,Own-child,White,Male,0,0,40,United-States,0
22,Private,272591,10th,6,Never-married,Machine-op-inspct,Not-in-family,White,Male,0,0,30,United-States,0
57,Private,73051,Bachelors,13,Married-civ-spouse,Exec-managerial,Husband,White,Male,0,0,40,United-States,0
32,Private,399088,Bachelors,13,Never-married,Exec-managerial,Not-in-family,White,Female,0,0,45,United-States,0
44,Private,137304,HS-grad,9,Widowed,Machine-op-inspct,Not-in-family,Black,Female,0,0,40,United-States,0
49,Private,141944,Assoc-voc,11,Married-spouse-absent,Handlers-cleaners,Unmarried,White,Male,0,1380,42,United-States,0
39,Local-gov,229651,Bachelors,13,Married-civ-spouse,Prof-specialty,Husband,White,Male,0,0,50,United-States,1
39,Private,126161,Doctorate,16,Never-married,Prof-specialty,Not-in-family,White,Male,0,0,45,United-States,0
90,Private,347074,Some-college,10,Never-married,Adm-clerical,Own-child,White,Female,0,1944,12,United-States,0
26,Private,300290,11th,7,Divorced,Adm-clerical,Own-child,White,Female,0,0,40,United-States,0
43,Federal-gov,101709,Some-college,10,Divorced,Handlers-cleaners,Not-in-family,Asian-Pac-Islander,Male,0,0,40,United-States,0
19,Private,179707,Some-college,10,Never-married,Adm-clerical,Own-child,White,Male,0,0,30,United-States,0
40,Private,97688,Some-college,10,Married-civ-spouse,Tech-support,Husband,White,Male,0,0,48,United-States,1
41,State-gov,52131,HS-grad,9,Divorced,Prof-specialty,Own-child,White,Male,0,0,40,United-States,0
62,Private,141308,Some-college,10,Never-married,Adm-clerical,Not-in-family,White,Female,0,0,40,United-States,0
20,State-gov,113588,HS-grad,9,Never-married,Tech-support,Own-child,White,Female,0,0,24,United-States,0
38,Local-gov,156383,Some-college,10,Never-married,Protective-serv,Unmarried,Black,Female,0,0,40,United-States,0
24,Private,201603,HS-grad,9,Divorced,Handlers-cleaners,Not-in-family,White,Male,0,0,30,United-States,0
66,Private,171331,Some-college,10,Married-civ-spouse,Transport-moving,Husband,Black,Male,0,0,40,United-States,1
32,Private,167990,HS-grad,9,Married-civ-spouse,Exec-managerial,Husband,White,Male,0,0,40,Ireland,0
53,Self-emp-not-inc,122109,Assoc-acdm,12,Divorced,Sales,Not-in-family,White,Female,0,0,70,United-States,0
33,Federal-gov,206392,HS-grad,9,Married-civ-spouse,Prof-specialty,Husband,White,Male,0,0,40,United-States,0
29,Self-emp-not-inc,229842,HS-grad,9,Never-married,Transport-moving,Unmarried,Black,Male,0,0,45,United-States,0
45,Private,198759,Doctorate,16,Married-civ-spouse,Exec-managerial,Husband,White,Male,0,0,60,United-States,0
27,Private,250314,9th,5,Married-civ-spouse,Protective-serv,Husband,White,Male,0,0,40,Guatemala,0
52,Private,177942,HS-grad,9,Married-civ-spouse,Adm-clerical,Wife,White,Female,0,0,40,United-States,1
19,Private,418176,HS-grad,9,Never-married,Exec-managerial,Not-in-family,Black,Male,0,0,32,United-States,0
19,Private,163885,HS-grad,9,Never-married,Machine-op-inspct,Own-child,White,Female,0,0,40,United-States,0
19,Self-emp-not-inc,305834,Some-college,10,Never-married,Craft-repair,Own-child,White,Female,0,0,25,United-States,0
30,Self-emp-not-inc,226535,7th-8th,4,Married-civ-spouse,Farming-fishing,Husband,White,Male,0,0,40,Mexico,0
38,Private,156550,HS-grad,9,Married-civ-spouse,Craft-repair,Husband,White,Male,0,0,60,United-States,0
35,Private,281982,Some-college,10,Married-civ-spouse,Prof-specialty,Husband,White,Male,0,0,40,United-States,1
48,Private,127738,9th,5,Divorced,Transport-moving,Not-in-family,White,Male,0,0,40,United-States,0
38,Private,29874,Bachelors,13,Never-married,Sales,Not-in-family,White,Male,0,0,48,United-States,1
19,Private,162954,Some-college,10,Married-AF-spouse,Handlers-cleaners,Wife,White,Female,0,0,40,United-States,0
31,Local-gov,356689,Bachelors,13,Married-civ-spouse,Prof-specialty,Husband,White,Male,0,0,40,United-States,0
40,Private,299813,11th,7,Never-married,Machine-op-inspct,Not-in-family,White,Female,0,0,37,Dominican-Republic,0
39,Private,106964,Masters,14,Married-civ-spouse,Sales,Husband,White,Male,0,1977,55,United-States,1
31,Private,194901,HS-grad,9,Married-civ-spouse,Sales,Husband,White,Male,0,0,50,United-States,1
44,Private,222504,Some-college,10,Married-civ-spouse,Adm-clerical,Wife,White,Female,0,0,45,United-States,1
22,Private,178390,HS-grad,9,Never-married,Handlers-cleaners,Own-child,White,Male,0,0,40,United-States,0
27,State-gov,31935,Some-college,10,Never-married,Tech-support,Own-child,White,Female,0,0,80,United-States,0
48,Private,118023,Prof-school,15,Divorced,Sales,Not-in-family,White,Male,0,0,13,United-States,0
27,Private,448841,HS-grad,9,Married-civ-spouse,Exec-managerial,Husband,White,Male,0,0,40,United-States,0
19,,52114,Some-college,10,Never-married,,Own-child,White,Female,0,0,10,United-States,0
27,Private,132267,HS-grad,9,Married-civ-spouse,Handlers-cleaners,Husband,White,Male,0,0,40,United-States,1
19,Private,149823,Some-college,10,Never-married,Other-service,Own-child,White,Male,0,0,20,United-States,0
45,Private,185385,HS-grad,9,Married-civ-spouse,Craft-repair,Husband,White,Male,0,0,47,United-States,1
37,Self-emp-not-inc,33394,HS-grad,9,Married-civ-spouse,Farming-fishing,Husband,White,Male,0,0,70,United-States,0
24,Private,278107,HS-grad,9,Never-married,Craft-repair,Own-child,White,Male,0,0,60,United-States,0
75,Self-emp-not-inc,343631,HS-grad,9,Married-civ-spouse,Farming-fishing,Husband,Asian-Pac-Islander,Male,0,0,15,United-States,0
42,Private,165815,Assoc-voc,11,Married-civ-spouse,Craft-repair,Husband,White,Male,0,0,40,United-States,0
24,Private,306779,Assoc-voc,11,Never-married,Exec-managerial,Own-child,White,Male,0,0,35,United-States,0
20,Private,204641,HS-grad,9,Never-married,Adm-clerical,Own-child,White,Male,0,0,20,United-States,0
52,State-gov,334273,Assoc-acdm,12,Married-civ-spouse,Sales,Husband,White,Male,0,0,40,United-States,1
36,Private,177285,Assoc-voc,11,Never-married,Prof-specialty,Unmarried,Black,Female,0,0,38,United-States,0
46,Federal-gov,212120,Assoc-voc,11,Married-civ-spouse,Adm-clerical,Husband,White,Male,0,0,40,United-States,1
21,Private,197050,Some-college,10,Never-married,Other-service,Own-child,White,Female,0,0,35,United-States,0
44,Private,230478,Bachelors,13,Married-civ-spouse,Exec-managerial,Husband,White,Male,0,0,40,United-States,1
32,Private,364657,Bachelors,13,Married-civ-spouse,Prof-specialty,Husband,White,Male,0,0,50,United-States,1
49,Private,82649,Bachelors,13,Married-civ-spouse,Prof-specialty,Husband,White,Male,5013,0,45,United-States,0
40,Federal-gov,241895,HS-grad,9,Married-civ-spouse,Adm-clerical,Husband,White,Male,0,0,40,United-States,0
27,Private,52028,Bachelors,13,Married-civ-spouse,Exec-managerial,Wife,Asian-Pac-Islander,Female,0,0,40,South,0
35,Private,145704,HS-grad,9,Married-civ-spouse,Prof-specialty,Wife,White,Female,3942,0,35,United-States,0
21,,234838,Some-college,10,Never-married,,Own-child,White,Male,0,0,30,United-States,0
31,Local-gov,189265,HS-grad,9,Never-married,Adm-clerical,Not-in-family,White,Female,0,0,40,United-States,0
36,Private,137527,Bachelors,13,Never-married,Adm-clerical,Not-in-family,White,Female,0,0,50,United-States,0
75,Private,71385,HS-grad,9,Divorced,Handlers-cleaners,Not-in-family,White,Female,0,0,20,United-States,0
33,Private,260560,HS-grad,9,Married-civ-spouse,Machine-op-inspct,Husband,White,Male,0,0,40,United-States,0
20,,189203,Assoc-acdm,12,Never-married,,Not-in-family,White,Male,0,0,20,United-States,0
24,Private,172496,Bachelors,13,Never-married,Tech-support,Not-in-family,White,Male,0,0,55,United-States,0
42,,51795,HS-grad,9,Divorced,,Unmarried,Black,Female,0,0,32,United-States,0
53,Private,141388,HS-grad,9,Married-civ-spouse,Transport-moving,Husband,White,Male,0,0,40,United-States,1
37,Private,245053,Some-college,10,Divorced,Handlers-cleaners,Own-child,White,Male,0,1504,40,United-States,0
44,Private,152629,Bachelors,13,Married-civ-spouse,Adm-clerical,Husband,White,Male,3103,0,40,United-States,1
49,Private,132576,Bachelors,13,Married-civ-spouse,Exec-managerial,Husband,White,Male,0,0,50,United-States,1
22,Private,230704,Assoc-acdm,12,Never-married,Handlers-cleaners,Own-child,Black,Male,0,0,20,Jamaica,0
19,,117201,HS-grad,9,Never-married,,Own-child,White,Male,0,0,30,United-States,0
22,Private,43646,HS-grad,9,Married-civ-spouse,Craft-repair,Own-child,White,Male,0,0,40,United-States,0
26,Private,544319,Some-college,10,Married-civ-spouse,Other-service,Husband,White,Male,0,0,40,United-States,0
29,Private,263005,Masters,14,Married-civ-spouse,Exec-managerial,Husband,White,Male,0,0,45,Germany,0
47,Private,117849,HS-grad,9,Married-civ-spouse,Handlers-cleaners,Husband,White,Male,0,0,40,United-States,0
48,Private,20296,HS-grad,9,Divorced,Adm-clerical,Not-in-family,White,Female,0,0,37,United-States,1
51,Private,210736,10th,6,Married-spouse-absent,Craft-repair,Other-relative,White,Male,0,0,40,United-States,0
22,Private,228452,10th,6,Never-married,Craft-repair,Not-in-family,White,Male,0,0,30,United-States,0
26,Private,331861,Bachelors,13,Never-married,Exec-managerial,Not-in-family,White,Male,0,0,30,United-States,0
34,Private,143699,HS-grad,9,Married-civ-spouse,Sales,Wife,White,Female,0,0,15,United-States,0
62,Private,35783,Some-college,10,Married-civ-spouse,Transport-moving,Husband,White,Male,0,0,60,United-States,0
30,Private,340917,Masters,14,Married-civ-spouse,Exec-managerial,Husband,White,Male,15024,0,60,United-States,1
40,,70645,Some-college,10,Married-civ-spouse,,Wife,White,Female,0,0,20,United-States,0
50,Private,144361,HS-grad,9,Married-civ-spouse,Craft-repair,Husband,White,Male,0,0,40,United-States,0
35,,111377,Bachelors,13,Married-civ-spouse,,Husband,White,Male,0,0,50,United-States,0
29,Private,446559,Assoc-acdm,12,Married-civ-spouse,Exec-managerial,Wife,White,Female,0,0,50,United-States,0
33,Private,260782,Some-college,10,Married-civ-spouse,Craft-repair,Husband,White,Male,0,0,41,United-States,1
66,State-gov,162945,Prof-school,15,Married-civ-spouse,Exec-managerial,Husband,Black,Male,20051,0,55,United-States,1
41,Local-gov,227644,Some-college,10,Married-civ-spouse,Craft-repair,Husband,White,Male,0,0,40,United-States,0
30,Local-gov,44566,Bachelors,13,Married-civ-spouse,Prof-specialty,Husband,White,Male,0,0,40,United-States,0
60,Self-emp-not-inc,236470,7th-8th,4,Married-civ-spouse,Farming-fishing,Husband,White,Male,0,0,40,United-States,0
37,Private,64922,Bachelors,13,Separated,Other-service,Not-in-family,White,Male,0,0,70,England,0
30,Private,198660,HS-grad,9,Married-civ-spouse,Handlers-cleaners,Husband,White,Male,0,0,40,United-States,0
23,Private,169188,Some-college,10,Married-civ-spouse,Exec-managerial,Wife,White,Female,0,0,25,United-States,0
21,,208117,10th,6,Never-married,,Not-in-family,White,Female,0,0,30,United-States,0
42,Private,334783,HS-grad,9,Married-civ-spouse,Prof-specialty,Wife,White,Female,0,0,40,United-States,0
55,Private,349304,Bachelors,13,Married-civ-spouse,Exec-managerial,Husband,White,Male,0,0,40,United-States,1
28,State-gov,37250,Bachelors,13,Never-married,Prof-specialty,Own-child,White,Male,0,0,16,United-States,0
24,Private,215443,HS-grad,9,Separated,Other-service,Not-in-family,White,Male,0,0,40,United-States,0
39,Self-emp-not-inc,306678,HS-grad,9,Married-civ-spouse,Exec-managerial,Husband,White,Male,0,0,40,United-States,1
39,Private,165215,Bachelors,13,Never-married,Sales,Not-in-family,White,Female,0,0,15,Poland,0
52,Private,88073,Bachelors,13,Divorced,Tech-support,Unmarried,White,Female,0,0,50,United-States,0
49,Self-emp-not-inc,189123,HS-grad,9,Married-civ-spouse,Craft-repair,Husband,White,Male,5013,0,50,United-States,0
27,Private,194759,Assoc-acdm,12,Married-spouse-absent,Craft-repair,Not-in-family,White,Male,0,0,50,United-States,0
48,Self-emp-not-inc,136455,Some-college,10,Married-civ-spouse,Other-service,Wife,White,Female,0,0,60,United-States,0
46,Private,219967,Assoc-acdm,12,Married-civ-spouse,Sales,Husband,White,Male,15024,0,45,United-States,1
55,Private,80445,Bachelors,13,Married-civ-spouse,Craft-repair,Husband,White,Male,0,0,40,United-States,0
19,Local-gov,259169,Some-college,10,Never-married,Prof-specialty,Own-child,White,Female,0,0,30,United-States,0
25,Private,236267,HS-grad,9,Never-married,Machine-op-inspct,Unmarried,White,Male,0,1590,40,United-States,0
42,Private,181265,Assoc-voc,11,Married-civ-spouse,Transport-moving,Husband,White,Male,0,0,48,United-States,0
51,Local-gov,133963,HS-grad,9,Separated,Adm-clerical,Not-in-family,White,Female,0,0,35,,0
33,Private,171892,Assoc-acdm,12,Never-married,Machine-op-inspct,Not-in-family,White,Female,0,0,42,United-States,0
42,Private,180985,Assoc-voc,11,Married-civ-spouse,Craft-repair,Husband,White,Male,0,0,52,United-States,0
17,Private,99462,11th,7,Never-married,Other-service,Own-child,Amer-Indian-Eskimo,Female,0,0,20,United-States,0
47,Private,170850,Bachelors,13,Married-civ-spouse,Tech-support,Husband,White,Male,0,0,48,United-States,0
51,Private,163826,HS-grad,9,Married-civ-spouse,Transport-moving,Husband,White,Male,0,0,40,United-States,1
29,Local-gov,273771,Masters,14,Never-married,Prof-specialty,Not-in-family,White,Male,0,0,45,United-States,0
41,State-gov,109762,Masters,14,Never-married,Prof-specialty,Not-in-family,White,Male,0,0,40,United-States,0
45,Private,253116,10th,6,Divorced,Other-service,Unmarried,Black,Female,0,0,40,United-States,0
59,Private,104455,Some-college,10,Married-civ-spouse,Other-service,Husband,Asian-Pac-Islander,Male,0,0,40,Philippines,0
44,Private,219155,Some-college,10,Married-civ-spouse,Sales,Husband,White,Male,0,0,50,England,1
33,Self-emp-not-inc,24504,Some-college,10,Married-civ-spouse,Craft-repair,Husband,White,Male,0,0,60,United-States,0
70,Private,135601,Bachelors,13,Married-civ-spouse,Prof-specialty,Husband,White,Male,20051,0,35,United-States,1
27,Private,207631,5th-6th,3,Never-married,Machine-op-inspct,Not-in-family,White,Female,0,0,52,Mexico,0
35,Private,203482,9th,5,Married-civ-spouse,Craft-repair,Husband,White,Male,0,0,40,United-States,0
23,Private,183945,Some-college,10,Never-married,Adm-clerical,Not-in-family,White,Female,0,0,60,United-States,0
43,State-gov,186990,HS-grad,9,Married-civ-spouse,Craft-repair,Husband,White,Male,0,0,37,United-States,0
45,Private,102147,Assoc-voc,11,Divorced,Exec-managerial,Not-in-family,White,Male,0,0,40,United-States,1
60,Private,193864,HS-grad,9,Divorced,Craft-repair,Not-in-family,White,Female,0,0,40,United-States,0
31,Federal-gov,86150,Bachelors,13,Married-civ-spouse,Adm-clerical,Wife,Asian-Pac-Islander,Female,5178,0,40,United-States,1
33,Private,217460,HS-grad,9,Married-civ-spouse,Sales,Husband,White,Male,0,0,60,United-States,1
32,Private,137367,11th,7,Never-married,Craft-repair,Not-in-family,Asian-Pac-Islander,Male,0,0,40,India,0
44,State-gov,98989,Bachelors,13,Married-civ-spouse,Prof-specialty,Husband,Amer-Indian-Eskimo,Male,0,0,38,United-States,1
53,Self-emp-inc,246562,5th-6th,3,Married-civ-spouse,Sales,Husband,White,Male,0,0,40,Mexico,1
51,Private,24185,Bachelors,13,Married-civ-spouse,Craft-repair,Husband,White,Male,0,0,40,United-States,1
46,State-gov,273771,HS-grad,9,Married-civ-spouse,Tech-support,Husband,White,Male,0,0,40,United-States,0
35,Self-emp-not-inc,22641,HS-grad,9,Married-civ-spouse,Transport-moving,Husband,Amer-Indian-Eskimo,Male,0,0,40,United-States,0
56,Self-emp-not-inc,121362,Bachelors,13,Married-civ-spouse,Exec-managerial,Wife,White,Female,15024,0,40,United-States,1
62,Private,77884,HS-grad,9,Married-civ-spouse,Sales,Husband,Asian-Pac-Islander,Male,0,0,40,Philippines,0
26,Private,64293,Some-college,10,Never-married,Prof-specialty,Not-in-family,White,Female,0,0,35,United-States,0
38,Local-gov,745768,Some-college,10,Divorced,Exec-managerial,Unmarried,Black,Female,0,0,45,United-States,0
41,Private,194636,Assoc-voc,11,Married-civ-spouse,Machine-op-inspct,Husband,White,Male,0,0,40,United-States,0
50,Private,89534,HS-grad,9,Married-civ-spouse,Machine-op-inspct,Husband,White,Male,0,0,40,United-States,0
46,Private,234690,HS-grad,9,Married-civ-spouse,Sales,Husband,White,Male,0,0,40,United-States,0
27,Private,104917,Assoc-voc,11,Married-civ-spouse,Craft-repair,Husband,White,Male,0,0,40,United-States,0
22,Private,200109,HS-grad,9,Married-civ-spouse,Priv-house-serv,Wife,White,Female,4508,0,40,United-States,0
59,Self-emp-inc,200453,Masters,14,Married-civ-spouse,Sales,Husband,White,Male,0,0,40,United-States,0
63,Private,170815,Some-college,10,Married-civ-spouse,Prof-specialty,Husband,White,Male,0,0,38,United-States,0
22,Private,74631,Some-college,10,Never-married,Handlers-cleaners,Own-child,White,Female,0,0,13,United-States,0
38,Private,172927,HS-grad,9,Married-civ-spouse,Sales,Husband,White,Male,0,0,50,United-States,0
50,Private,196232,HS-grad,9,Married-civ-spouse,Exec-managerial,Husband,White,Male,7688,0,50,United-States,1
25,Private,104614,HS-grad,9,Never-married,Protective-serv,Unmarried,White,Female,0,0,25,United-States,0
20,Private,148940,HS-grad,9,Never-married,Handlers-cleaners,Own-child,White,Male,0,0,40,United-States,0
48,Private,185143,Masters,14,Married-civ-spouse,Exec-managerial,Husband,White,Male,0,0,40,United-States,0
42,Private,190403,Some-college,10,Separated,Exec-managerial,Not-in-family,White,Male,0,0,60,Canada,0
77,Self-emp-not-inc,184046,Bachelors,13,Widowed,Prof-specialty,Not-in-family,White,Female,0,0,20,United-States,0
32,Private,398988,Bachelors,13,Never-married,Exec-managerial,Not-in-family,White,Male,0,0,40,United-States,0
34,Self-emp-not-inc,195602,HS-grad,9,Married-civ-spouse,Craft-repair,Husband,White,Male,0,0,55,United-States,0
53,Private,117814,Some-college,10,Divorced,Adm-clerical,Unmarried,White,Female,0,0,38,United-States,0
50,Self-emp-inc,132716,Some-college,10,Married-civ-spouse,Exec-managerial,Husband,White,Male,0,0,50,Germany,1
31,Private,136721,HS-grad,9,Divorced,Machine-op-inspct,Not-in-family,White,Female,0,0,40,United-States,0
51,State-gov,285747,Masters,14,Married-civ-spouse,Prof-specialty,Husband,White,Male,0,1977,60,United-States,1
38,Private,326886,Assoc-voc,11,Married-civ-spouse,Exec-managerial,Husband,White,Male,0,0,45,United-States,1
61,,72886,HS-grad,9,Married-civ-spouse,,Husband,White,Male,0,0,38,United-States,1
67,Self-emp-inc,182581,Some-college,10,Married-civ-spouse,Exec-managerial,Husband,White,Male,20051,0,20,United-States,1
32,Private,141490,Assoc-voc,11,Divorced,Exec-managerial,Unmarried,White,Female,0,0,50,United-States,0
39,Private,82521,Bachelors,13,Married-civ-spouse,Sales,Husband,White,Male,0,0,45,United-States,1
25,Private,150062,Some-college,10,Married-civ-spouse,Prof-specialty,Husband,White,Male,0,0,45,United-States,0
18,Private,129053,11th,7,Never-married,Other-service,Own-child,White,Male,0,0,28,United-States,0
18,Private,90934,Some-college,10,Never-married,Sales,Own-child,White,Male,0,0,28,United-States,0
20,Private,479296,HS-grad,9,Never-married,Handlers-cleaners,Own-child,White,Male,0,0,40,United-States,0
22,Private,309620,HS-grad,9,Never-married,Sales,Not-in-family,Other,Male,0,0,45,,0
51,Self-emp-inc,103995,Assoc-acdm,12,Never-married,Sales,Not-in-family,White,Female,0,0,25,United-States,0
23,Private,196508,Some-college,10,Never-married,Handlers-cleaners,Own-child,Black,Female,0,0,40,United-States,0
24,Private,194096,HS-grad,9,Never-married,Prof-specialty,Own-child,White,Female,0,0,45,United-States,0
30,Private,183388,HS-grad,9,Separated,Adm-clerical,Unmarried,White,Female,0,0,40,United-States,0
44,Federal-gov,184099,HS-grad,9,Married-civ-spouse,Adm-clerical,Husband,White,Male,0,0,40,United-States,1
34,Private,41809,Some-college,10,Divorced,Adm-clerical,Unmarried,White,Female,0,0,40,United-States,0
35,Private,379959,HS-grad,9,Divorced,Other-service,Not-in-family,White,Female,0,0,40,United-States,0
33,Private,273243,HS-grad,9,Married-civ-spouse,Craft-repair,Husband,Black,Male,0,0,40,United-States,0
62,Private,200332,HS-grad,9,Married-civ-spouse,Machine-op-inspct,Husband,White,Male,0,0,40,United-States,0
21,Private,195919,10th,6,Never-married,Handlers-cleaners,Not-in-family,Other,Male,0,0,40,Dominican-Republic,0
47,Private,165517,Masters,14,Married-civ-spouse,Prof-specialty,Wife,White,Female,0,0,40,United-States,1
21,Private,109952,10th,6,Married-civ-spouse,Machine-op-inspct,Husband,White,Male,0,0,50,United-States,0
52,Private,311931,5th-6th,3,Married-civ-spouse,Sales,Wife,White,Female,0,0,15,El-Salvador,0
37,Local-gov,257588,HS-grad,9,Divorced,Adm-clerical,Unmarried,White,Female,0,0,40,United-States,0
31,Local-gov,188798,Bachelors,13,Never-married,Exec-managerial,Not-in-family,White,Female,0,0,50,United-States,0
75,Private,314209,Assoc-voc,11,Widowed,Adm-clerical,Not-in-family,White,Female,0,0,20,Columbia,0
47,Self-emp-inc,175958,Bachelors,13,Never-married,Sales,Not-in-family,White,Male,3325,0,60,United-States,0
55,Private,102058,Bachelors,13,Married-civ-spouse,Sales,Husband,White,Male,0,0,40,United-States,1
33,Private,376483,Bachelors,13,Married-civ-spouse,Adm-clerical,Wife,Black,Female,0,0,30,United-States,0
37,Private,113120,Assoc-voc,11,Divorced,Prof-specialty,Not-in-family,White,Female,0,0,40,United-States,0
50,Private,283676,Some-college,10,Divorced,Craft-repair,Not-in-family,White,Male,0,0,40,United-States,0
42,Private,121287,HS-grad,9,Divorced,Machine-op-inspct,Not-in-family,White,Male,0,0,45,United-States,0
17,,48703,11th,7,Never-married,,Own-child,White,Female,0,0,30,United-States,0
26,Private,248612,Bachelors,13,Never-married,Prof-specialty,Own-child,White,Male,0,0,30,United-States,0
19,Private,199495,HS-grad,9,Never-married,Craft-repair,Own-child,White,Male,0,0,40,United-States,0
47,Self-emp-inc,188610,HS-grad,9,Married-civ-spouse,Machine-op-inspct,Husband,White,Male,0,0,48,United-States,0
37,State-gov,48211,HS-grad,9,Divorced,Adm-clerical,Unmarried,White,Female,0,0,35,United-States,0
48,Private,247895,Bachelors,13,Married-civ-spouse,Exec-managerial,Husband,Black,Male,0,0,40,United-States,1
69,,28197,HS-grad,9,Married-civ-spouse,,Husband,White,Male,0,0,60,United-States,1
59,,291856,HS-grad,9,Married-civ-spouse,,Husband,White,Male,0,0,40,United-States,0
35,Private,351772,Bachelors,13,Married-civ-spouse,Exec-managerial,Husband,White,Male,15024,0,45,United-States,1
74,,41737,HS-grad,9,Married-civ-spouse,,Husband,White,Male,0,2149,30,United-States,0
35,Private,301862,HS-grad,9,Married-civ-spouse,Machine-op-inspct,Husband,White,Male,0,0,40,United-States,0
40,Local-gov,197012,Bachelors,13,Divorced,Tech-support,Not-in-family,White,Female,8614,0,40,England,1
22,Private,237498,HS-grad,9,Never-married,Other-service,Own-child,White,Male,0,0,40,United-States,0
37,Private,177285,Assoc-voc,11,Married-civ-spouse,Adm-clerical,Wife,Black,Female,0,0,48,United-States,1
31,Private,145935,HS-grad,9,Never-married,Exec-managerial,Own-child,Black,Male,0,0,40,United-States,0
76,,152802,Some-college,10,Married-civ-spouse,,Husband,White,Male,0,0,8,United-States,0
29,Local-gov,165218,Bachelors,13,Never-married,Prof-specialty,Not-in-family,White,Female,0,0,55,United-States,0
47,Local-gov,121124,Masters,14,Married-civ-spouse,Prof-specialty,Husband,White,Male,0,0,35,United-States,1
51,Private,177727,Assoc-acdm,12,Married-civ-spouse,Craft-repair,Husband,White,Male,0,0,45,United-States,1
51,Private,204304,Some-college,10,Divorced,Exec-managerial,Not-in-family,White,Female,0,0,50,United-States,1
25,Private,141876,Masters,14,Never-married,Prof-specialty,Unmarried,White,Male,0,0,45,,0
40,Self-emp-not-inc,123306,Prof-school,15,Married-civ-spouse,Prof-specialty,Husband,White,Male,0,0,45,United-States,1
20,Private,95918,9th,5,Married-civ-spouse,Machine-op-inspct,Husband,White,Male,0,0,40,United-States,0
30,Private,110594,HS-grad,9,Divorced,Adm-clerical,Own-child,White,Female,0,0,40,United-States,0
19,Private,223669,11th,7,Never-married,Other-service,Own-child,White,Male,0,0,20,United-States,0
44,,177461,Some-college,10,Divorced,,Unmarried,Amer-Indian-Eskimo,Male,0,0,50,United-States,0
34,Private,202498,12th,8,Married-civ-spouse,Other-service,Husband,White,Male,0,0,40,Dominican-Republic,0
51,Private,145114,HS-grad,9,Divorced,Adm-clerical,Not-in-family,White,Female,0,0,40,United-States,0
20,Private,161978,HS-grad,9,Separated,Machine-op-inspct,Own-child,White,Male,0,0,40,United-States,0
64,Self-emp-inc,181408,Assoc-voc,11,Married-civ-spouse,Craft-repair,Husband,White,Male,0,0,10,United-States,0
32,Self-emp-inc,111746,Some-college,10,Married-civ-spouse,Craft-repair,Husband,White,Male,0,0,40,United-States,0
47,Private,33710,Bachelors,13,Married-civ-spouse,Exec-managerial,Husband,White,Male,3103,0,60,United-States,1
20,Private,164574,HS-grad,9,Never-married,Other-service,Own-child,White,Male,0,0,30,United-States,0
43,State-gov,227910,Assoc-voc,11,Married-civ-spouse,Prof-specialty,Wife,White,Female,0,0,40,United-States,1
42,Private,317078,HS-grad,9,Divorced,Machine-op-inspct,Not-in-family,Black,Male,0,0,40,United-States,0
19,Private,156618,HS-grad,9,Never-married,Other-service,Own-child,White,Female,0,1602,20,United-States,0
30,Private,125279,HS-grad,9,Married-spouse-absent,Sales,Unmarried,White,Male,0,0,40,United-States,0
46,State-gov,178686,Bachelors,13,Married-civ-spouse,Prof-specialty,Husband,White,Male,0,0,38,United-States,1
19,Private,206599,HS-grad,9,Never-married,Sales,Own-child,White,Female,0,0,40,United-States,0
34,Self-emp-not-inc,177639,Assoc-acdm,12,Never-married,Craft-repair,Not-in-family,White,Male,0,0,40,United-States,0
29,Private,237865,Masters,14,Never-married,Transport-moving,Own-child,Black,Male,0,0,40,United-States,0
46,Private,409443,5th-6th,3,Married-civ-spouse,Handlers-cleaners,Husband,White,Male,0,0,25,Mexico,0
34,Private,236543,Some-college,10,Never-married,Exec-managerial,Not-in-family,White,Male,0,1590,40,United-States,0
24,Private,418405,HS-grad,9,Married-civ-spouse,Craft-repair,Husband,White,Male,0,0,40,United-States,0
33,Private,137088,Bachelors,13,Married-civ-spouse,Machine-op-inspct,Husband,Other,Male,0,0,40,Ecuador,0
52,Private,145271,Bachelors,13,Married-civ-spouse,Craft-repair,Husband,Asian-Pac-Islander,Male,0,0,40,United-States,0
22,State-gov,64292,Bachelors,13,Never-married,Prof-specialty,Own-child,White,Female,0,0,43,United-States,0
40,State-gov,177083,Masters,14,Never-married,Exec-managerial,Not-in-family,White,Female,0,0,35,United-States,0
25,Private,113654,HS-grad,9,Separated,Exec-managerial,Unmarried,White,Female,0,0,37,United-States,0
37,Private,186934,Bachelors,13,Married-civ-spouse,Prof-specialty,Other-relative,White,Male,0,0,40,United-States,1
37,Local-gov,34173,HS-grad,9,Married-civ-spouse,Other-service,Wife,White,Female,0,0,25,United-States,0
51,Private,237729,Some-college,10,Divorced,Adm-clerical,Unmarried,White,Female,0,0,40,United-States,0
37,Private,49115,Masters,14,Married-civ-spouse,Exec-managerial,Husband,White,Male,0,0,60,United-States,1
42,Private,190786,Assoc-voc,11,Married-civ-spouse,Craft-repair,Husband,White,Male,0,0,40,United-States,0
22,Private,170800,Assoc-voc,11,Never-married,Other-service,Own-child,White,Female,0,0,12,United-States,0
27,Private,333296,Bachelors,13,Never-married,Other-service,Not-in-family,White,Male,0,0,30,,0
28,Private,37805,Bachelors,13,Married-civ-spouse,Sales,Husband,White,Male,0,0,40,United-States,1
50,Private,167886,Some-college,10,Married-civ-spouse,Sales,Husband,White,Male,0,0,40,United-States,1
22,Private,43535,Some-college,10,Married-civ-spouse,Exec-managerial,Wife,White,Female,0,0,40,United-States,0
19,Private,164320,HS-grad,9,Never-married,Transport-moving,Own-child,White,Male,0,0,40,United-States,0
55,Private,160303,HS-grad,9,Widowed,Adm-clerical,Other-relative,White,Female,0,0,40,United-States,0
34,Private,115858,HS-grad,9,Divorced,Adm-clerical,Own-child,White,Female,0,0,40,United-States,0
20,,33860,Some-college,10,Never-married,,Not-in-family,Amer-Indian-Eskimo,Female,0,0,28,United-States,0
36,Private,102729,HS-grad,9,Married-civ-spouse,Handlers-cleaners,Husband,White,Male,0,0,45,United-States,1
57,Private,188872,5th-6th,3,Divorced,Transport-moving,Unmarried,White,Male,6497,0,40,United-States,0
27,Private,190525,Assoc-voc,11,Never-married,Machine-op-inspct,Unmarried,White,Male,0,0,45,United-States,0
45,Private,44489,HS-grad,9,Widowed,Farming-fishing,Unmarried,White,Male,0,0,65,United-States,0
43,Federal-gov,144778,Bachelors,13,Never-married,Exec-managerial,Not-in-family,White,Male,0,0,40,United-States,1
34,Private,111985,HS-grad,9,Married-civ-spouse,Sales,Husband,White,Male,0,0,50,United-States,1
43,Private,115562,Bachelors,13,Married-civ-spouse,Exec-managerial,Husband,White,Male,99999,0,50,United-States,1
26,Private,219199,HS-grad,9,Married-civ-spouse,Transport-moving,Husband,White,Male,0,0,50,United-States,1
69,Private,165017,HS-grad,9,Widowed,Machine-op-inspct,Unmarried,White,Male,2538,0,40,United-States,0
52,Local-gov,74784,Masters,14,Married-civ-spouse,Prof-specialty,Wife,White,Female,0,0,40,United-States,1
34,Private,199934,Some-college,10,Married-civ-spouse,Machine-op-inspct,Husband,Black,Male,7298,0,40,United-States,1
51,Private,39264,Some-college,10,Married-civ-spouse,Exec-managerial,Wife,White,Female,0,0,40,United-States,1
69,Private,271312,HS-grad,9,Widowed,Adm-clerical,Not-in-family,White,Female,0,0,40,United-States,0
29,Private,148550,HS-grad,9,Married-civ-spouse,Craft-repair,Husband,White,Male,0,0,40,United-States,0
55,Private,326297,HS-grad,9,Separated,Adm-clerical,Not-in-family,White,Female,0,0,25,United-States,0
36,,139770,Some-college,10,Divorced,,Own-child,White,Female,0,0,32,United-States,0
39,State-gov,121838,HS-grad,9,Divorced,Other-service,Unmarried,Black,Female,0,0,40,United-States,0
20,Private,146706,Some-college,10,Married-civ-spouse,Sales,Other-relative,White,Female,0,0,30,United-States,0
22,Private,341610,Some-college,10,Never-married,Sales,Not-in-family,White,Male,0,0,35,,0
30,Local-gov,44566,Bachelors,13,Married-civ-spouse,Prof-specialty,Husband,White,Male,0,0,80,United-States,0
47,Private,169092,Masters,14,Divorced,Prof-specialty,Unmarried,White,Female,0,0,50,United-States,1
43,Private,244172,HS-grad,9,Separated,Transport-moving,Unmarried,White,Male,0,0,40,Mexico,0
64,,220258,HS-grad,9,Divorced,,Not-in-family,White,Female,0,0,24,United-States,0
50,Self-emp-inc,136913,HS-grad,9,Married-civ-spouse,Farming-fishing,Husband,White,Male,0,0,50,United-States,0
39,State-gov,114055,Bachelors,13,Never-married,Exec-managerial,Not-in-family,White,Female,0,0,40,United-States,0
57,Private,71367,HS-grad,9,Divorced,Other-service,Unmarried,White,Female,0,0,40,United-States,0
31,Self-emp-not-inc,209213,HS-grad,9,Never-married,Sales,Not-in-family,Black,Male,0,0,40,,0
36,Private,355468,10th,6,Separated,Sales,Not-in-family,White,Male,0,0,40,United-States,0
39,Private,56269,Some-college,10,Never-married,Craft-repair,Own-child,Black,Male,0,0,40,United-States,0
59,Private,361494,HS-grad,9,Married-civ-spouse,Sales,Husband,White,Male,0,0,40,United-States,1
22,Private,162282,HS-grad,9,Never-married,Machine-op-inspct,Own-child,White,Male,0,0,55,United-States,0
54,Private,326156,Some-college,10,Married-civ-spouse,Craft-repair,Husband,White,Male,0,0,40,United-States,1
58,Private,191069,HS-grad,9,Married-civ-spouse,Sales,Husband,White,Male,0,0,40,United-States,1
45,Federal-gov,98320,Some-college,10,Divorced,Adm-clerical,Unmarried,Asian-Pac-Islander,Female,914,0,40,United-States,0
49,Private,151107,HS-grad,9,Never-married,Craft-repair,Not-in-family,Black,Male,0,0,40,United-States,0
43,,405374,Some-college,10,Separated,,Not-in-family,Black,Male,0,0,40,United-States,0
58,Local-gov,81132,HS-grad,9,Married-civ-spouse,Handlers-cleaners,Husband,Asian-Pac-Islander,Male,0,0,80,Philippines,1
50,Local-gov,425804,Bachelors,13,Divorced,Exec-managerial,Not-in-family,White,Female,0,0,40,United-States,1
59,Self-emp-inc,187502,Some-college,10,Married-civ-spouse,Craft-repair,Husband,White,Male,0,0,50,United-States,1
51,Self-emp-not-inc,290290,Bachelors,13,Married-civ-spouse,Prof-specialty,Husband,White,Male,0,0,45,United-States,1
28,Private,30014,Some-college,10,Never-married,Adm-clerical,Not-in-family,White,Female,0,0,40,United-States,0
46,Private,187581,HS-grad,9,Divorced,Craft-repair,Other-relative,White,Male,0,0,40,United-States,0
34,Self-emp-not-inc,29254,Some-college,10,Married-civ-spouse,Craft-repair,Husband,White,Male,0,0,55,United-States,1
30,Private,174215,Doctorate,16,Never-married,Prof-specialty,Not-in-family,White,Female,0,0,15,United-States,0
44,Private,192878,HS-grad,9,Divorced,Prof-specialty,Not-in-family,White,Male,0,0,40,United-States,0
24,Private,113466,Bachelors,13,Never-married,Adm-clerical,Own-child,White,Male,0,0,40,United-States,0
44,Local-gov,135056,Masters,14,Divorced,Prof-specialty,Unmarried,White,Female,0,0,16,,0
35,Private,63021,Some-college,10,Divorced,Sales,Not-in-family,White,Female,0,0,35,United-States,0
31,Private,241797,Some-college,10,Divorced,Tech-support,Unmarried,White,Female,0,0,40,United-States,0
27,Private,466224,Some-college,10,Never-married,Sales,Not-in-family,Black,Male,0,0,40,United-States,0
47,Self-emp-not-inc,107231,Assoc-acdm,12,Married-civ-spouse,Craft-repair,Husband,White,Male,0,1672,65,United-States,0
41,Private,122857,HS-grad,9,Never-married,Priv-house-serv,Not-in-family,Asian-Pac-Islander,Female,0,0,40,,0
49,Private,144396,11th,7,Divorced,Exec-managerial,Not-in-family,White,Female,0,0,38,United-States,0
57,Private,199847,Bachelors,13,Married-civ-spouse,Exec-managerial,Husband,White,Male,15024,0,60,United-States,1
35,Private,119098,Masters,14,Married-civ-spouse,Exec-managerial,Husband,White,Male,0,0,40,United-States,0
22,,196943,Some-college,10,Separated,,Own-child,White,Male,0,0,25,United-States,0
17,Private,197850,11th,7,Never-married,Adm-clerical,Own-child,Asian-Pac-Islander,Female,0,0,24,United-States,0
54,Private,220055,Bachelors,13,Widowed,Sales,Unmarried,White,Female,0,0,40,United-States,0
54,Private,294991,10th,6,Married-civ-spouse,Handlers-cleaners,Husband,White,Male,0,0,40,United-States,0
44,Private,219155,Assoc-acdm,12,Married-civ-spouse,Sales,Husband,White,Male,0,0,40,United-States,1
24,,165350,HS-grad,9,Separated,,Not-in-family,Black,Male,0,0,50,Germany,0
39,Local-gov,344855,Masters,14,Married-civ-spouse,Prof-specialty,Wife,White,Female,0,1977,20,United-States,1
35,Private,170617,HS-grad,9,Never-married,Machine-op-inspct,Unmarried,Black,Female,0,0,48,United-States,0
27,Private,153288,Some-college,10,Married-civ-spouse,Transport-moving,Husband,White,Male,0,0,40,United-States,0
38,Private,166416,HS-grad,9,Married-civ-spouse,Machine-op-inspct,Husband,White,Male,0,0,40,United-States,0
42,Self-emp-not-inc,269733,Masters,14,Married-civ-spouse,Sales,Husband,White,Male,99999,0,80,United-States,1
19,Private,178147,HS-grad,9,Never-married,Sales,Own-child,White,Male,0,0,35,United-States,0
24,Private,88824,Bachelors,13,Never-married,Tech-support,Not-in-family,White,Male,0,0,40,United-States,0
40,Private,79531,Bachelors,13,Married-civ-spouse,Exec-managerial,Husband,White,Male,0,0,75,United-States,1
39,Private,70240,Some-college,10,Married-civ-spouse,Sales,Wife,Asian-Pac-Islander,Female,0,0,40,Philippines,0
54,Private,36480,HS-grad,9,Married-civ-spouse,Sales,Husband,White,Male,15024,0,50,United-States,1
34,Private,258170,HS-grad,9,Divorced,Exec-managerial,Unmarried,White,Female,0,0,38,United-States,0
35,Private,31964,Bachelors,13,Married-civ-spouse,Sales,Husband,White,Male,0,0,50,United-States,1
46,Private,263568,HS-grad,9,Married-civ-spouse,Machine-op-inspct,Husband,White,Male,0,0,40,United-States,0
22,Private,351952,Some-college,10,Never-married,Prof-specialty,Unmarried,White,Female,0,0,20,United-States,0
21,Private,327797,Some-college,10,Divorced,Sales,Not-in-family,White,Female,0,0,40,United-States,0
27,Private,133937,Masters,14,Never-married,Sales,Own-child,White,Male,0,0,40,United-States,0
55,Private,174662,HS-grad,9,Married-civ-spouse,Transport-moving,Husband,White,Male,0,0,32,United-States,0
28,Private,301010,11th,7,Never-married,Other-service,Not-in-family,Black,Male,0,0,40,United-States,0
41,Private,373403,Bachelors,13,Married-civ-spouse,Prof-specialty,Husband,White,Male,0,0,40,United-States,1
24,Private,287357,11th,7,Married-civ-spouse,Protective-serv,Husband,White,Male,0,0,40,United-States,0
25,Private,306513,Some-college,10,Married-civ-spouse,Adm-clerical,Husband,White,Male,0,0,45,United-States,0
42,State-gov,304302,HS-grad,9,Married-civ-spouse,Transport-moving,Husband,Amer-Indian-Eskimo,Male,0,0,40,United-States,0
36,Private,131459,7th-8th,4,Married-civ-spouse,Craft-repair,Husband,White,Male,0,0,40,United-States,0
32,Private,237478,11th,7,Divorced,Machine-op-inspct,Unmarried,White,Female,0,0,40,United-States,0
50,Private,138852,Some-college,10,Divorced,Craft-repair,Not-in-family,White,Male,4650,0,22,United-States,0
19,Private,284652,Some-college,10,Never-married,Adm-clerical,Own-child,White,Female,0,0,15,United-States,0
72,Private,74749,HS-grad,9,Married-civ-spouse,Sales,Wife,White,Female,0,0,17,United-States,0
36,Private,76878,HS-grad,9,Married-civ-spouse,Machine-op-inspct,Husband,White,Male,5178,0,40,United-States,1
35,,153926,HS-grad,9,Married-civ-spouse,,Wife,Black,Female,0,0,40,United-States,0
53,Local-gov,324021,Some-college,10,Divorced,Other-service,Not-in-family,White,Female,0,0,40,United-States,0
48,Private,125892,Bachelors,13,Married-civ-spouse,Tech-support,Husband,White,Male,0,0,40,United-States,1
58,Private,197642,Some-college,10,Never-married,Adm-clerical,Not-in-family,White,Female,0,0,39,United-States,0
41,Self-emp-not-inc,219869,Some-college,10,Widowed,Farming-fishing,Unmarried,White,Male,0,0,40,United-States,0
36,State-gov,212143,Bachelors,13,Married-civ-spouse,Adm-clerical,Wife,White,Female,0,0,20,United-States,1
59,Private,243226,10th,6,Divorced,Machine-op-inspct,Not-in-family,White,Female,0,0,40,United-States,0
35,Private,257042,Some-college,10,Married-civ-spouse,Prof-specialty,Husband,White,Male,0,0,50,United-States,0
18,Private,186909,HS-grad,9,Never-married,Sales,Other-relative,White,Female,1055,0,30,United-States,0
59,,120617,Some-college,10,Never-married,,Not-in-family,Black,Female,0,0,40,United-States,0
36,Private,193815,Some-college,10,Married-civ-spouse,Craft-repair,Husband,White,Male,0,0,50,United-States,1
18,Private,270502,11th,7,Never-married,Exec-managerial,Own-child,White,Female,0,0,20,United-States,0
23,Private,520231,Some-college,10,Never-married,Prof-specialty,Not-in-family,White,Female,0,0,45,United-States,0
41,Private,77373,Some-college,10,Married-civ-spouse,Transport-moving,Husband,White,Male,0,1848,65,United-States,1
66,Self-emp-not-inc,252842,HS-grad,9,Never-married,Farming-fishing,Other-relative,White,Male,0,0,20,United-States,0
44,Self-emp-not-inc,208277,HS-grad,9,Married-civ-spouse,Machine-op-inspct,Wife,White,Female,0,0,45,United-States,0
20,Private,95552,HS-grad,9,Never-married,Sales,Own-child,White,Male,0,0,40,United-States,0
62,Private,138157,HS-grad,9,Married-civ-spouse,Machine-op-inspct,Husband,White,Male,0,0,40,United-States,0
24,Private,86153,Some-college,10,Never-married,Adm-clerical,Not-in-family,White,Female,0,0,40,United-States,0
38,Private,272950,Some-college,10,Never-married,Sales,Not-in-family,White,Male,0,0,50,United-States,0
41,Private,204046,HS-grad,9,Married-civ-spouse,Craft-repair,Husband,White,Male,0,0,40,United-States,0
21,,219835,Assoc-voc,11,Never-married,,Not-in-family,White,Male,0,0,40,United-States,0
43,State-gov,308498,HS-grad,9,Married-spouse-absent,Exec-managerial,Unmarried,White,Female,0,0,40,United-States,0
47,Federal-gov,55377,Bachelors,13,Never-married,Adm-clerical,Unmarried,Black,Male,0,0,40,United-States,1
61,Private,179743,HS-grad,9,Married-civ-spouse,Craft-repair,Husband,White,Male,0,2051,20,United-States,0
31,Private,58582,Some-college,10,Never-married,Craft-repair,Not-in-family,White,Male,0,0,46,United-States,0
59,State-gov,186308,Masters,14,Married-civ-spouse,Prof-specialty,Husband,White,Male,0,0,50,United-States,0
17,Private,265657,11th,7,Never-married,Other-service,Own-child,White,Male,0,0,25,United-States,0
39,Self-emp-not-inc,231180,HS-grad,9,Married-civ-spouse,Other-service,Husband,White,Male,0,0,50,United-States,0
20,Private,63210,HS-grad,9,Never-married,Handlers-cleaners,Own-child,White,Male,0,0,15,United-States,0
37,Self-emp-inc,126675,Assoc-voc,11,Married-civ-spouse,Sales,Husband,White,Male,0,0,60,United-States,1
33,Private,93034,Assoc-voc,11,Married-civ-spouse,Craft-repair,Husband,Asian-Pac-Islander,Male,0,0,40,Laos,0
57,State-gov,202765,HS-grad,9,Married-civ-spouse,Craft-repair,Husband,White,Male,0,0,40,United-States,0
20,Private,32732,Some-college,10,Never-married,Other-service,Not-in-family,White,Male,0,0,45,United-States,0
36,Private,287658,HS-grad,9,Never-married,Adm-clerical,Own-child,Black,Male,0,0,40,United-States,0
27,Self-emp-not-inc,107846,HS-grad,9,Never-married,Protective-serv,Not-in-family,White,Male,0,0,30,United-States,0
39,Local-gov,131239,Masters,14,Married-civ-spouse,Prof-specialty,Husband,White,Male,0,0,40,United-States,0
19,Private,183258,HS-grad,9,Never-married,Craft-repair,Own-child,White,Male,0,0,40,United-States,0
61,Private,149405,HS-grad,9,Married-civ-spouse,Other-service,Husband,Black,Male,0,0,40,United-States,0
28,Private,163265,9th,5,Married-civ-spouse,Sales,Husband,White,Male,4508,0,40,United-States,0
44,Private,283174,Bachelors,13,Married-civ-spouse,Adm-clerical,Husband,White,Male,0,0,40,United-States,1
40,Private,109217,11th,7,Married-civ-spouse,Craft-repair,Husband,White,Male,0,0,45,Mexico,0
53,Private,155403,HS-grad,9,Divorced,Other-service,Unmarried,Black,Female,0,0,20,United-States,0
40,Private,343068,Some-college,10,Divorced,Exec-managerial,Not-in-family,White,Female,0,0,40,United-States,0
36,Private,76417,HS-grad,9,Married-civ-spouse,Craft-repair,Husband,White,Male,0,0,52,United-States,0
17,,161981,10th,6,Never-married,,Own-child,White,Male,0,0,40,United-States,0
47,Private,160474,HS-grad,9,Married-civ-spouse,Exec-managerial,Wife,White,Female,0,0,30,United-States,1
46,Private,309895,Some-college,10,Separated,Adm-clerical,Unmarried,White,Female,0,0,40,United-States,0
35,Private,306868,Some-college,10,Never-married,Sales,Not-in-family,White,Male,0,0,65,United-States,0
35,Private,322171,Some-college,10,Married-civ-spouse,Other-service,Wife,White,Female,0,0,40,United-States,1
60,Federal-gov,404023,HS-grad,9,Divorced,Exec-managerial,Not-in-family,White,Male,10520,0,40,United-States,1
46,Private,147519,Some-college,10,Divorced,Sales,Not-in-family,White,Female,0,0,80,United-States,0
64,Private,118944,Some-college,10,Married-civ-spouse,Exec-managerial,Wife,White,Female,0,0,40,United-States,1
29,Self-emp-not-inc,337505,Some-college,10,Married-civ-spouse,Craft-repair,Husband,Asian-Pac-Islander,Male,0,0,40,South,0
39,Private,322143,12th,8,Married-civ-spouse,Transport-moving,Husband,White,Male,15024,0,70,United-States,1
38,Private,43770,Some-college,10,Separated,Other-service,Not-in-family,White,Female,4650,0,72,United-States,0
53,Private,277772,HS-grad,9,Divorced,Handlers-cleaners,Unmarried,Black,Female,0,0,40,United-States,0
31,Private,295697,HS-grad,9,Separated,Other-service,Unmarried,Black,Female,0,0,40,United-States,0
25,Private,206600,9th,5,Never-married,Machine-op-inspct,Other-relative,White,Male,0,0,48,Mexico,0
24,Private,51973,Bachelors,13,Never-married,Prof-specialty,Own-child,White,Female,0,0,20,United-States,0
38,Private,248886,HS-grad,9,Married-civ-spouse,Adm-clerical,Husband,White,Male,0,0,42,United-States,0
39,Private,99357,Masters,14,Divorced,Prof-specialty,Own-child,White,Female,1506,0,40,United-States,0
57,Self-emp-not-inc,253914,1st-4th,2,Married-civ-spouse,Sales,Husband,White,Male,0,0,35,Mexico,0
28,Private,187160,Prof-school,15,Divorced,Prof-specialty,Unmarried,White,Male,0,0,55,United-States,0
21,Private,118693,Some-college,10,Never-married,Handlers-cleaners,Own-child,White,Male,0,0,40,United-States,0
51,Private,74784,Bachelors,13,Divorced,Sales,Not-in-family,White,Female,0,0,60,United-States,0
31,Self-emp-not-inc,206609,10th,6,Never-married,Transport-moving,Not-in-family,White,Male,0,2205,60,United-States,0
38,Self-emp-inc,66687,HS-grad,9,Married-civ-spouse,Exec-managerial,Husband,White,Male,5178,0,50,Portugal,1
31,Private,186787,HS-grad,9,Never-married,Craft-repair,Own-child,White,Male,0,0,42,United-States,0
22,Private,228465,HS-grad,9,Married-civ-spouse,Transport-moving,Husband,Black,Male,0,0,40,United-States,0
27,Private,177761,Some-college,10,Married-civ-spouse,Farming-fishing,Husband,Other,Male,0,0,50,United-States,0
59,Private,208395,Masters,14,Divorced,Prof-specialty,Not-in-family,White,Male,0,0,50,United-States,0
28,Private,377869,Some-college,10,Married-civ-spouse,Sales,Wife,White,Female,4064,0,25,United-States,0
67,Private,217028,Masters,14,Never-married,Other-service,Not-in-family,White,Female,0,0,40,United-States,0
49,Local-gov,34021,Bachelors,13,Never-married,Prof-specialty,Own-child,White,Female,0,0,50,United-States,0
21,Private,201179,HS-grad,9,Never-married,Adm-clerical,Own-child,White,Male,0,0,40,United-States,0
36,Private,186819,Assoc-acdm,12,Married-civ-spouse,Craft-repair,Husband,White,Male,0,0,52,United-States,1
57,Private,143266,Bachelors,13,Married-civ-spouse,Exec-managerial,Husband,White,Male,7298,0,60,,1
24,Private,237386,Some-college,10,Never-married,Exec-managerial,Not-in-family,White,Male,0,0,42,United-States,0
37,Private,249208,Assoc-voc,11,Married-civ-spouse,Prof-specialty,Husband,White,Male,0,0,48,United-States,1
22,Private,213902,HS-grad,9,Never-married,Adm-clerical,Unmarried,White,Female,0,0,40,Mexico,0
35,Private,341643,Some-college,10,Married-civ-spouse,Machine-op-inspct,Husband,White,Male,0,0,40,United-States,0
56,Private,103948,11th,7,Married-civ-spouse,Transport-moving,Husband,White,Male,0,0,40,United-States,0
25,,177812,Bachelors,13,Never-married,,Not-in-family,White,Male,0,0,40,United-States,0
37,Private,267085,Some-college,10,Married-civ-spouse,Craft-repair,Husband,White,Male,0,0,40,United-States,0
38,State-gov,142282,Bachelors,13,Never-married,Prof-specialty,Not-in-family,White,Female,0,0,40,United-States,0
54,Private,100933,HS-grad,9,Never-married,Adm-clerical,Unmarried,White,Female,0,0,40,United-States,0
42,Private,250121,11th,7,Married-civ-spouse,Other-service,Wife,White,Female,0,0,40,United-States,0
21,,123983,Some-college,10,Never-married,,Own-child,Other,Male,0,0,20,United-States,0
43,Federal-gov,192712,Some-college,10,Married-civ-spouse,Prof-specialty,Wife,White,Female,0,0,40,United-States,1
41,Local-gov,111891,7th-8th,4,Never-married,Other-service,Unmarried,Black,Female,0,0,40,United-States,0
54,Private,127704,7th-8th,4,Separated,Craft-repair,Not-in-family,White,Male,0,0,40,United-States,0
21,Private,156807,HS-grad,9,Never-married,Other-service,Own-child,Black,Male,0,0,10,United-States,0
29,Private,246933,HS-grad,9,Never-married,Adm-clerical,Other-relative,White,Male,0,0,40,Mexico,0
38,Private,172538,HS-grad,9,Married-civ-spouse,Sales,Husband,White,Male,0,0,55,United-States,0
36,Private,31438,11th,7,Married-civ-spouse,Transport-moving,Husband,White,Male,0,0,43,United-States,0
69,Private,150600,HS-grad,9,Married-civ-spouse,Sales,Husband,White,Male,0,0,35,United-States,0
40,Private,233320,7th-8th,4,Separated,Other-service,Not-in-family,White,Female,0,0,25,United-States,0
50,Self-emp-not-inc,124793,Some-college,10,Married-civ-spouse,Craft-repair,Husband,White,Male,0,0,55,United-States,0
62,Local-gov,194276,Masters,14,Married-civ-spouse,Prof-specialty,Husband,White,Male,7688,0,40,United-States,1
30,Private,236861,HS-grad,9,Never-married,Exec-managerial,Not-in-family,White,Male,0,1876,45,United-States,0
32,Self-emp-not-inc,455995,Bachelors,13,Divorced,Exec-managerial,Not-in-family,White,Male,0,0,50,United-States,1
34,Self-emp-inc,154227,Some-college,10,Never-married,Sales,Not-in-family,White,Male,0,0,75,United-States,0
67,Private,221281,HS-grad,9,Divorced,Adm-clerical,Not-in-family,White,Female,0,0,15,United-States,0
56,Private,204816,HS-grad,9,Married-civ-spouse,Sales,Husband,White,Male,0,0,55,United-States,1
21,Private,122048,Some-college,10,Never-married,Adm-clerical,Own-child,White,Female,0,0,29,United-States,0
51,Private,93690,HS-grad,9,Married-civ-spouse,Exec-managerial,Husband,White,Male,0,0,40,United-States,1
32,Private,257863,Bachelors,13,Never-married,Adm-clerical,Not-in-family,White,Female,0,0,50,United-States,0
37,Private,192939,HS-grad,9,Married-civ-spouse,Transport-moving,Husband,White,Male,0,0,40,United-States,0
39,Private,278557,Assoc-voc,11,Married-civ-spouse,Craft-repair,Husband,White,Male,0,1628,48,United-States,0
41,State-gov,175537,Some-college,10,Divorced,Machine-op-inspct,Not-in-family,Black,Female,0,0,38,United-States,0
22,Federal-gov,274103,Bachelors,13,Never-married,Prof-specialty,Own-child,White,Male,0,0,10,United-States,0
65,Private,115922,11th,7,Divorced,Handlers-cleaners,Not-in-family,White,Male,0,0,24,United-States,0
45,Federal-gov,235891,Assoc-acdm,12,Never-married,Adm-clerical,Not-in-family,White,Male,0,0,40,Columbia,0
22,,367655,Some-college,10,Never-married,,Own-child,White,Male,0,0,40,United-States,0
38,Private,167725,Bachelors,13,Married-spouse-absent,Transport-moving,Not-in-family,Other,Male,0,0,84,India,0
76,Private,199949,9th,5,Married-civ-spouse,Protective-serv,Husband,White,Male,0,0,13,United-States,0
39,Private,134367,Masters,14,Married-civ-spouse,Prof-specialty,Wife,White,Female,0,1977,24,United-States,1
42,Local-gov,46094,Bachelors,13,Divorced,Transport-moving,Not-in-family,White,Male,0,0,33,United-States,0
65,Private,113323,Bachelors,13,Married-civ-spouse,Exec-managerial,Husband,White,Male,0,0,40,United-States,1
52,Private,31533,HS-grad,9,Divorced,Other-service,Not-in-family,White,Male,0,0,40,United-States,0
19,Private,201743,Some-college,10,Never-married,Other-service,Own-child,White,Female,0,0,26,United-States,0
42,Self-emp-not-inc,238188,HS-grad,9,Married-civ-spouse,Transport-moving,Husband,White,Male,0,0,96,United-States,0
44,Self-emp-not-inc,35166,Some-college,10,Married-civ-spouse,Farming-fishing,Husband,White,Male,0,0,75,United-States,0
33,Local-gov,177695,HS-grad,9,Married-civ-spouse,Other-service,Husband,Amer-Indian-Eskimo,Male,0,0,40,United-States,0
27,Private,103164,11th,7,Married-civ-spouse,Craft-repair,Husband,White,Male,0,0,40,United-States,0
18,Private,231193,12th,8,Never-married,Machine-op-inspct,Own-child,White,Male,0,0,30,United-States,0
53,Private,238481,Assoc-voc,11,Married-civ-spouse,Exec-managerial,Husband,White,Male,0,1485,40,United-States,0
29,State-gov,48634,Bachelors,13,Never-married,Protective-serv,Own-child,White,Female,0,0,40,United-States,0
70,Private,291998,Some-college,10,Married-civ-spouse,Sales,Husband,White,Male,20051,0,65,United-States,1
24,Private,284317,Bachelors,13,Never-married,Sales,Not-in-family,White,Female,0,0,40,United-States,0
18,Private,163332,HS-grad,9,Never-married,Sales,Own-child,White,Female,0,0,22,United-States,0
49,Private,225454,Assoc-acdm,12,Married-civ-spouse,Prof-specialty,Husband,White,Male,0,0,45,United-States,1
42,Private,234633,Bachelors,13,Married-civ-spouse,Prof-specialty,Husband,White,Male,0,0,50,United-States,1
24,Private,194604,Bachelors,13,Never-married,Sales,Own-child,White,Female,0,0,15,United-States,0
55,Private,335276,Some-college,10,Never-married,Adm-clerical,Own-child,White,Female,0,0,40,United-States,0
27,Private,175821,HS-grad,9,Married-civ-spouse,Adm-clerical,Wife,White,Female,0,0,34,United-States,0
38,Private,99138,Bachelors,13,Never-married,Exec-managerial,Not-in-family,White,Female,0,0,38,United-States,0
19,Private,86143,HS-grad,9,Never-married,Sales,Own-child,Asian-Pac-Islander,Male,0,0,20,Philippines,0
29,Private,349116,HS-grad,9,Separated,Sales,Unmarried,White,Female,0,0,25,United-States,0
21,Private,178255,Some-college,10,Never-married,Adm-clerical,Not-in-family,White,Female,0,0,30,Columbia,0
30,Private,381153,Some-college,10,Married-civ-spouse,Craft-repair,Husband,White,Male,0,0,40,United-States,0
43,Self-emp-not-inc,316820,Some-college,10,Married-civ-spouse,Farming-fishing,Husband,White,Male,0,0,84,United-States,0
56,Self-emp-not-inc,144351,HS-grad,9,Married-civ-spouse,Transport-moving,Husband,White,Male,0,0,90,United-States,0
53,Private,29658,HS-grad,9,Married-civ-spouse,Craft-repair,Husband,White,Male,0,0,40,United-States,1
24,Federal-gov,283918,Some-college,10,Divorced,Adm-clerical,Unmarried,Black,Female,0,0,25,United-States,0
18,Private,266287,12th,8,Never-married,Sales,Own-child,White,Female,0,0,35,United-States,0
22,Private,197200,Some-college,10,Never-married,Handlers-cleaners,Own-child,White,Male,0,0,40,United-States,0
17,Private,213354,11th,7,Never-married,Handlers-cleaners,Own-child,White,Male,0,0,6,United-States,0
33,Federal-gov,137184,Assoc-acdm,12,Divorced,Exec-managerial,Unmarried,White,Male,0,0,50,United-States,1
53,Private,72257,Some-college,10,Married-civ-spouse,Exec-managerial,Husband,White,Male,0,0,55,United-States,0
45,Private,358701,12th,8,Never-married,Other-service,Own-child,White,Male,0,0,10,Mexico,0
41,Private,202508,HS-grad,9,Married-civ-spouse,Machine-op-inspct,Husband,White,Male,0,0,48,United-States,0
30,Private,36340,HS-grad,9,Never-married,Adm-clerical,Unmarried,White,Female,0,0,24,United-States,0
54,Private,182314,Doctorate,16,Married-civ-spouse,Exec-managerial,Husband,White,Male,0,1977,50,United-States,1
24,Private,86745,Bachelors,13,Never-married,Adm-clerical,Other-relative,Asian-Pac-Islander,Female,0,0,16,United-States,0
52,Private,22154,Some-college,10,Married-civ-spouse,Sales,Husband,White,Male,0,0,40,United-States,0
42,Private,444134,HS-grad,9,Married-civ-spouse,Transport-moving,Husband,White,Male,0,0,40,United-States,0
26,Private,82246,Bachelors,13,Never-married,Exec-managerial,Not-in-family,White,Male,0,1876,38,United-States,0
23,Private,120601,Assoc-voc,11,Married-civ-spouse,Craft-repair,Husband,Black,Male,0,0,40,United-States,0
21,Private,198431,HS-grad,9,Never-married,Handlers-cleaners,Not-in-family,White,Female,0,0,40,United-States,0
44,Private,213416,5th-6th,3,Married-civ-spouse,Machine-op-inspct,Husband,White,Male,0,0,40,Mexico,0
56,Private,147653,Some-college,10,Married-civ-spouse,Exec-managerial,Wife,White,Female,0,0,50,United-States,0
66,Private,236879,Preschool,1,Widowed,Priv-house-serv,Other-relative,White,Female,0,0,40,Guatemala,0
33,Local-gov,511289,Assoc-voc,11,Married-civ-spouse,Protective-serv,Husband,White,Male,0,0,48,United-States,1
26,Private,103700,Some-college,10,Never-married,Tech-support,Own-child,White,Female,0,0,40,United-States,0
62,Local-gov,113443,Masters,14,Divorced,Prof-specialty,Not-in-family,White,Female,10520,0,33,United-States,1
42,Private,154076,HS-grad,9,Married-civ-spouse,Prof-specialty,Husband,White,Male,7688,0,50,United-States,1
33,Private,240979,Some-college,10,Never-married,Exec-managerial,Not-in-family,White,Male,0,0,40,United-States,0
28,Private,113922,HS-grad,9,Separated,Transport-moving,Own-child,White,Female,0,0,17,United-States,0
31,Private,176969,Bachelors,13,Never-married,Exec-managerial,Not-in-family,White,Male,0,0,55,United-States,0
32,Private,213179,Some-college,10,Divorced,Craft-repair,Own-child,White,Male,0,0,40,United-States,1
39,Private,168894,Bachelors,13,Divorced,Adm-clerical,Unmarried,White,Female,0,0,20,United-States,0
63,Private,122442,12th,8,Married-civ-spouse,Craft-repair,Husband,White,Male,0,0,40,United-States,0
51,Federal-gov,293196,Some-college,10,Married-civ-spouse,Prof-specialty,Husband,White,Male,0,0,40,United-States,1
33,Self-emp-not-inc,155343,Some-college,10,Never-married,Farming-fishing,Not-in-family,White,Male,0,0,72,United-States,0
53,,201062,HS-grad,9,Married-civ-spouse,,Wife,Black,Female,0,0,2,United-States,0
38,Private,34378,7th-8th,4,Married-civ-spouse,Craft-repair,Husband,White,Male,0,0,40,United-States,0
66,Private,116468,Masters,14,Married-civ-spouse,Prof-specialty,Husband,White,Male,2936,0,20,United-States,0
27,Private,122038,HS-grad,9,Married-civ-spouse,Craft-repair,Husband,White,Male,0,0,48,United-States,0
36,State-gov,437890,HS-grad,9,Never-married,Exec-managerial,Unmarried,Black,Male,0,0,90,United-States,0
24,Federal-gov,127185,Assoc-acdm,12,Married-civ-spouse,Exec-managerial,Wife,White,Female,0,0,40,United-States,0
27,Local-gov,162973,Assoc-voc,11,Never-married,Protective-serv,Not-in-family,White,Male,0,0,56,United-States,0
17,Private,99237,11th,7,Never-married,Handlers-cleaners,Own-child,White,Male,0,0,30,United-States,0
41,Private,174373,HS-grad,9,Married-civ-spouse,Sales,Husband,White,Male,0,0,30,United-States,1
39,Private,164866,HS-grad,9,Married-civ-spouse,Machine-op-inspct,Husband,White,Male,0,0,42,United-States,1
30,Private,88913,Some-college,10,Separated,Other-service,Unmarried,Asian-Pac-Islander,Female,0,0,40,United-States,0
36,Self-emp-not-inc,285020,HS-grad,9,Married-civ-spouse,Craft-repair,Husband,White,Male,2885,0,40,United-States,0
28,Private,203776,10th,6,Married-civ-spouse,Craft-repair,Husband,White,Male,0,0,50,United-States,0
53,Private,194259,Some-college,10,Married-civ-spouse,Adm-clerical,Wife,White,Female,4386,0,40,United-States,1
19,Private,166153,HS-grad,9,Never-married,Sales,Own-child,White,Female,0,0,30,United-States,0
38,Private,447346,Some-college,10,Married-civ-spouse,Craft-repair,Husband,White,Male,0,0,36,United-States,1
18,Private,105854,HS-grad,9,Never-married,Craft-repair,Other-relative,Other,Male,0,0,32,United-States,0
46,Private,155890,Bachelors,13,Married-civ-spouse,Transport-moving,Husband,White,Male,0,0,40,United-States,1
55,Private,236520,Assoc-voc,11,Married-civ-spouse,Craft-repair,Husband,White,Male,0,0,40,United-States,1
43,Private,102895,Some-college,10,Divorced,Prof-specialty,Not-in-family,White,Male,0,0,40,United-States,0
45,Private,353824,Some-college,10,Married-civ-spouse,Handlers-cleaners,Husband,White,Male,0,0,40,United-States,1
57,Private,289605,9th,5,Never-married,Craft-repair,Not-in-family,White,Male,0,1617,35,United-States,0
39,Private,284166,HS-grad,9,Never-married,Craft-repair,Not-in-family,White,Male,0,1564,50,United-States,1
55,Private,104996,7th-8th,4,Married-civ-spouse,Craft-repair,Husband,White,Male,0,0,10,United-States,0
26,Private,104830,Masters,14,Never-married,Exec-managerial,Not-in-family,White,Female,594,0,35,United-States,0
49,Private,123584,11th,7,Married-civ-spouse,Transport-moving,Husband,White,Male,0,0,75,United-States,0
30,Private,247156,HS-grad,9,Never-married,Transport-moving,Own-child,Black,Male,0,0,40,United-States,0
46,Private,241844,9th,5,Married-civ-spouse,Other-service,Husband,White,Male,0,0,40,United-States,0
32,Private,46746,Some-college,10,Divorced,Craft-repair,Unmarried,White,Male,0,0,40,United-States,0
31,Private,176711,HS-grad,9,Divorced,Craft-repair,Not-in-family,White,Male,0,0,40,United-States,0
17,Self-emp-inc,183784,10th,6,Never-married,Sales,Own-child,White,Male,0,0,15,United-States,0
39,Self-emp-not-inc,122852,HS-grad,9,Married-civ-spouse,Transport-moving,Husband,White,Male,0,0,45,United-States,1
51,Private,162632,HS-grad,9,Married-civ-spouse,Transport-moving,Husband,White,Male,7298,0,60,United-States,1
31,Self-emp-inc,41493,Bachelors,13,Never-married,Farming-fishing,Not-in-family,White,Female,0,0,45,United-States,0
47,Self-emp-not-inc,114222,Assoc-acdm,12,Married-civ-spouse,Exec-managerial,Husband,White,Male,0,0,25,United-States,0
35,Self-emp-not-inc,194404,Assoc-acdm,12,Never-married,Farming-fishing,Not-in-family,White,Male,0,0,40,United-States,0
20,Private,35448,Some-college,10,Never-married,Adm-clerical,Own-child,White,Female,0,0,12,United-States,0
21,Private,164920,Some-college,10,Never-married,Other-service,Own-child,White,Female,0,0,40,United-States,0
54,Private,140359,7th-8th,4,Divorced,Machine-op-inspct,Unmarried,White,Female,0,3900,40,United-States,0
19,,71592,Some-college,10,Never-married,,Own-child,Asian-Pac-Islander,Female,0,0,40,United-States,0
33,Private,267859,Some-college,10,Married-civ-spouse,Exec-managerial,Husband,White,Male,0,0,40,Cuba,1
30,Private,121142,Bachelors,13,Never-married,Sales,Not-in-family,White,Male,0,0,40,United-States,1
41,Private,590204,Masters,14,Married-civ-spouse,Prof-specialty,Wife,White,Female,15024,0,40,United-States,1
41,Private,165815,HS-grad,9,Married-civ-spouse,Craft-repair,Husband,White,Male,0,0,40,United-States,1
28,,167094,10th,6,Divorced,,Not-in-family,White,Male,0,0,50,United-States,0
30,Private,398662,HS-grad,9,Never-married,Machine-op-inspct,Own-child,White,Male,0,0,40,United-States,0
30,Private,177675,HS-grad,9,Never-married,Machine-op-inspct,Other-relative,White,Male,0,0,40,United-States,0
21,Private,238899,Bachelors,13,Never-married,Sales,Own-child,Black,Female,0,0,30,United-States,0
21,Private,240517,Some-college,10,Never-married,Machine-op-inspct,Own-child,White,Female,0,0,70,United-States,0
20,Private,34446,HS-grad,9,Never-married,Other-service,Not-in-family,White,Female,0,0,20,United-States,0
56,Private,238638,7th-8th,4,Married-civ-spouse,Craft-repair,Husband,White,Male,0,0,40,United-States,0
22,Private,126822,10th,6,Never-married,Sales,Own-child,White,Female,0,0,30,United-States,0
48,,289517,Some-college,10,Never-married,,Not-in-family,White,Male,0,0,35,United-States,0
54,Private,105428,HS-grad,9,Divorced,Craft-repair,Not-in-family,White,Male,0,1741,40,United-States,0
31,Private,169122,HS-grad,9,Divorced,Other-service,Not-in-family,White,Male,0,0,28,United-States,0
25,Private,76978,HS-grad,9,Never-married,Sales,Unmarried,Black,Female,0,0,35,United-States,0
50,Federal-gov,191013,HS-grad,9,Separated,Sales,Other-relative,Amer-Indian-Eskimo,Female,0,0,40,United-States,0
23,Private,42251,Bachelors,13,Never-married,Prof-specialty,Not-in-family,White,Female,0,0,40,United-States,0
36,Local-gov,206951,Some-college,10,Married-civ-spouse,Protective-serv,Husband,White,Male,0,0,40,United-States,0
26,,40032,Bachelors,13,Never-married,,Not-in-family,White,Female,0,0,40,United-States,0
20,Private,126038,Some-college,10,Never-married,Other-service,Own-child,White,Female,0,0,20,United-States,0
41,Self-emp-not-inc,97277,Assoc-voc,11,Divorced,Other-service,Unmarried,White,Female,0,0,10,United-States,0
30,Local-gov,154935,Assoc-acdm,12,Never-married,Protective-serv,Not-in-family,Black,Male,0,0,40,United-States,0
43,Self-emp-not-inc,116632,Assoc-voc,11,Married-civ-spouse,Sales,Husband,White,Male,0,1887,45,United-States,1
27,Private,197380,Assoc-acdm,12,Never-married,Prof-specialty,Not-in-family,White,Male,0,0,40,United-States,0
21,,403860,Some-college,10,Never-married,,Own-child,White,Male,0,0,40,United-States,0
67,,129824,7th-8th,4,Widowed,,Not-in-family,White,Female,0,0,6,United-States,0
45,Self-emp-not-inc,40666,Assoc-voc,11,Married-civ-spouse,Farming-fishing,Husband,White,Male,2885,0,60,United-States,0
34,Private,106014,Some-college,10,Never-married,Other-service,Not-in-family,White,Male,0,0,40,United-States,0
60,Private,106850,10th,6,Divorced,Machine-op-inspct,Not-in-family,White,Female,0,0,40,United-States,0
60,Self-emp-not-inc,88055,Some-college,10,Married-civ-spouse,Craft-repair,Husband,White,Male,0,0,24,United-States,0
36,Private,265881,HS-grad,9,Divorced,Machine-op-inspct,Unmarried,White,Female,0,0,40,United-States,0
36,Private,257691,Bachelors,13,Never-married,Sales,Not-in-family,White,Female,0,0,20,United-States,0
41,Private,231689,HS-grad,9,Married-civ-spouse,Craft-repair,Husband,White,Male,0,0,40,United-States,1
23,Private,62278,HS-grad,9,Never-married,Craft-repair,Unmarried,White,Male,0,0,40,United-States,0
77,,180425,Masters,14,Married-civ-spouse,,Husband,White,Male,0,0,25,United-States,0
37,Private,127048,Some-college,10,Married-civ-spouse,Adm-clerical,Wife,White,Female,0,0,40,United-States,0
51,Private,120173,Assoc-voc,11,Married-civ-spouse,Craft-repair,Husband,White,Male,3103,0,50,United-States,1
64,Federal-gov,388594,Prof-school,15,Married-civ-spouse,Prof-specialty,Husband,White,Male,15024,0,45,,1
31,Private,323055,HS-grad,9,Married-civ-spouse,Transport-moving,Husband,White,Male,0,0,50,United-States,1
47,Private,285335,Some-college,10,Married-civ-spouse,Craft-repair,Husband,White,Male,0,0,50,United-States,1
22,Private,198244,HS-grad,9,Never-married,Adm-clerical,Not-in-family,White,Female,0,0,39,United-States,0
37,Private,51264,Doctorate,16,Married-civ-spouse,Prof-specialty,Husband,White,Male,0,0,99,France,1
60,Private,74422,5th-6th,3,Married-civ-spouse,Farming-fishing,Husband,White,Male,0,0,44,Mexico,0
40,Private,230961,Some-college,10,Married-civ-spouse,Sales,Husband,White,Male,0,0,40,United-States,0
43,Private,113324,HS-grad,9,Married-civ-spouse,Craft-repair,Husband,White,Male,0,1902,40,United-States,1
26,Private,152452,Bachelors,13,Married-civ-spouse,Tech-support,Husband,White,Male,0,0,50,United-States,0
48,Private,129777,HS-grad,9,Widowed,Adm-clerical,Unmarried,White,Female,0,0,40,United-States,0
26,Private,163747,Bachelors,13,Never-married,Sales,Not-in-family,White,Female,0,0,55,United-States,0
20,Federal-gov,119156,HS-grad,9,Never-married,Adm-clerical,Other-relative,White,Male,0,0,20,United-States,0
30,Private,101266,HS-grad,9,Married-civ-spouse,Protective-serv,Husband,White,Male,0,0,40,United-States,0
47,Private,334039,Bachelors,13,Married-civ-spouse,Exec-managerial,Husband,White,Male,7298,0,44,United-States,1
57,Private,200453,HS-grad,9,Married-civ-spouse,Craft-repair,Husband,White,Male,15024,0,40,United-States,1
63,State-gov,266565,HS-grad,9,Divorced,Adm-clerical,Not-in-family,White,Female,0,0,27,United-States,0
55,Private,123515,HS-grad,9,Divorced,Adm-clerical,Not-in-family,White,Female,0,0,40,United-States,0
36,Private,183892,Some-college,10,Married-civ-spouse,Craft-repair,Husband,White,Male,7298,0,44,United-States,1
36,Private,269318,Bachelors,13,Married-civ-spouse,Exec-managerial,Husband,White,Male,0,0,50,United-States,1
60,Private,85815,HS-grad,9,Married-civ-spouse,Craft-repair,Husband,Asian-Pac-Islander,Male,0,0,40,United-States,0
44,Self-emp-not-inc,234885,HS-grad,9,Married-civ-spouse,Sales,Wife,White,Female,0,0,40,United-States,1
44,Private,151089,Masters,14,Married-civ-spouse,Prof-specialty,Husband,White,Male,0,1887,60,United-States,1
80,Private,138050,HS-grad,9,Married-spouse-absent,Machine-op-inspct,Not-in-family,White,Female,0,0,16,United-States,0
37,Self-emp-inc,291518,Bachelors,13,Married-civ-spouse,Craft-repair,Husband,White,Male,15024,0,55,United-States,1
44,State-gov,166597,Masters,14,Married-civ-spouse,Adm-clerical,Husband,White,Male,0,0,40,United-States,1
59,Self-emp-not-inc,241297,Some-college,10,Widowed,Farming-fishing,Not-in-family,White,Female,6849,0,40,United-States,0
29,Private,262758,Assoc-acdm,12,Never-married,Other-service,Unmarried,Black,Male,0,625,60,United-States,0
34,Private,334744,Masters,14,Married-civ-spouse,Adm-clerical,Husband,White,Male,0,0,50,United-States,1
47,Private,192776,Bachelors,13,Married-civ-spouse,Prof-specialty,Husband,White,Male,0,0,50,United-States,0
47,Private,27624,HS-grad,9,Never-married,Sales,Not-in-family,White,Female,0,0,65,United-States,1
45,Private,329603,Doctorate,16,Married-civ-spouse,Prof-specialty,Husband,White,Male,0,0,40,Poland,1
35,Private,119272,Bachelors,13,Married-civ-spouse,Exec-managerial,Husband,White,Male,0,0,55,United-States,1
59,,102058,1st-4th,2,Married-civ-spouse,,Husband,White,Male,0,0,45,Portugal,0
21,Private,191265,Some-college,10,Never-married,Other-service,Own-child,White,Male,0,0,40,United-States,0
29,Private,249948,Bachelors,13,Never-married,Adm-clerical,Not-in-family,White,Female,0,0,50,United-States,0
20,Private,129240,Some-college,10,Never-married,Sales,Own-child,White,Female,0,0,30,United-States,0
32,Private,387270,HS-grad,9,Married-civ-spouse,Sales,Wife,White,Female,0,0,40,United-States,1
48,Private,249935,HS-grad,9,Married-civ-spouse,Transport-moving,Husband,White,Male,0,0,44,United-States,0
50,Private,99185,HS-grad,9,Never-married,Adm-clerical,Not-in-family,White,Male,0,0,40,United-States,0
38,Federal-gov,198841,Some-college,10,Separated,Handlers-cleaners,Not-in-family,White,Male,0,0,40,United-States,0
37,Private,281751,Some-college,10,Divorced,Other-service,Unmarried,White,Female,0,0,30,United-States,0
60,Federal-gov,67320,HS-grad,9,Never-married,Adm-clerical,Not-in-family,Black,Female,0,0,40,United-States,0
53,Private,53833,Some-college,10,Married-civ-spouse,Transport-moving,Husband,White,Male,0,0,32,United-States,1
54,Private,43269,HS-grad,9,Married-civ-spouse,Transport-moving,Husband,White,Male,0,0,50,United-States,1
22,Private,155362,HS-grad,9,Never-married,Sales,Own-child,White,Female,0,0,35,United-States,0
66,,128614,10th,6,Married-civ-spouse,,Husband,White,Male,0,0,15,United-States,1
32,Private,283268,10th,6,Separated,Other-service,Unmarried,White,Female,0,0,42,United-States,0
60,State-gov,136939,Some-college,10,Married-civ-spouse,Transport-moving,Husband,White,Male,0,0,40,United-States,0
41,State-gov,27305,Masters,14,Married-civ-spouse,Prof-specialty,Husband,White,Male,0,0,40,United-States,1
31,Private,437200,Some-college,10,Married-civ-spouse,Farming-fishing,Husband,White,Male,0,0,40,Mexico,0
18,Private,171088,Some-college,10,Never-married,Sales,Own-child,White,Female,0,0,10,United-States,0
51,,163998,HS-grad,9,Married-spouse-absent,,Not-in-family,White,Male,0,0,20,United-States,1
64,Private,268965,HS-grad,9,Divorced,Adm-clerical,Not-in-family,White,Female,0,0,22,United-States,0
45,Private,25649,Some-college,10,Married-civ-spouse,Transport-moving,Husband,White,Male,7298,0,50,United-States,1
52,Private,164519,HS-grad,9,Widowed,Adm-clerical,Other-relative,Black,Female,0,0,40,United-States,0
34,Private,209317,HS-grad,9,Married-civ-spouse,Transport-moving,Husband,White,Male,0,0,40,Puerto-Rico,0
60,Private,26721,Some-college,10,Married-civ-spouse,Craft-repair,Husband,White,Male,0,0,40,United-States,0
34,Self-emp-not-inc,260560,HS-grad,9,Never-married,Craft-repair,Not-in-family,White,Male,0,0,50,United-States,0
58,Private,110844,Masters,14,Widowed,Sales,Not-in-family,White,Female,0,0,27,United-States,0
55,Private,130957,HS-grad,9,Married-civ-spouse,Craft-repair,Husband,White,Male,0,0,45,United-States,0
30,Private,176175,Assoc-voc,11,Divorced,Adm-clerical,Unmarried,White,Female,0,0,24,United-States,0
53,Federal-gov,40641,Bachelors,13,Married-civ-spouse,Protective-serv,Husband,White,Male,0,0,40,United-States,1
46,Self-emp-not-inc,182689,Some-college,10,Married-civ-spouse,Craft-repair,Husband,White,Male,3103,0,35,United-States,1
24,,234791,Some-college,10,Divorced,,Unmarried,White,Female,0,0,25,United-States,0
23,Private,113511,HS-grad,9,Never-married,Craft-repair,Unmarried,White,Male,0,0,40,United-States,0
53,Private,126368,Some-college,10,Never-married,Adm-clerical,Not-in-family,White,Female,0,0,50,United-States,1
39,Private,245361,Bachelors,13,Divorced,Exec-managerial,Not-in-family,White,Female,0,0,25,United-States,0
28,Private,291374,HS-grad,9,Never-married,Adm-clerical,Unmarried,Black,Female,0,0,40,United-States,0
29,Without-pay,212588,Some-college,10,Married-civ-spouse,Farming-fishing,Own-child,White,Male,0,0,65,United-States,0
34,Private,108837,Some-college,10,Married-civ-spouse,Handlers-cleaners,Husband,White,Male,0,0,40,United-States,1
41,Local-gov,89172,Some-college,10,Married-civ-spouse,Farming-fishing,Husband,White,Male,0,0,40,United-States,1
64,State-gov,143880,Bachelors,13,Married-civ-spouse,Prof-specialty,Husband,White,Male,0,0,40,United-States,1
23,Private,358434,Bachelors,13,Never-married,Prof-specialty,Unmarried,Black,Female,0,0,40,United-States,0
30,Federal-gov,68330,Bachelors,13,Never-married,Prof-specialty,Not-in-family,White,Male,0,0,40,United-States,1
25,Private,193787,Bachelors,13,Married-civ-spouse,Sales,Wife,White,Female,0,0,45,United-States,0
48,Private,117310,HS-grad,9,Married-civ-spouse,Adm-clerical,Wife,White,Female,0,0,20,United-States,0
60,Private,83850,HS-grad,9,Married-civ-spouse,Sales,Husband,White,Male,0,0,40,United-States,0
32,Private,44675,Doctorate,16,Married-civ-spouse,Prof-specialty,Husband,White,Male,0,0,65,United-States,1
54,Self-emp-not-inc,158948,HS-grad,9,Married-civ-spouse,Transport-moving,Husband,White,Male,0,0,15,United-States,0
30,Self-emp-not-inc,106742,12th,8,Married-civ-spouse,Transport-moving,Husband,White,Male,0,0,75,United-States,0
58,Private,152731,Bachelors,13,Married-civ-spouse,Sales,Husband,White,Male,0,0,40,United-States,1
29,Private,375482,Bachelors,13,Never-married,Prof-specialty,Not-in-family,White,Male,0,0,50,England,0
54,Private,145548,HS-grad,9,Married-civ-spouse,Craft-repair,Husband,White,Male,0,0,40,United-States,0
49,Federal-gov,195949,HS-grad,9,Married-civ-spouse,Machine-op-inspct,Husband,White,Male,0,0,40,United-States,0
61,,179761,HS-grad,9,Married-civ-spouse,,Husband,White,Male,0,0,40,United-States,1
39,Private,99270,HS-grad,9,Divorced,Adm-clerical,Own-child,White,Female,0,0,40,United-States,0
25,Private,316688,HS-grad,9,Never-married,Machine-op-inspct,Not-in-family,Black,Male,0,0,40,United-States,0
29,Private,236992,HS-grad,9,Married-civ-spouse,Other-service,Husband,Black,Male,0,0,50,United-States,0
18,State-gov,201117,HS-grad,9,Never-married,Adm-clerical,Own-child,White,Male,0,0,40,United-States,0
47,Private,131002,Bachelors,13,Married-civ-spouse,Prof-specialty,Husband,White,Male,0,0,50,United-States,1
49,Federal-gov,35406,HS-grad,9,Widowed,Exec-managerial,Not-in-family,White,Female,0,0,20,United-States,0
28,Private,315287,Some-college,10,Never-married,Prof-specialty,Not-in-family,Black,Male,0,0,40,United-States,0
43,Local-gov,180096,Masters,14,Married-civ-spouse,Prof-specialty,Husband,White,Male,0,0,40,United-States,1
34,Private,29933,HS-grad,9,Never-married,Other-service,Not-in-family,White,Male,0,0,40,United-States,0
42,Private,192381,HS-grad,9,Married-civ-spouse,Craft-repair,Husband,White,Male,0,0,40,United-States,1
43,Private,115932,Bachelors,13,Never-married,Sales,Not-in-family,White,Male,0,0,60,United-States,1
46,Private,155933,Bachelors,13,Never-married,Machine-op-inspct,Not-in-family,White,Female,0,1602,8,United-States,0
37,Federal-gov,419053,HS-grad,9,Divorced,Craft-repair,Not-in-family,White,Male,0,0,40,United-States,0
40,Private,287079,HS-grad,9,Never-married,Farming-fishing,Not-in-family,White,Male,0,0,55,United-States,0
57,Private,194161,HS-grad,9,Married-civ-spouse,Transport-moving,Husband,White,Male,0,0,42,Italy,1
54,Self-emp-inc,223752,Bachelors,13,Married-civ-spouse,Exec-managerial,Husband,White,Male,7688,0,40,,1
35,Private,179481,HS-grad,9,Never-married,Transport-moving,Own-child,White,Male,0,0,55,United-States,0
36,Federal-gov,153066,Masters,14,Married-civ-spouse,Prof-specialty,Husband,White,Male,0,0,40,United-States,1
53,Private,117674,Some-college,10,Married-civ-spouse,Craft-repair,Husband,White,Male,7298,0,40,United-States,1
52,Private,210736,HS-grad,9,Married-civ-spouse,Craft-repair,Husband,White,Male,7298,0,50,United-States,1
19,Private,202102,HS-grad,9,Never-married,Sales,Not-in-family,White,Female,0,0,40,United-States,0
24,Private,79160,HS-grad,9,Never-married,Craft-repair,Own-child,Black,Male,0,0,40,United-States,0
22,Private,91842,Some-college,10,Never-married,Sales,Not-in-family,White,Female,0,0,42,United-States,0
27,Private,89813,Bachelors,13,Never-married,Prof-specialty,Not-in-family,White,Female,0,0,40,United-States,0
47,Private,193285,HS-grad,9,Married-civ-spouse,Other-service,Wife,Black,Female,5013,0,40,United-States,0
56,Private,136413,1st-4th,2,Married-civ-spouse,Craft-repair,Husband,White,Male,0,0,40,United-States,0
53,Private,114758,Doctorate,16,Married-civ-spouse,Prof-specialty,Husband,White,Male,0,0,20,United-States,0
36,Private,83089,5th-6th,3,Married-civ-spouse,Machine-op-inspct,Husband,White,Male,7298,0,40,Mexico,1
20,Private,112668,Some-college,10,Never-married,Other-service,Own-child,White,Female,0,0,20,United-States,0
41,Private,145220,9th,5,Never-married,Priv-house-serv,Unmarried,White,Female,0,0,40,Columbia,0
20,Private,72055,Some-college,10,Never-married,Adm-clerical,Not-in-family,White,Female,0,0,40,United-States,0
53,Private,177705,Bachelors,13,Married-civ-spouse,Craft-repair,Husband,White,Male,0,0,44,United-States,1
36,Private,292570,HS-grad,9,Never-married,Adm-clerical,Own-child,White,Female,3325,0,40,United-States,0
28,Private,53063,Bachelors,13,Married-civ-spouse,Exec-managerial,Husband,White,Male,0,0,45,United-States,0
27,Private,169557,HS-grad,9,Divorced,Machine-op-inspct,Not-in-family,White,Male,6849,0,40,United-States,0
45,State-gov,198660,Some-college,10,Married-civ-spouse,Prof-specialty,Husband,White,Male,0,0,40,United-States,1
30,Local-gov,170772,HS-grad,9,Married-civ-spouse,Other-service,Husband,White,Male,0,0,40,United-States,0
41,Private,122215,Masters,14,Married-civ-spouse,Prof-specialty,Husband,White,Male,15024,0,40,United-States,1
30,State-gov,70617,Masters,14,Married-civ-spouse,Prof-specialty,Husband,Asian-Pac-Islander,Male,0,0,10,China,0
49,Local-gov,175958,11th,7,Married-civ-spouse,Handlers-cleaners,Husband,White,Male,0,0,40,Italy,0
23,,234970,Some-college,10,Never-married,,Own-child,Black,Female,0,0,40,United-States,0
29,Private,266043,9th,5,Married-civ-spouse,Transport-moving,Husband,White,Male,0,0,40,United-States,0
56,Private,159544,Masters,14,Married-civ-spouse,Prof-specialty,Husband,White,Male,0,0,60,United-States,0
45,Private,125892,HS-grad,9,Married-spouse-absent,Craft-repair,Not-in-family,White,Male,0,0,40,Poland,0
40,Private,171589,Bachelors,13,Married-civ-spouse,Adm-clerical,Husband,White,Male,0,0,40,United-States,1
25,Private,262617,Bachelors,13,Married-civ-spouse,Adm-clerical,Husband,White,Male,0,0,55,United-States,1
57,Self-emp-inc,412952,Some-college,10,Married-civ-spouse,Prof-specialty,Husband,White,Male,0,0,40,United-States,0
39,Private,342768,Some-college,10,Married-civ-spouse,Transport-moving,Husband,White,Male,0,0,40,United-States,1
38,Private,40955,Bachelors,13,Married-civ-spouse,Prof-specialty,Husband,White,Male,0,0,40,England,1
39,Self-emp-not-inc,174330,Some-college,10,Married-civ-spouse,Craft-repair,Husband,White,Male,0,0,40,United-States,0
38,Private,278924,Some-college,10,Divorced,Craft-repair,Not-in-family,White,Male,0,0,44,United-States,0
24,Private,174714,Some-college,10,Never-married,Handlers-cleaners,Own-child,White,Male,0,0,45,United-States,0
30,State-gov,190385,Some-college,10,Never-married,Adm-clerical,Not-in-family,White,Female,0,0,37,United-States,0
31,Private,127215,Some-college,10,Married-civ-spouse,Sales,Husband,White,Male,0,0,40,United-States,0
31,Local-gov,275369,Some-college,10,Never-married,Protective-serv,Not-in-family,Black,Male,0,0,40,United-States,0
23,Private,230704,Some-college,10,Never-married,Handlers-cleaners,Own-child,Black,Male,0,0,22,United-States,0
32,Self-emp-not-inc,379412,Assoc-voc,11,Married-civ-spouse,Craft-repair,Husband,White,Male,0,0,40,United-States,0
47,Local-gov,173938,Bachelors,13,Married-civ-spouse,Craft-repair,Husband,White,Male,0,0,50,United-States,1
44,Private,271282,Bachelors,13,Divorced,Machine-op-inspct,Unmarried,White,Female,0,0,56,United-States,0
44,Private,151294,Some-college,10,Widowed,Sales,Not-in-family,White,Female,0,0,25,United-States,0
28,Private,115945,Doctorate,16,Never-married,Adm-clerical,Own-child,White,Male,0,0,18,United-States,0
22,Private,223019,HS-grad,9,Never-married,Adm-clerical,Not-in-family,White,Female,0,0,40,United-States,0
42,,204817,9th,5,Never-married,,Own-child,Black,Male,0,0,35,United-States,0
36,Private,258102,Assoc-voc,11,Never-married,Prof-specialty,Not-in-family,White,Male,0,0,40,United-States,0
56,Private,94156,HS-grad,9,Married-civ-spouse,Adm-clerical,Husband,White,Male,0,0,50,United-States,0
45,Self-emp-not-inc,180680,11th,7,Married-civ-spouse,Craft-repair,Husband,White,Male,0,0,35,United-States,0
53,Private,199720,HS-grad,9,Married-civ-spouse,Sales,Husband,White,Male,0,0,40,United-States,1
54,Private,87205,HS-grad,9,Widowed,Other-service,Not-in-family,White,Female,0,0,15,United-States,0
48,Private,149337,Some-college,10,Divorced,Machine-op-inspct,Not-in-family,White,Male,0,0,40,United-States,1
53,Self-emp-not-inc,279129,Some-college,10,Married-civ-spouse,Farming-fishing,Husband,White,Male,0,0,30,United-States,0
63,,146196,Bachelors,13,Married-civ-spouse,,Husband,White,Male,0,0,40,United-States,0
42,Private,126098,HS-grad,9,Separated,Craft-repair,Unmarried,Black,Female,0,0,40,United-States,0
40,Private,110028,Some-college,10,Married-civ-spouse,Craft-repair,Husband,White,Male,0,0,40,United-States,0
25,Private,458549,1st-4th,2,Married-civ-spouse,Farming-fishing,Husband,White,Male,0,0,96,Mexico,0
43,Private,242968,Masters,14,Married-civ-spouse,Exec-managerial,Husband,Asian-Pac-Islander,Male,0,0,40,India,1
34,Private,146980,HS-grad,9,Married-spouse-absent,Other-service,Unmarried,White,Female,0,0,65,United-States,0
50,Local-gov,173224,Masters,14,Married-civ-spouse,Prof-specialty,Wife,White,Female,0,0,40,United-States,0
35,Private,158592,Assoc-voc,11,Married-civ-spouse,Exec-managerial,Husband,White,Male,3103,0,50,United-States,1
49,Private,94342,Bachelors,13,Married-civ-spouse,Craft-repair,Husband,White,Male,0,0,60,United-States,0
35,Private,48779,HS-grad,9,Married-civ-spouse,Farming-fishing,Husband,White,Male,0,0,35,United-States,0
40,Private,337456,HS-grad,9,Divorced,Protective-serv,Unmarried,White,Female,0,0,40,United-States,0
49,Self-emp-not-inc,175958,Some-college,10,Never-married,Other-service,Not-in-family,White,Male,0,0,20,United-States,0
28,Private,55360,HS-grad,9,Never-married,Sales,Other-relative,Black,Male,0,0,40,United-States,0
28,Private,425127,9th,5,Married-civ-spouse,Other-service,Other-relative,White,Female,0,0,35,United-States,0
63,Self-emp-not-inc,391121,7th-8th,4,Married-civ-spouse,Farming-fishing,Husband,White,Male,0,0,30,United-States,0
55,Private,750972,7th-8th,4,Married-civ-spouse,Craft-repair,Husband,White,Male,0,0,41,United-States,0
25,Private,335376,Assoc-acdm,12,Never-married,Adm-clerical,Own-child,White,Female,0,0,38,United-States,0
26,Private,150361,Bachelors,13,Never-married,Prof-specialty,Not-in-family,White,Female,0,0,40,United-States,0
33,State-gov,121245,Bachelors,13,Married-civ-spouse,Prof-specialty,Husband,White,Male,0,0,60,United-States,1
59,Private,175942,HS-grad,9,Married-civ-spouse,Transport-moving,Husband,White,Male,0,0,45,United-States,1
29,Private,157262,Masters,14,Never-married,Exec-managerial,Not-in-family,White,Female,0,0,45,United-States,0
21,,305466,Some-college,10,Never-married,,Own-child,White,Male,0,0,70,United-States,0
36,Private,126675,11th,7,Married-civ-spouse,Exec-managerial,Husband,White,Male,0,1579,40,United-States,0
62,Self-emp-inc,118725,HS-grad,9,Married-civ-spouse,Exec-managerial,Husband,Black,Male,20051,0,72,United-States,1
32,Private,97359,HS-grad,9,Never-married,Craft-repair,Own-child,White,Male,0,0,40,United-States,0
30,Private,197886,Some-college,10,Never-married,Sales,Not-in-family,White,Male,0,0,45,United-States,1
23,Private,188409,11th,7,Married-civ-spouse,Transport-moving,Husband,White,Male,4508,0,25,United-States,0
42,Private,186916,Masters,14,Married-civ-spouse,Exec-managerial,Husband,White,Male,0,2415,55,United-States,1
36,Private,307134,Bachelors,13,Married-civ-spouse,Prof-specialty,Husband,White,Male,0,0,42,United-States,0
31,Private,177426,Bachelors,13,Married-civ-spouse,Handlers-cleaners,Husband,White,Male,0,0,40,Mexico,0
23,Private,99543,12th,8,Never-married,Transport-moving,Not-in-family,White,Male,0,0,46,United-States,0
28,Private,437994,Some-college,10,Never-married,Other-service,Not-in-family,Black,Male,0,0,60,United-States,0
45,Private,260490,Masters,14,Married-civ-spouse,Exec-managerial,Husband,White,Male,0,0,50,United-States,1
55,Private,190514,7th-8th,4,Married-civ-spouse,Adm-clerical,Husband,White,Male,0,0,75,United-States,0
44,Private,97159,Bachelors,13,Married-civ-spouse,Craft-repair,Husband,White,Male,0,0,40,United-States,1
54,Private,339518,Assoc-acdm,12,Married-spouse-absent,Machine-op-inspct,Unmarried,Asian-Pac-Islander,Female,0,0,40,Philippines,0
23,Private,419394,Some-college,10,Never-married,Sales,Own-child,Black,Male,0,0,9,United-States,0
58,Private,106707,5th-6th,3,Married-civ-spouse,Machine-op-inspct,Husband,Black,Male,0,0,48,United-States,0
22,Private,254547,Some-college,10,Never-married,Exec-managerial,Unmarried,Black,Female,0,0,40,Jamaica,0
52,Private,302847,11th,7,Married-civ-spouse,Machine-op-inspct,Husband,White,Male,0,0,40,United-States,0
30,Private,226296,Masters,14,Never-married,Exec-managerial,Not-in-family,White,Male,0,0,40,United-States,0
41,Private,45156,HS-grad,9,Never-married,Machine-op-inspct,Not-in-family,White,Male,2174,0,41,United-States,0
41,Private,49156,HS-grad,9,Married-civ-spouse,Craft-repair,Husband,White,Male,0,0,40,United-States,0
35,Private,306156,HS-grad,9,Married-civ-spouse,Machine-op-inspct,Husband,White,Male,0,0,45,United-States,0
34,Private,21755,HS-grad,9,Married-civ-spouse,Farming-fishing,Husband,Amer-Indian-Eskimo,Male,0,0,63,United-States,0
26,Private,193945,Masters,14,Never-married,Exec-managerial,Not-in-family,White,Male,0,0,60,United-States,0
23,Private,126945,Bachelors,13,Married-civ-spouse,Exec-managerial,Husband,White,Male,0,0,40,United-States,0
22,Private,195075,Some-college,10,Never-married,Other-service,Own-child,White,Female,0,0,38,United-States,0
27,Private,617860,Some-college,10,Never-married,Handlers-cleaners,Own-child,Black,Male,0,0,40,United-States,0
21,Private,321426,Some-college,10,Never-married,Sales,Unmarried,White,Female,0,0,49,United-States,0
58,Private,126104,Masters,14,Divorced,Adm-clerical,Not-in-family,White,Female,0,1980,45,United-States,0
17,Private,154908,10th,6,Never-married,Other-service,Own-child,White,Female,0,0,10,United-States,0
42,Private,449578,Some-college,10,Married-civ-spouse,Craft-repair,Husband,White,Male,0,0,48,United-States,1
57,Local-gov,189824,Some-college,10,Married-civ-spouse,Handlers-cleaners,Husband,Black,Male,7298,0,40,United-States,1
37,Private,340599,11th,7,Separated,Other-service,Unmarried,Black,Female,0,0,40,United-States,0
48,State-gov,241854,Masters,14,Married-civ-spouse,Exec-managerial,Husband,White,Male,0,0,55,United-States,1
34,Private,134737,Bachelors,13,Never-married,Sales,Own-child,White,Male,0,0,40,United-States,1
31,Private,289731,Some-college,10,Married-civ-spouse,Craft-repair,Husband,White,Male,0,0,40,United-States,0
20,Private,49179,Some-college,10,Never-married,Prof-specialty,Not-in-family,White,Male,0,0,35,United-States,0
54,Self-emp-inc,298215,Bachelors,13,Married-civ-spouse,Exec-managerial,Husband,White,Male,0,0,50,United-States,1
63,Self-emp-not-inc,125178,Bachelors,13,Married-civ-spouse,Prof-specialty,Husband,White,Male,0,0,40,United-States,1
22,,287988,Some-college,10,Never-married,,Not-in-family,White,Male,0,0,15,United-States,0
51,Private,441637,HS-grad,9,Married-civ-spouse,Tech-support,Husband,White,Male,0,0,40,United-States,0
72,,194548,Some-college,10,Married-spouse-absent,,Not-in-family,White,Male,0,0,3,United-States,0
50,Private,140741,11th,7,Never-married,Machine-op-inspct,Other-relative,White,Female,0,0,40,United-States,0
65,Local-gov,221026,HS-grad,9,Married-civ-spouse,Transport-moving,Husband,White,Male,0,0,20,United-States,0
44,Private,123983,Bachelors,13,Divorced,Other-service,Not-in-family,Asian-Pac-Islander,Male,0,0,40,China,0
19,Private,328167,HS-grad,9,Never-married,Other-service,Own-child,White,Male,0,0,35,United-States,0
42,Local-gov,255847,HS-grad,9,Married-civ-spouse,Transport-moving,Husband,White,Male,0,0,40,United-States,0
32,Private,344696,Some-college,10,Never-married,Machine-op-inspct,Unmarried,White,Female,0,0,40,United-States,0
27,,280699,Some-college,10,Never-married,,Unmarried,White,Female,0,0,40,United-States,0
24,Private,199005,HS-grad,9,Never-married,Other-service,Own-child,White,Male,0,0,25,United-States,0
24,Private,194748,HS-grad,9,Never-married,Transport-moving,Not-in-family,White,Female,0,0,49,United-States,0
28,Private,55360,Some-college,10,Never-married,Sales,Not-in-family,Black,Male,0,0,50,United-States,0
19,,204868,HS-grad,9,Married-civ-spouse,,Wife,White,Female,0,0,36,United-States,0
51,Self-emp-not-inc,85902,10th,6,Widowed,Transport-moving,Other-relative,White,Female,0,0,40,United-States,0
33,Private,139057,Masters,14,Married-civ-spouse,Tech-support,Husband,Asian-Pac-Islander,Male,0,0,50,United-States,1
39,,86551,12th,8,Married-civ-spouse,,Husband,White,Male,0,0,40,United-States,0
26,Private,210812,Some-college,10,Divorced,Craft-repair,Not-in-family,White,Male,0,0,43,United-States,0
45,Private,200559,Assoc-voc,11,Married-civ-spouse,Farming-fishing,Husband,White,Male,0,0,70,United-States,0
38,Private,303092,HS-grad,9,Married-civ-spouse,Exec-managerial,Husband,White,Male,0,0,40,United-States,0
61,Private,142245,HS-grad,9,Divorced,Adm-clerical,Not-in-family,White,Female,0,0,40,United-States,0
23,State-gov,56402,Some-college,10,Married-civ-spouse,Prof-specialty,Husband,White,Male,0,0,30,United-States,0
60,Self-emp-not-inc,282066,Bachelors,13,Married-civ-spouse,Exec-managerial,Husband,White,Male,0,1977,45,United-States,1
28,Private,271572,9th,5,Never-married,Other-service,Other-relative,White,Male,0,0,52,United-States,0
41,Private,254440,Assoc-voc,11,Never-married,Prof-specialty,Not-in-family,White,Female,0,0,60,United-States,0
37,State-gov,28887,HS-grad,9,Married-civ-spouse,Machine-op-inspct,Husband,White,Male,0,0,40,United-States,1
18,Private,145005,Some-college,10,Never-married,Other-service,Own-child,White,Male,0,0,20,United-States,0
26,Private,125680,Bachelors,13,Never-married,Prof-specialty,Not-in-family,Asian-Pac-Islander,Male,0,0,16,Japan,0
38,Private,374524,Bachelors,13,Married-civ-spouse,Prof-specialty,Husband,White,Male,0,0,40,United-States,1
38,,115376,Some-college,10,Married-civ-spouse,,Wife,Black,Female,0,0,40,United-States,0
37,Private,166339,Some-college,10,Divorced,Tech-support,Unmarried,White,Female,0,0,40,United-States,0
25,Private,189663,Masters,14,Never-married,Prof-specialty,Own-child,White,Female,0,0,40,United-States,0
42,Private,78765,Some-college,10,Married-civ-spouse,Craft-repair,Husband,White,Male,3103,0,45,United-States,1
46,Private,116338,Masters,14,Never-married,Prof-specialty,Not-in-family,White,Female,0,0,40,United-States,0
23,Private,239539,HS-grad,9,Never-married,Machine-op-inspct,Own-child,Asian-Pac-Islander,Male,0,0,40,Philippines,0
49,Private,239865,HS-grad,9,Married-civ-spouse,Tech-support,Husband,White,Male,0,0,50,United-States,1
30,State-gov,185384,HS-grad,9,Divorced,Other-service,Unmarried,White,Female,0,0,50,United-States,0
28,Private,258364,Some-college,10,Divorced,Adm-clerical,Unmarried,White,Female,0,0,40,United-States,0
26,Private,174267,Some-college,10,Never-married,Handlers-cleaners,Not-in-family,White,Male,0,0,64,United-States,0
22,State-gov,214731,Some-college,10,Never-married,Adm-clerical,Not-in-family,White,Female,0,0,15,United-States,0
29,Private,174163,Some-college,10,Divorced,Exec-managerial,Not-in-family,White,Female,0,0,40,United-States,0
36,Private,357619,Bachelors,13,Married-civ-spouse,Exec-managerial,Wife,White,Female,0,0,60,Germany,0
60,Private,338345,HS-grad,9,Married-civ-spouse,Craft-repair,Husband,White,Male,0,0,45,United-States,1
57,Federal-gov,135028,HS-grad,9,Separated,Adm-clerical,Other-relative,Black,Female,0,0,35,United-States,0
50,Federal-gov,289572,Some-college,10,Married-civ-spouse,Adm-clerical,Husband,White,Male,0,0,40,United-States,1
58,State-gov,259929,Doctorate,16,Never-married,Exec-managerial,Not-in-family,White,Female,0,0,43,United-States,1
52,Private,117674,Bachelors,13,Never-married,Prof-specialty,Not-in-family,White,Male,0,0,38,United-States,0
57,Self-emp-not-inc,411604,9th,5,Married-civ-spouse,Farming-fishing,Husband,White,Male,0,0,45,Mexico,0
45,Private,50163,HS-grad,9,Divorced,Other-service,Not-in-family,White,Female,0,0,30,United-States,0
19,Private,43937,Some-college,10,Never-married,Other-service,Other-relative,White,Female,0,0,20,United-States,0
52,Federal-gov,22428,Bachelors,13,Married-civ-spouse,Protective-serv,Husband,White,Male,0,0,60,United-States,1
29,Private,257992,Assoc-voc,11,Never-married,Sales,Own-child,Black,Male,0,0,23,United-States,0
38,Private,93287,11th,7,Married-civ-spouse,Farming-fishing,Husband,White,Male,0,0,40,United-States,0
36,Private,181382,Assoc-voc,11,Married-civ-spouse,Machine-op-inspct,Husband,White,Male,3103,0,40,United-States,1
52,Private,218550,Some-college,10,Married-spouse-absent,Adm-clerical,Not-in-family,White,Female,14084,0,16,United-States,1
59,Private,146391,Doctorate,16,Married-civ-spouse,Prof-specialty,Husband,White,Male,0,0,50,United-States,1
22,,125040,Some-college,10,Never-married,,Own-child,White,Male,0,0,40,United-States,0
33,Private,219034,11th,7,Never-married,Sales,Not-in-family,White,Female,0,0,40,United-States,0
55,Private,116219,Some-college,10,Divorced,Other-service,Not-in-family,Black,Female,0,0,40,United-States,0
39,Self-emp-not-inc,179488,HS-grad,9,Married-civ-spouse,Exec-managerial,Husband,White,Male,0,0,50,United-States,0
55,Federal-gov,176904,HS-grad,9,Married-civ-spouse,Exec-managerial,Husband,White,Male,0,0,40,United-States,0
21,Private,191789,Some-college,10,Never-married,Adm-clerical,Own-child,White,Female,0,0,10,,0
65,Private,155632,HS-grad,9,Married-civ-spouse,Handlers-cleaners,Husband,White,Male,0,0,25,United-States,0
42,Private,136986,HS-grad,9,Married-civ-spouse,Exec-managerial,Husband,White,Male,0,0,35,United-States,1
29,Private,394927,10th,6,Married-civ-spouse,Transport-moving,Husband,White,Male,0,0,45,United-States,1
37,Private,241174,Bachelors,13,Married-civ-spouse,Prof-specialty,Husband,White,Male,0,0,99,United-States,1
32,Private,167063,Bachelors,13,Married-civ-spouse,Tech-support,Husband,White,Male,0,0,40,United-States,0
21,Private,204596,Assoc-acdm,12,Never-married,Adm-clerical,Own-child,White,Female,0,0,8,United-States,0
32,Local-gov,318647,HS-grad,9,Married-civ-spouse,Protective-serv,Husband,White,Male,0,0,36,United-States,0
18,Private,187722,Some-college,10,Never-married,Other-service,Own-child,White,Female,0,0,20,United-States,0
24,Private,197757,Bachelors,13,Never-married,Prof-specialty,Own-child,Asian-Pac-Islander,Female,0,0,40,Philippines,0
37,Private,208358,Some-college,10,Married-civ-spouse,Craft-repair,Husband,White,Male,0,0,40,United-States,1
43,Private,257028,Assoc-acdm,12,Married-civ-spouse,Other-service,Husband,Black,Male,0,0,40,Haiti,0
29,,191935,HS-grad,9,Never-married,,Not-in-family,White,Male,0,0,40,United-States,0
36,State-gov,86805,Some-college,10,Married-civ-spouse,Exec-managerial,Wife,White,Female,7298,0,39,United-States,1
31,Local-gov,162041,Masters,14,Never-married,Prof-specialty,Not-in-family,White,Female,0,0,45,United-States,0
52,Private,259583,HS-grad,9,Married-civ-spouse,Adm-clerical,Husband,White,Male,0,0,40,United-States,0
38,Self-emp-inc,99146,Bachelors,13,Married-civ-spouse,Exec-managerial,Husband,White,Male,15024,0,80,United-States,1
39,Self-emp-not-inc,124090,9th,5,Married-civ-spouse,Craft-repair,Husband,White,Male,0,0,40,United-States,0
51,Private,379797,10th,6,Married-civ-spouse,Machine-op-inspct,Husband,Black,Male,0,0,40,United-States,0
20,Private,184045,Some-college,10,Never-married,Sales,Unmarried,Black,Female,0,0,30,United-States,0
42,Private,213214,Assoc-acdm,12,Married-civ-spouse,Sales,Husband,White,Male,0,0,40,United-States,0
42,Private,340885,HS-grad,9,Never-married,Craft-repair,Not-in-family,White,Male,0,0,50,United-States,0
25,Private,120238,HS-grad,9,Married-spouse-absent,Machine-op-inspct,Not-in-family,White,Male,0,0,40,Poland,0
34,Local-gov,236415,Some-college,10,Never-married,Adm-clerical,Unmarried,White,Female,0,0,18,United-States,0
60,Self-emp-not-inc,261119,HS-grad,9,Divorced,Craft-repair,Unmarried,White,Female,0,0,40,United-States,0
61,Federal-gov,91726,Masters,14,Married-civ-spouse,Tech-support,Wife,White,Female,0,0,40,United-States,1
18,Private,211683,12th,8,Never-married,Handlers-cleaners,Own-child,White,Male,0,0,20,United-States,0
39,Private,179481,Bachelors,13,Married-civ-spouse,Sales,Husband,White,Male,0,0,40,United-States,0
31,Private,55104,HS-grad,9,Divorced,Adm-clerical,Not-in-family,White,Female,0,0,25,United-States,0
39,Private,165743,9th,5,Married-civ-spouse,Handlers-cleaners,Husband,White,Male,0,0,40,United-States,0
39,Self-emp-inc,151029,HS-grad,9,Married-civ-spouse,Exec-managerial,Husband,White,Male,0,0,40,United-States,1
43,Self-emp-not-inc,101534,Some-college,10,Married-civ-spouse,Exec-managerial,Husband,White,Male,0,1902,15,United-States,1
33,Local-gov,152351,Some-college,10,Married-civ-spouse,Protective-serv,Husband,White,Male,3908,0,40,United-States,0
32,Federal-gov,82393,Bachelors,13,Married-civ-spouse,Prof-specialty,Husband,Asian-Pac-Islander,Male,0,0,56,United-States,1
56,Local-gov,104996,HS-grad,9,Married-civ-spouse,Transport-moving,Husband,White,Male,0,0,40,United-States,0
34,Private,425622,5th-6th,3,Married-civ-spouse,Handlers-cleaners,Husband,White,Male,0,0,40,Mexico,0
47,Self-emp-inc,350759,HS-grad,9,Married-civ-spouse,Exec-managerial,Husband,White,Male,0,0,40,United-States,1
29,Private,95465,HS-grad,9,Married-civ-spouse,Other-service,Husband,White,Male,0,0,40,United-States,0
30,Private,325509,HS-grad,9,Married-civ-spouse,Craft-repair,Husband,White,Male,0,0,35,United-States,0
55,Private,426263,HS-grad,9,Married-civ-spouse,Adm-clerical,Husband,White,Male,0,0,40,United-States,0
35,Private,97554,Assoc-acdm,12,Married-civ-spouse,Exec-managerial,Husband,White,Male,0,0,50,United-States,1
53,Private,94081,Bachelors,13,Married-civ-spouse,Exec-managerial,Husband,White,Male,0,0,44,United-States,1
37,Private,118358,Some-college,10,Married-civ-spouse,Craft-repair,Husband,White,Male,0,0,40,United-States,1
43,Private,358199,Some-college,10,Married-civ-spouse,Sales,Husband,White,Male,3103,0,40,United-States,1
25,State-gov,152035,Assoc-acdm,12,Never-married,Adm-clerical,Own-child,White,Female,0,0,40,United-States,0
45,Private,175958,Prof-school,15,Married-civ-spouse,Exec-managerial,Husband,White,Male,0,0,40,United-States,1
37,Self-emp-not-inc,181553,HS-grad,9,Divorced,Craft-repair,Not-in-family,White,Male,0,0,50,United-States,0
45,Self-emp-not-inc,182677,HS-grad,9,Married-spouse-absent,Craft-repair,Not-in-family,Asian-Pac-Islander,Male,0,0,40,Thailand,0
76,Self-emp-not-inc,225964,Some-college,10,Widowed,Sales,Not-in-family,White,Male,0,0,8,United-States,0
39,Self-emp-not-inc,326400,Masters,14,Never-married,Prof-specialty,Not-in-family,White,Male,0,0,40,United-States,0
24,Private,403671,Bachelors,13,Never-married,Prof-specialty,Not-in-family,White,Male,0,0,40,United-States,0
60,Local-gov,93272,HS-grad,9,Married-civ-spouse,Other-service,Husband,White,Male,0,0,40,United-States,0
52,Private,188644,5th-6th,3,Married-spouse-absent,Craft-repair,Other-relative,White,Male,0,0,40,Mexico,0
36,Private,184498,11th,7,Married-civ-spouse,Craft-repair,Husband,White,Male,0,0,40,United-States,0
26,Private,135645,Bachelors,13,Never-married,Sales,Not-in-family,White,Male,0,0,40,United-States,0
41,Private,253759,HS-grad,9,Never-married,Sales,Unmarried,Black,Female,0,0,40,United-States,0
46,Private,229394,HS-grad,9,Divorced,Exec-managerial,Not-in-family,White,Female,0,0,40,United-States,0
42,Local-gov,255675,Some-college,10,Married-civ-spouse,Craft-repair,Husband,White,Male,0,0,40,United-States,1
37,Local-gov,108320,Bachelors,13,Married-civ-spouse,Tech-support,Husband,White,Male,0,0,45,United-States,1
18,Private,94196,HS-grad,9,Never-married,Handlers-cleaners,Own-child,White,Female,0,0,25,United-States,0
43,Private,293305,Bachelors,13,Married-civ-spouse,Sales,Husband,White,Male,0,1887,40,United-States,1
27,Private,180758,Some-college,10,Married-civ-spouse,Handlers-cleaners,Husband,White,Male,0,0,30,United-States,0
52,Private,208302,HS-grad,9,Married-civ-spouse,Sales,Husband,White,Male,0,0,36,United-States,0
41,Private,116797,HS-grad,9,Married-civ-spouse,Sales,Husband,White,Male,7298,0,50,United-States,1
35,Private,174308,Some-college,10,Never-married,Transport-moving,Own-child,White,Male,0,0,40,United-States,0
19,Local-gov,276973,Some-college,10,Never-married,Prof-specialty,Own-child,White,Female,0,0,20,United-States,0
33,Private,187618,Bachelors,13,Never-married,Prof-specialty,Own-child,White,Male,0,1741,40,United-States,0
79,Private,149912,Bachelors,13,Never-married,Other-service,Not-in-family,White,Female,0,0,40,United-States,0
41,Private,229472,HS-grad,9,Never-married,Other-service,Not-in-family,White,Female,0,0,40,United-States,0
29,Private,136277,10th,6,Never-married,Other-service,Own-child,Black,Female,0,0,32,United-States,0
74,,204840,5th-6th,3,Married-civ-spouse,,Husband,White,Male,0,0,56,Mexico,0
35,Private,195744,HS-grad,9,Married-civ-spouse,Other-service,Husband,White,Male,0,0,40,United-States,0
52,Private,187938,Some-college,10,Divorced,Sales,Not-in-family,White,Female,0,0,49,United-States,0
48,Private,146497,Bachelors,13,Married-civ-spouse,Adm-clerical,Wife,White,Female,0,0,50,United-States,1
53,Federal-gov,105788,Bachelors,13,Divorced,Exec-managerial,Unmarried,Black,Female,0,0,50,United-States,1
18,Private,263656,11th,7,Never-married,Sales,Own-child,Black,Male,0,0,25,United-States,0
41,Federal-gov,171589,Masters,14,Married-civ-spouse,Prof-specialty,Husband,White,Male,0,0,50,,1
50,Private,171852,Bachelors,13,Separated,Prof-specialty,Own-child,Other,Female,0,0,40,United-States,0
43,Self-emp-inc,260960,Bachelors,13,Divorced,Farming-fishing,Not-in-family,White,Male,0,0,35,United-States,0
39,Private,165743,Some-college,10,Married-civ-spouse,Craft-repair,Husband,White,Male,0,0,45,United-States,1
42,Private,213821,HS-grad,9,Married-civ-spouse,Craft-repair,Husband,White,Male,0,1887,40,United-States,1
55,Private,153484,Masters,14,Married-civ-spouse,Exec-managerial,Husband,White,Male,0,1977,50,United-States,1
38,Private,256864,HS-grad,9,Married-civ-spouse,Tech-support,Husband,White,Male,0,0,50,United-States,1
26,Federal-gov,76491,Bachelors,13,Never-married,Prof-specialty,Not-in-family,White,Male,0,0,55,United-States,0
30,Private,275232,Assoc-acdm,12,Never-married,Prof-specialty,Unmarried,Black,Female,0,0,36,United-States,0
20,Private,206869,Some-college,10,Never-married,Sales,Own-child,White,Female,0,0,30,United-States,0
20,Private,312017,Some-college,10,Never-married,Protective-serv,Own-child,White,Male,0,0,40,Germany,0
36,Private,228190,HS-grad,9,Married-civ-spouse,Handlers-cleaners,Husband,Black,Male,0,0,20,United-States,0
38,Self-emp-inc,320811,HS-grad,9,Married-civ-spouse,Exec-managerial,Husband,White,Male,0,0,50,United-States,1
45,Private,213140,Masters,14,Married-civ-spouse,Prof-specialty,Husband,White,Male,0,1977,52,United-States,1
20,Private,299399,Some-college,10,Never-married,Sales,Own-child,White,Female,0,0,20,United-States,0
46,Private,102102,HS-grad,9,Never-married,Exec-managerial,Not-in-family,White,Male,0,0,40,United-States,0
37,Private,248445,HS-grad,9,Divorced,Handlers-cleaners,Other-relative,White,Male,0,0,40,El-Salvador,0
38,Private,189916,Some-college,10,Married-civ-spouse,Sales,Wife,White,Female,0,0,40,United-States,0
41,Private,154076,Some-college,10,Married-civ-spouse,Adm-clerical,Husband,White,Male,0,0,50,United-States,1
24,Private,216853,HS-grad,9,Married-civ-spouse,Exec-managerial,Husband,White,Male,0,0,37,United-States,0
71,Local-gov,303860,Masters,14,Widowed,Exec-managerial,Not-in-family,White,Male,2050,0,20,United-States,0
35,Local-gov,185769,Some-college,10,Married-civ-spouse,Other-service,Husband,White,Male,0,0,40,United-States,0
51,Private,237630,HS-grad,9,Married-civ-spouse,Tech-support,Husband,White,Male,7298,0,50,United-States,1
39,Private,225707,Assoc-voc,11,Married-civ-spouse,Adm-clerical,Husband,White,Male,0,0,40,Cuba,0
39,Private,270557,Masters,14,Divorced,Other-service,Not-in-family,White,Female,0,0,50,United-States,1
42,Private,259757,Bachelors,13,Divorced,Prof-specialty,Unmarried,White,Male,0,653,50,United-States,1
34,Local-gov,213722,HS-grad,9,Married-civ-spouse,Protective-serv,Husband,White,Male,0,0,57,United-States,1
31,Private,196791,Prof-school,15,Divorced,Prof-specialty,Not-in-family,White,Female,0,0,45,United-States,1
27,Private,292472,Some-college,10,Never-married,Craft-repair,Not-in-family,Asian-Pac-Islander,Male,0,1876,45,Cambodia,0
29,Private,308136,Some-college,10,Married-civ-spouse,Craft-repair,Husband,White,Male,0,0,40,United-States,0
43,Private,155106,Assoc-acdm,12,Divorced,Craft-repair,Not-in-family,White,Male,0,2444,70,United-States,1
27,State-gov,249362,Some-college,10,Married-civ-spouse,Transport-moving,Husband,White,Male,3411,0,40,United-States,0
48,Self-emp-inc,213140,Some-college,10,Married-civ-spouse,Exec-managerial,Husband,White,Male,0,0,40,United-States,1
45,Private,98765,HS-grad,9,Never-married,Machine-op-inspct,Unmarried,White,Female,0,0,40,Canada,0
67,,150516,HS-grad,9,Widowed,,Unmarried,White,Male,0,0,3,United-States,0
36,Private,161141,Assoc-acdm,12,Married-civ-spouse,Prof-specialty,Husband,White,Male,0,0,40,United-States,0
45,Private,137946,Bachelors,13,Divorced,Sales,Not-in-family,White,Male,0,0,50,United-States,0
25,Private,195914,Some-college,10,Never-married,Sales,Own-child,Black,Female,3418,0,30,United-States,0
57,,366563,Some-college,10,Divorced,,Not-in-family,White,Female,0,0,40,United-States,0
46,State-gov,106444,Some-college,10,Married-civ-spouse,Exec-managerial,Husband,Black,Male,7688,0,38,United-States,1
31,Private,128220,7th-8th,4,Widowed,Adm-clerical,Not-in-family,White,Female,0,0,35,United-States,0
32,Local-gov,230912,Masters,14,Never-married,Prof-specialty,Not-in-family,White,Female,4865,0,40,United-States,0
74,Local-gov,214514,7th-8th,4,Married-civ-spouse,Protective-serv,Husband,White,Male,0,0,40,United-States,0
22,,117789,Some-college,10,Never-married,,Own-child,White,Female,0,0,40,United-States,0
44,Private,174373,Assoc-acdm,12,Married-civ-spouse,Craft-repair,Husband,White,Male,0,0,40,United-States,1
40,Private,200496,Bachelors,13,Separated,Sales,Not-in-family,White,Male,0,0,40,United-States,0
84,,163443,7th-8th,4,Widowed,,Not-in-family,White,Male,0,0,3,United-States,0
20,Private,260254,HS-grad,9,Never-married,Craft-repair,Own-child,White,Male,0,0,40,United-States,0
30,Private,26009,HS-grad,9,Married-civ-spouse,Prof-specialty,Husband,White,Male,0,0,35,United-States,1
39,,157443,Masters,14,Married-civ-spouse,,Wife,Asian-Pac-Islander,Female,3464,0,40,,0
34,Federal-gov,23940,Some-college,10,Divorced,Exec-managerial,Not-in-family,Amer-Indian-Eskimo,Male,0,0,40,United-States,0
61,Private,53707,7th-8th,4,Married-civ-spouse,Transport-moving,Husband,White,Male,0,0,50,United-States,0
37,Private,183800,Bachelors,13,Married-civ-spouse,Prof-specialty,Husband,White,Male,7688,0,50,United-States,1
44,Private,219591,Some-college,10,Divorced,Handlers-cleaners,Own-child,White,Male,0,0,40,United-States,0
26,Private,53833,Some-college,10,Married-civ-spouse,Exec-managerial,Husband,White,Male,0,0,42,United-States,0
38,Private,43712,HS-grad,9,Married-civ-spouse,Adm-clerical,Husband,White,Male,0,0,55,United-States,0
64,Local-gov,209899,Some-college,10,Married-civ-spouse,Protective-serv,Husband,White,Male,0,0,35,United-States,0
69,Private,177374,HS-grad,9,Widowed,Adm-clerical,Unmarried,White,Female,1848,0,12,United-States,0
61,Private,244933,HS-grad,9,Divorced,Sales,Not-in-family,White,Female,0,0,38,United-States,0
37,Private,189922,Assoc-acdm,12,Married-civ-spouse,Tech-support,Husband,White,Male,0,0,50,United-States,1
20,Private,41432,Some-college,10,Never-married,Adm-clerical,Own-child,White,Female,0,0,46,United-States,0
26,Private,102476,HS-grad,9,Never-married,Craft-repair,Own-child,White,Male,0,0,40,United-States,0
56,State-gov,176538,Assoc-acdm,12,Never-married,Adm-clerical,Not-in-family,White,Female,0,0,45,United-States,0
39,Private,262158,Bachelors,13,Divorced,Exec-managerial,Unmarried,White,Female,0,0,45,United-States,0
19,Private,226913,Some-college,10,Never-married,Sales,Own-child,White,Female,0,0,20,United-States,0
60,Private,145995,Bachelors,13,Married-civ-spouse,Sales,Husband,White,Male,0,0,40,United-States,1
20,Private,143604,Some-college,10,Never-married,Sales,Unmarried,White,Female,0,0,2,United-States,0
38,Private,192337,12th,8,Married-civ-spouse,Craft-repair,Husband,White,Male,0,0,40,United-States,1
38,Local-gov,230054,Some-college,10,Married-civ-spouse,Farming-fishing,Husband,White,Male,0,0,40,United-States,0
51,Private,110458,Bachelors,13,Separated,Prof-specialty,Not-in-family,White,Male,0,0,40,United-States,0
37,Private,231180,HS-grad,9,Married-civ-spouse,Machine-op-inspct,Husband,White,Male,0,0,40,United-States,0
33,Private,401104,HS-grad,9,Married-civ-spouse,Handlers-cleaners,Husband,White,Male,0,0,50,United-States,1
35,Private,149347,HS-grad,9,Never-married,Craft-repair,Not-in-family,White,Male,0,0,70,United-States,0
31,Private,387116,Some-college,10,Never-married,Adm-clerical,Not-in-family,Black,Female,0,0,36,Jamaica,0
46,State-gov,327786,Assoc-voc,11,Divorced,Tech-support,Not-in-family,White,Female,3325,0,42,United-States,0
76,Local-gov,169133,Some-college,10,Widowed,Adm-clerical,Not-in-family,White,Female,0,0,30,United-States,0
33,Private,176673,HS-grad,9,Never-married,Machine-op-inspct,Not-in-family,Black,Female,0,0,40,United-States,0
22,Private,145477,HS-grad,9,Never-married,Handlers-cleaners,Own-child,Amer-Indian-Eskimo,Male,0,0,40,United-States,0
64,Federal-gov,86837,Assoc-acdm,12,Married-civ-spouse,Other-service,Husband,Asian-Pac-Islander,Male,0,0,40,United-States,1
53,Private,53812,Some-college,10,Widowed,Exec-managerial,Not-in-family,White,Female,0,0,54,United-States,0
45,Private,173658,Some-college,10,Separated,Sales,Unmarried,White,Female,0,0,35,United-States,0
18,Private,675421,9th,5,Never-married,Handlers-cleaners,Own-child,White,Male,594,0,40,United-States,0
49,Private,318331,HS-grad,9,Divorced,Machine-op-inspct,Not-in-family,White,Male,0,0,40,United-States,0
46,Private,146919,HS-grad,9,Separated,Sales,Not-in-family,White,Female,0,0,40,United-States,0
45,Private,331643,Some-college,10,Married-civ-spouse,Craft-repair,Husband,White,Male,0,0,40,United-States,1
54,State-gov,93449,Masters,14,Married-civ-spouse,Prof-specialty,Husband,Asian-Pac-Islander,Male,0,0,40,India,1
37,Private,59313,Some-college,10,Separated,Other-service,Not-in-family,Black,Male,0,0,40,,0
48,Self-emp-inc,138370,Masters,14,Married-spouse-absent,Sales,Not-in-family,Asian-Pac-Islander,Male,0,0,50,India,0
44,Private,185832,HS-grad,9,Married-civ-spouse,Machine-op-inspct,Husband,White,Male,7298,0,40,United-States,1
42,Private,87284,Prof-school,15,Married-civ-spouse,Prof-specialty,Husband,White,Male,7298,0,35,United-States,1
47,Private,26994,Some-college,10,Divorced,Adm-clerical,Not-in-family,White,Female,0,0,35,United-States,0
50,Private,134247,Some-college,10,Married-civ-spouse,Craft-repair,Husband,White,Male,0,0,50,United-States,1
23,Private,233280,Bachelors,13,Divorced,Adm-clerical,Not-in-family,White,Female,8614,0,70,United-States,1
55,Self-emp-inc,124137,Prof-school,15,Married-civ-spouse,Prof-specialty,Husband,White,Male,0,2415,35,Greece,1
46,State-gov,107682,HS-grad,9,Divorced,Adm-clerical,Not-in-family,White,Female,0,0,38,United-States,0
53,Private,117496,9th,5,Divorced,Other-service,Not-in-family,White,Female,0,0,36,Canada,0
22,,201179,Some-college,10,Never-married,,Own-child,White,Male,0,0,40,United-States,0
20,Private,38772,11th,7,Never-married,Other-service,Not-in-family,White,Male,0,0,40,United-States,0
31,Private,228873,HS-grad,9,Married-civ-spouse,Craft-repair,Husband,White,Male,0,0,40,United-States,0
36,State-gov,243666,HS-grad,9,Divorced,Adm-clerical,Own-child,Black,Female,0,0,40,United-States,0
36,Private,108997,HS-grad,9,Divorced,Adm-clerical,Unmarried,White,Female,0,0,40,United-States,0
53,Private,218630,HS-grad,9,Married-civ-spouse,Machine-op-inspct,Husband,White,Male,0,0,40,United-States,1
24,Private,72119,Bachelors,13,Never-married,Adm-clerical,Own-child,White,Male,2202,0,30,United-States,0
57,Private,24384,7th-8th,4,Widowed,Other-service,Not-in-family,White,Female,0,0,10,United-States,0
38,Private,174717,Bachelors,13,Married-civ-spouse,Sales,Husband,White,Male,0,0,50,United-States,1
45,Private,225456,Bachelors,13,Married-civ-spouse,Prof-specialty,Husband,White,Male,0,1977,40,United-States,1
36,Private,174717,Bachelors,13,Married-civ-spouse,Prof-specialty,Husband,White,Male,7688,0,40,United-States,1
33,Self-emp-not-inc,218164,HS-grad,9,Married-civ-spouse,Craft-repair,Husband,White,Male,0,0,40,United-States,0
63,Private,118798,HS-grad,9,Married-civ-spouse,Craft-repair,Husband,White,Male,99999,0,40,United-States,1
28,Self-emp-inc,80158,HS-grad,9,Never-married,Exec-managerial,Own-child,White,Male,0,0,40,United-States,0
41,Private,82049,HS-grad,9,Married-civ-spouse,Craft-repair,Husband,White,Male,0,0,40,United-States,1
23,Private,134446,HS-grad,9,Separated,Machine-op-inspct,Unmarried,Black,Male,0,0,54,United-States,0
43,Private,143368,HS-grad,9,Divorced,Farming-fishing,Not-in-family,Black,Male,0,0,40,United-States,0
32,Local-gov,84119,HS-grad,9,Married-civ-spouse,Craft-repair,Husband,White,Male,0,0,40,United-States,0
51,Private,179010,Some-college,10,Divorced,Sales,Not-in-family,White,Female,0,0,60,United-States,0
38,Self-emp-not-inc,589838,HS-grad,9,Married-civ-spouse,Craft-repair,Husband,White,Male,0,0,47,United-States,0
34,Private,206609,Some-college,10,Never-married,Sales,Unmarried,White,Male,0,0,35,United-States,0
32,Local-gov,223267,Masters,14,Married-civ-spouse,Prof-specialty,Husband,White,Male,0,0,48,United-States,0
30,Private,208068,HS-grad,9,Married-civ-spouse,Craft-repair,Husband,Other,Male,0,0,40,Mexico,0
33,State-gov,156015,Bachelors,13,Married-civ-spouse,Exec-managerial,Husband,White,Male,0,0,40,United-States,1
48,Private,45564,Assoc-voc,11,Divorced,Prof-specialty,Not-in-family,White,Male,4650,0,50,United-States,0
24,Private,254293,Bachelors,13,Never-married,Exec-managerial,Not-in-family,White,Male,2174,0,45,United-States,0
43,Private,190403,Bachelors,13,Married-civ-spouse,Other-service,Husband,White,Male,0,0,40,United-States,0
32,Private,352089,HS-grad,9,Divorced,Adm-clerical,Not-in-family,White,Female,0,0,38,United-States,0
42,Private,313945,Masters,14,Married-civ-spouse,Sales,Husband,White,Male,0,0,40,Ecuador,0
26,Private,93169,Assoc-acdm,12,Married-civ-spouse,Adm-clerical,Wife,White,Female,0,0,40,United-States,0
47,Self-emp-not-inc,185673,HS-grad,9,Married-civ-spouse,Exec-managerial,Husband,White,Male,0,0,50,United-States,1
41,Private,149909,Bachelors,13,Married-civ-spouse,Sales,Husband,White,Male,7688,0,50,United-States,1
35,Private,199501,Assoc-acdm,12,Divorced,Exec-managerial,Unmarried,Black,Female,0,0,50,Jamaica,0
50,Private,227458,HS-grad,9,Never-married,Exec-managerial,Unmarried,White,Male,0,0,51,United-States,0
18,Self-emp-inc,174202,HS-grad,9,Never-married,Transport-moving,Own-child,White,Male,0,0,60,United-States,0
48,Federal-gov,188081,HS-grad,9,Married-civ-spouse,Adm-clerical,Husband,White,Male,0,0,40,United-States,1
31,Private,175548,HS-grad,9,Never-married,Other-service,Not-in-family,Other,Female,0,0,35,United-States,0
39,Private,230054,Masters,14,Married-civ-spouse,Prof-specialty,Husband,White,Male,0,0,50,United-States,1
35,Private,122747,Bachelors,13,Married-civ-spouse,Prof-specialty,Husband,White,Male,0,0,50,United-States,1
20,Private,116830,HS-grad,9,Never-married,Machine-op-inspct,Own-child,White,Male,0,0,43,United-States,0
30,Private,115963,11th,7,Married-civ-spouse,Craft-repair,Husband,White,Male,0,0,40,United-States,0
39,Private,176050,Some-college,10,Married-civ-spouse,Exec-managerial,Husband,White,Male,0,1848,47,United-States,1
17,,54978,7th-8th,4,Never-married,,Own-child,White,Female,0,0,15,United-States,0
40,Private,199303,HS-grad,9,Married-civ-spouse,Craft-repair,Husband,White,Male,0,0,40,United-States,0
59,State-gov,49230,HS-grad,9,Widowed,Adm-clerical,Not-in-family,White,Female,0,0,40,United-States,0
47,Private,275361,Assoc-acdm,12,Widowed,Other-service,Own-child,White,Female,0,0,35,United-States,0
52,Self-emp-not-inc,34973,HS-grad,9,Married-civ-spouse,Farming-fishing,Husband,White,Male,0,1887,60,United-States,1
40,Private,85604,Masters,14,Married-civ-spouse,Prof-specialty,Husband,White,Male,0,0,55,United-States,0
34,Private,193036,Some-college,10,Married-civ-spouse,Adm-clerical,Husband,Black,Male,0,0,40,United-States,1
28,Private,435842,Bachelors,13,Married-civ-spouse,Exec-managerial,Husband,White,Male,0,0,40,United-States,0
35,Private,208106,HS-grad,9,Married-civ-spouse,Sales,Husband,White,Male,0,0,40,Ecuador,0
44,Private,151089,Bachelors,13,Married-civ-spouse,Prof-specialty,Husband,White,Male,0,1902,50,United-States,1
47,State-gov,54887,Doctorate,16,Married-civ-spouse,Prof-specialty,Husband,White,Male,0,0,40,United-States,1
40,Private,121772,Assoc-voc,11,Married-civ-spouse,Craft-repair,Husband,Asian-Pac-Islander,Male,0,0,40,,1
29,Private,244395,11th,7,Never-married,Other-service,Unmarried,Black,Female,0,0,40,United-States,0
24,Self-emp-not-inc,345420,7th-8th,4,Never-married,Farming-fishing,Other-relative,White,Male,0,0,50,United-States,0
58,Private,156493,HS-grad,9,Married-civ-spouse,Machine-op-inspct,Husband,White,Male,0,0,35,United-States,0
28,State-gov,239130,Some-college,10,Divorced,Other-service,Unmarried,White,Male,0,0,40,United-States,0
26,Private,402998,Bachelors,13,Married-civ-spouse,Prof-specialty,Husband,White,Male,0,0,58,United-States,1
68,Self-emp-inc,182131,Some-college,10,Married-civ-spouse,Exec-managerial,Husband,White,Male,10605,0,20,United-States,1
25,Private,394503,Some-college,10,Married-civ-spouse,Sales,Husband,White,Male,0,0,40,United-States,0
34,Private,248754,11th,7,Never-married,Machine-op-inspct,Not-in-family,White,Male,0,0,40,United-States,0
26,Private,247006,HS-grad,9,Married-civ-spouse,Exec-managerial,Husband,White,Male,0,0,52,United-States,0
47,Private,233511,HS-grad,9,Divorced,Exec-managerial,Not-in-family,White,Male,0,0,40,United-States,0
23,,55492,Assoc-voc,11,Never-married,,Not-in-family,Amer-Indian-Eskimo,Female,0,0,30,United-States,0
18,,379070,Some-college,10,Never-married,,Own-child,White,Male,0,0,40,United-States,0
29,Private,244721,Bachelors,13,Married-civ-spouse,Tech-support,Husband,White,Male,0,0,35,United-States,1
43,Self-emp-not-inc,75435,HS-grad,9,Divorced,Craft-repair,Unmarried,Amer-Indian-Eskimo,Male,0,0,30,United-States,0
64,Self-emp-inc,165667,Doctorate,16,Married-civ-spouse,Prof-specialty,Husband,White,Male,7688,0,60,Canada,1
18,Private,179203,Some-college,10,Never-married,Sales,Own-child,White,Female,0,0,20,United-States,0
44,Private,173590,Bachelors,13,Married-civ-spouse,Prof-specialty,Husband,White,Male,0,0,3,United-States,0
72,Federal-gov,217864,HS-grad,9,Married-civ-spouse,Adm-clerical,Husband,White,Male,0,0,40,United-States,1
30,Federal-gov,59951,Some-college,10,Married-civ-spouse,Adm-clerical,Own-child,White,Male,0,0,40,United-States,0
53,Federal-gov,147629,Assoc-acdm,12,Married-civ-spouse,Prof-specialty,Husband,White,Male,0,0,80,United-States,1
59,Private,47444,Some-college,10,Married-civ-spouse,Transport-moving,Husband,White,Male,0,0,74,United-States,1
31,Local-gov,220669,Bachelors,13,Never-married,Prof-specialty,Own-child,White,Female,6849,0,40,United-States,0
52,Private,87205,HS-grad,9,Divorced,Other-service,Not-in-family,White,Female,0,0,38,United-States,0
57,Self-emp-inc,161662,Bachelors,13,Married-civ-spouse,Exec-managerial,Husband,White,Male,7688,0,60,United-States,1
71,Self-emp-not-inc,143437,Masters,14,Married-civ-spouse,Sales,Husband,White,Male,10605,0,40,United-States,1
48,Private,187563,Masters,14,Married-civ-spouse,Craft-repair,Husband,White,Male,0,0,54,United-States,1
43,Private,475322,Some-college,10,Married-civ-spouse,Transport-moving,Husband,White,Male,0,0,50,United-States,1
49,Private,233639,11th,7,Married-civ-spouse,Other-service,Husband,White,Male,0,0,50,United-States,0
32,Private,206609,Bachelors,13,Married-civ-spouse,Exec-managerial,Husband,White,Male,0,0,60,United-States,1
67,,174995,Some-college,10,Married-civ-spouse,,Husband,White,Male,0,2457,40,United-States,0
41,Private,163287,Bachelors,13,Divorced,Transport-moving,Not-in-family,White,Male,0,0,48,United-States,0
44,Private,162643,HS-grad,9,Never-married,Adm-clerical,Not-in-family,White,Female,0,0,43,United-States,0
63,Private,196725,HS-grad,9,Widowed,Other-service,Unmarried,White,Female,0,0,24,United-States,0
35,Private,108293,Bachelors,13,Widowed,Prof-specialty,Unmarried,White,Female,0,0,32,United-States,1
45,Private,60267,HS-grad,9,Divorced,Adm-clerical,Unmarried,White,Female,0,0,38,United-States,0
51,Self-emp-inc,162943,Prof-school,15,Married-civ-spouse,Prof-specialty,Husband,White,Male,0,0,40,United-States,1
31,Private,339482,HS-grad,9,Married-civ-spouse,Craft-repair,Husband,White,Male,0,1848,40,United-States,1
53,Private,47396,Some-college,10,Married-civ-spouse,Adm-clerical,Husband,White,Male,0,0,50,United-States,1
52,Private,84788,10th,6,Never-married,Machine-op-inspct,Not-in-family,White,Male,0,0,40,United-States,0
54,Local-gov,173050,Masters,14,Married-civ-spouse,Prof-specialty,Husband,White,Male,7688,0,40,United-States,1
41,Self-emp-not-inc,49572,Some-college,10,Married-civ-spouse,Exec-managerial,Husband,White,Male,0,0,60,United-States,0
50,Private,162327,Some-college,10,Married-civ-spouse,Handlers-cleaners,Husband,White,Male,0,0,50,United-States,0
39,Self-emp-not-inc,194004,HS-grad,9,Married-civ-spouse,Sales,Husband,White,Male,0,0,70,United-States,0
62,Local-gov,106069,7th-8th,4,Married-civ-spouse,Craft-repair,Husband,White,Male,0,0,40,United-States,0
32,Self-emp-not-inc,116834,HS-grad,9,Married-civ-spouse,Other-service,Wife,White,Female,0,0,5,,0
47,Federal-gov,160647,HS-grad,9,Separated,Adm-clerical,Unmarried,White,Female,0,0,40,United-States,0
45,Self-emp-inc,185497,Bachelors,13,Married-civ-spouse,Exec-managerial,Wife,Asian-Pac-Islander,Female,0,0,70,,0
24,Private,228649,Bachelors,13,Never-married,Adm-clerical,Own-child,White,Male,0,0,38,United-States,0
40,Private,140559,HS-grad,9,Married-civ-spouse,Priv-house-serv,Wife,White,Female,0,0,45,United-States,0
28,Self-emp-not-inc,39388,Assoc-voc,11,Married-civ-spouse,Farming-fishing,Husband,White,Male,0,0,60,United-States,0
47,Private,191411,Masters,14,Married-civ-spouse,Prof-specialty,Husband,Asian-Pac-Islander,Male,0,0,45,India,0
23,Private,35633,Some-college,10,Never-married,Sales,Not-in-family,White,Male,0,0,40,United-States,0
56,Private,298695,7th-8th,4,Married-civ-spouse,Machine-op-inspct,Husband,White,Male,0,0,48,United-States,0
36,Private,397877,HS-grad,9,Married-civ-spouse,Craft-repair,Husband,White,Male,5013,0,30,United-States,0
27,Private,366066,Assoc-acdm,12,Never-married,Sales,Own-child,White,Female,0,0,40,United-States,0
51,Private,85382,HS-grad,9,Married-civ-spouse,Craft-repair,Husband,White,Male,0,0,55,United-States,1
47,Local-gov,244813,HS-grad,9,Married-civ-spouse,Exec-managerial,Husband,White,Male,0,0,40,United-States,0
37,Private,171393,HS-grad,9,Married-civ-spouse,Sales,Husband,White,Male,0,1740,40,United-States,0
35,Private,98283,Prof-school,15,Never-married,Prof-specialty,Not-in-family,Asian-Pac-Islander,Male,0,0,40,India,1
35,Private,110668,HS-grad,9,Married-civ-spouse,Machine-op-inspct,Wife,Black,Female,0,0,35,United-States,0
29,Private,121040,Assoc-voc,11,Separated,Adm-clerical,Unmarried,Black,Female,0,0,40,United-States,0
23,Private,233626,Bachelors,13,Never-married,Sales,Not-in-family,White,Male,0,0,25,United-States,0
31,Local-gov,152109,Some-college,10,Married-civ-spouse,Adm-clerical,Husband,White,Male,0,0,30,United-States,0
24,Private,155913,Bachelors,13,Married-civ-spouse,Prof-specialty,Husband,White,Male,0,0,44,United-States,0
45,Self-emp-not-inc,183710,9th,5,Married-civ-spouse,Farming-fishing,Husband,White,Male,0,0,40,United-States,0
37,Private,387430,Some-college,10,Married-civ-spouse,Adm-clerical,Husband,White,Male,0,0,37,United-States,0
36,Private,131239,Bachelors,13,Married-civ-spouse,Prof-specialty,Husband,White,Male,3103,0,45,United-States,1
45,Private,114797,HS-grad,9,Separated,Machine-op-inspct,Unmarried,Black,Female,0,0,40,United-States,0
24,Private,198148,Some-college,10,Never-married,Other-service,Own-child,White,Male,0,0,30,United-States,0
33,Private,96128,11th,7,Never-married,Craft-repair,Own-child,White,Male,0,0,40,United-States,0
32,Private,110279,Assoc-acdm,12,Divorced,Prof-specialty,Unmarried,Black,Female,0,0,35,United-States,0
50,Private,339954,HS-grad,9,Married-civ-spouse,Craft-repair,Husband,White,Male,0,0,40,United-States,1
26,Private,82091,HS-grad,9,Never-married,Adm-clerical,Not-in-family,White,Female,0,0,39,United-States,0
28,,60726,HS-grad,9,Never-married,,Own-child,Black,Male,0,0,40,United-States,0
59,Private,170148,Some-college,10,Divorced,Other-service,Unmarried,White,Female,0,0,32,United-States,0
27,Private,198813,HS-grad,9,Divorced,Adm-clerical,Own-child,Black,Female,0,0,40,United-States,0
39,Private,58972,Assoc-acdm,12,Divorced,Exec-managerial,Unmarried,White,Male,1506,0,40,United-States,0
22,Private,174461,Bachelors,13,Never-married,Adm-clerical,Not-in-family,White,Female,0,0,40,United-States,0
39,Private,343403,HS-grad,9,Married-civ-spouse,Sales,Wife,White,Female,0,0,36,United-States,0
70,State-gov,345339,Bachelors,13,Never-married,Exec-managerial,Not-in-family,White,Male,0,0,40,United-States,0
52,Private,35598,HS-grad,9,Divorced,Transport-moving,Unmarried,White,Male,0,0,40,United-States,0
35,Private,51700,Some-college,10,Never-married,Transport-moving,Not-in-family,White,Male,0,0,40,United-States,0
43,Private,326379,HS-grad,9,Divorced,Craft-repair,Not-in-family,White,Male,0,0,40,United-States,0
30,Private,205204,HS-grad,9,Never-married,Adm-clerical,Own-child,White,Female,0,0,40,United-States,0
20,Private,107658,Some-college,10,Never-married,Tech-support,Not-in-family,White,Female,0,0,10,United-States,0
21,Private,145917,Some-college,10,Never-married,Adm-clerical,Own-child,White,Female,0,0,20,United-States,0
34,Local-gov,226296,Bachelors,13,Married-civ-spouse,Protective-serv,Husband,White,Male,0,0,40,United-States,1
35,Private,169104,Some-college,10,Married-spouse-absent,Craft-repair,Not-in-family,White,Male,0,0,40,United-States,0
37,Private,180342,Bachelors,13,Never-married,Sales,Not-in-family,White,Male,0,0,45,United-States,0
29,Private,148429,HS-grad,9,Married-civ-spouse,Farming-fishing,Husband,White,Male,0,0,60,United-States,0
50,Self-emp-inc,304955,Bachelors,13,Married-civ-spouse,Sales,Husband,White,Male,0,0,60,United-States,1
25,Private,164488,Assoc-acdm,12,Never-married,Exec-managerial,Own-child,White,Male,0,0,45,United-States,0
39,Private,172186,Some-college,10,Married-civ-spouse,Exec-managerial,Husband,White,Male,0,0,40,United-States,1
39,Self-emp-not-inc,327120,HS-grad,9,Married-civ-spouse,Craft-repair,Husband,White,Male,0,0,40,Portugal,0
24,Private,354351,HS-grad,9,Never-married,Craft-repair,Own-child,White,Male,0,0,40,United-States,0
34,Private,150154,HS-grad,9,Never-married,Adm-clerical,Own-child,White,Male,0,0,40,United-States,0
56,Federal-gov,156842,Some-college,10,Separated,Other-service,Not-in-family,Black,Male,0,0,40,United-States,0
61,State-gov,349434,Bachelors,13,Divorced,Exec-managerial,Unmarried,Black,Female,0,0,40,United-States,0
35,Private,180419,HS-grad,9,Never-married,Machine-op-inspct,Not-in-family,White,Male,0,0,40,United-States,0
24,Private,278155,Some-college,10,Never-married,Machine-op-inspct,Not-in-family,White,Male,0,0,30,United-States,0
39,Self-emp-not-inc,37019,HS-grad,9,Married-civ-spouse,Craft-repair,Husband,White,Male,0,0,60,United-States,0
29,Self-emp-not-inc,142519,HS-grad,9,Married-civ-spouse,Machine-op-inspct,Husband,White,Male,0,0,40,United-States,0
41,Private,109912,Bachelors,13,Never-married,Other-service,Not-in-family,White,Female,0,0,40,,0
30,Private,77634,HS-grad,9,Married-civ-spouse,Exec-managerial,Husband,White,Male,0,0,40,United-States,0
32,Private,94041,Assoc-voc,11,Never-married,Craft-repair,Not-in-family,White,Male,0,0,44,Ireland,0
39,Private,186183,Masters,14,Married-civ-spouse,Prof-specialty,Husband,White,Male,0,0,40,United-States,1
40,Private,367533,HS-grad,9,Divorced,Craft-repair,Not-in-family,White,Male,0,0,40,United-States,0
54,Local-gov,288825,HS-grad,9,Married-civ-spouse,Transport-moving,Husband,Black,Male,0,0,40,United-States,0
50,Private,27484,HS-grad,9,Married-civ-spouse,Exec-managerial,Husband,White,Male,0,0,50,United-States,1
43,Federal-gov,32016,Masters,14,Married-civ-spouse,Prof-specialty,Husband,White,Male,0,0,40,United-States,1
35,Local-gov,116960,Masters,14,Married-civ-spouse,Prof-specialty,Husband,White,Male,0,1887,40,United-States,1
29,Local-gov,289991,Masters,14,Married-civ-spouse,Prof-specialty,Husband,White,Male,0,0,50,United-States,0
30,Private,252646,Some-college,10,Separated,Transport-moving,Not-in-family,White,Male,0,0,20,United-States,0
22,Private,288132,Some-college,10,Never-married,Sales,Own-child,White,Female,0,0,35,United-States,0
19,Private,238969,HS-grad,9,Never-married,Handlers-cleaners,Own-child,White,Male,0,0,10,United-States,0
73,Local-gov,222702,10th,6,Married-civ-spouse,Farming-fishing,Husband,White,Male,0,0,5,United-States,0
59,Private,99131,HS-grad,9,Married-civ-spouse,Adm-clerical,Wife,White,Female,0,0,40,United-States,0
46,Self-emp-not-inc,366089,Bachelors,13,Married-civ-spouse,Sales,Husband,White,Male,0,0,60,United-States,1
22,Private,48347,Bachelors,13,Never-married,Farming-fishing,Own-child,White,Male,0,0,40,United-States,0
33,Private,150570,Bachelors,13,Married-civ-spouse,Prof-specialty,Husband,White,Male,3103,0,43,United-States,1
56,Private,345730,Bachelors,13,Married-civ-spouse,Prof-specialty,Husband,White,Male,0,0,45,United-States,1
52,Private,157413,1st-4th,2,Divorced,Farming-fishing,Not-in-family,Black,Male,0,0,40,United-States,0
48,Private,174794,Assoc-voc,11,Divorced,Adm-clerical,Unmarried,White,Female,0,0,40,United-States,0
30,Private,761800,11th,7,Married-civ-spouse,Exec-managerial,Husband,White,Male,0,0,40,United-States,0
40,Local-gov,95639,HS-grad,9,Never-married,Craft-repair,Other-relative,Amer-Indian-Eskimo,Male,0,0,40,United-States,0
36,Private,298753,Some-college,10,Divorced,Exec-managerial,Not-in-family,White,Female,0,0,60,United-States,0
33,Local-gov,319280,Some-college,10,Never-married,Tech-support,Not-in-family,White,Male,0,0,40,United-States,0
58,Private,292710,Assoc-acdm,12,Divorced,Prof-specialty,Not-in-family,White,Male,0,0,36,United-States,0
33,Private,172664,Some-college,10,Married-civ-spouse,Exec-managerial,Husband,White,Male,0,0,70,United-States,1
48,Private,65353,Assoc-voc,11,Married-civ-spouse,Craft-repair,Husband,White,Male,0,0,42,United-States,0
25,Private,189334,11th,7,Married-civ-spouse,Transport-moving,Husband,White,Male,0,0,40,United-States,0
42,Local-gov,143046,HS-grad,9,Widowed,Transport-moving,Unmarried,White,Female,0,0,40,United-States,0
41,Local-gov,201435,HS-grad,9,Married-civ-spouse,Transport-moving,Husband,Black,Male,0,0,40,United-States,0
21,Private,126568,HS-grad,9,Never-married,Adm-clerical,Other-relative,White,Male,0,0,40,United-States,0
50,Private,132465,1st-4th,2,Married-spouse-absent,Other-service,Not-in-family,White,Male,0,0,40,Mexico,0
41,Self-emp-inc,149102,Bachelors,13,Married-civ-spouse,Exec-managerial,Husband,White,Male,0,0,35,United-States,1
25,Private,67222,Some-college,10,Never-married,Machine-op-inspct,Not-in-family,Asian-Pac-Islander,Male,0,0,40,Philippines,0
51,Federal-gov,100653,HS-grad,9,Divorced,Adm-clerical,Not-in-family,White,Female,0,0,8,United-States,0
19,Private,41163,HS-grad,9,Never-married,Sales,Not-in-family,White,Male,0,0,38,United-States,0
35,Private,162601,HS-grad,9,Divorced,Adm-clerical,Unmarried,White,Female,0,0,40,United-States,0
29,Private,227890,HS-grad,9,Never-married,Protective-serv,Other-relative,Black,Male,0,0,40,United-States,0
25,Private,157900,Some-college,10,Separated,Adm-clerical,Unmarried,White,Female,0,0,40,United-States,0
34,Self-emp-not-inc,192259,Prof-school,15,Married-civ-spouse,Prof-specialty,Husband,White,Male,0,0,35,United-States,1
42,Self-emp-not-inc,120837,HS-grad,9,Married-civ-spouse,Craft-repair,Husband,White,Male,0,2042,48,United-States,0
36,Self-emp-not-inc,125933,Some-college,10,Married-civ-spouse,Sales,Husband,White,Male,5178,0,50,United-States,1
32,Local-gov,110100,Assoc-voc,11,Divorced,Prof-specialty,Unmarried,Black,Female,0,0,40,United-States,0
67,Private,116502,HS-grad,9,Married-civ-spouse,Sales,Husband,White,Male,0,0,30,United-States,0
47,Local-gov,36169,Masters,14,Married-civ-spouse,Prof-specialty,Husband,White,Male,0,0,60,United-States,1
42,Private,79036,HS-grad,9,Divorced,Handlers-cleaners,Unmarried,White,Male,0,0,40,United-States,0
24,Private,195770,Some-college,10,Never-married,Exec-managerial,Own-child,White,Male,0,0,40,United-States,0
53,Private,258832,HS-grad,9,Never-married,Other-service,Other-relative,Asian-Pac-Islander,Male,0,0,10,Philippines,0
23,State-gov,298871,Some-college,10,Married-civ-spouse,Adm-clerical,Husband,Asian-Pac-Islander,Male,0,0,40,Vietnam,0
53,Private,200190,Some-college,10,Divorced,Craft-repair,Not-in-family,White,Male,0,0,40,United-States,1
33,Private,212918,Some-college,10,Never-married,Tech-support,Not-in-family,White,Male,0,0,70,United-States,0
26,Private,137658,Some-college,10,Never-married,Adm-clerical,Not-in-family,White,Female,0,0,45,United-States,0
40,Private,233130,7th-8th,4,Married-civ-spouse,Craft-repair,Husband,White,Male,0,0,40,El-Salvador,0
17,Private,41979,10th,6,Never-married,Farming-fishing,Own-child,White,Male,0,0,40,United-States,0
20,,39803,Some-college,10,Never-married,,Own-child,White,Male,0,0,40,United-States,0
22,Private,336101,Some-college,10,Never-married,Other-service,Not-in-family,White,Female,0,0,30,United-States,0
30,Self-emp-not-inc,55912,Bachelors,13,Married-civ-spouse,Sales,Husband,White,Male,0,0,50,United-States,0
33,Private,103596,Assoc-voc,11,Married-civ-spouse,Transport-moving,Husband,White,Male,0,0,40,United-States,0
46,Local-gov,165484,Assoc-acdm,12,Married-civ-spouse,Exec-managerial,Husband,White,Male,0,0,44,United-States,1
43,Private,221172,Bachelors,13,Married-civ-spouse,Tech-support,Husband,White,Male,0,0,24,United-States,1
36,Private,54229,Assoc-acdm,12,Married-civ-spouse,Exec-managerial,Wife,White,Female,0,0,37,United-States,0
68,Self-emp-not-inc,166083,HS-grad,9,Married-civ-spouse,Exec-managerial,Husband,White,Male,0,0,40,United-States,1
90,Private,51744,HS-grad,9,Never-married,Other-service,Not-in-family,Black,Male,0,2206,40,United-States,0
32,Private,101283,HS-grad,9,Never-married,Handlers-cleaners,Not-in-family,White,Female,0,0,35,United-States,0
27,Private,275110,HS-grad,9,Married-civ-spouse,Handlers-cleaners,Husband,Black,Male,0,0,80,United-States,1
42,Local-gov,174575,Bachelors,13,Married-civ-spouse,Prof-specialty,Husband,White,Male,5178,0,40,United-States,1
26,Private,284078,Some-college,10,Never-married,Transport-moving,Not-in-family,White,Male,2354,0,40,United-States,0
36,Private,34744,Assoc-acdm,12,Divorced,Other-service,Unmarried,White,Female,0,0,37,United-States,0
52,Self-emp-not-inc,334273,Bachelors,13,Married-civ-spouse,Prof-specialty,Husband,White,Male,0,0,60,United-States,1
68,Local-gov,177596,10th,6,Separated,Other-service,Not-in-family,Black,Female,0,0,90,United-States,0
30,State-gov,252818,Some-college,10,Never-married,Prof-specialty,Not-in-family,White,Female,0,0,40,United-States,0
42,Private,99373,HS-grad,9,Never-married,Machine-op-inspct,Not-in-family,White,Female,0,0,40,United-States,0
45,Local-gov,238386,Some-college,10,Married-civ-spouse,Protective-serv,Husband,White,Male,0,0,40,United-States,1
21,Private,234640,HS-grad,9,Never-married,Exec-managerial,Not-in-family,White,Female,0,0,47,United-States,0
33,Private,111746,Assoc-acdm,12,Married-civ-spouse,Craft-repair,Husband,White,Male,0,0,45,Portugal,0
17,Private,95909,11th,7,Never-married,Handlers-cleaners,Own-child,White,Male,0,0,12,United-States,0
41,Private,41090,HS-grad,9,Married-civ-spouse,Craft-repair,Husband,White,Male,0,2002,60,United-States,0
43,Local-gov,101563,Bachelors,13,Married-civ-spouse,Prof-specialty,Husband,White,Male,0,0,40,United-States,0
41,Private,177905,Masters,14,Married-civ-spouse,Prof-specialty,Husband,White,Male,0,0,45,United-States,1
42,Self-emp-not-inc,221172,HS-grad,9,Divorced,Craft-repair,Not-in-family,White,Male,0,0,40,United-States,0
25,Private,304032,HS-grad,9,Never-married,Adm-clerical,Own-child,White,Male,0,0,36,United-States,0
31,Private,247328,5th-6th,3,Never-married,Transport-moving,Not-in-family,White,Male,0,0,30,El-Salvador,0
23,Private,52262,Assoc-voc,11,Married-civ-spouse,Craft-repair,Husband,White,Male,0,0,40,United-States,0
58,Private,119558,HS-grad,9,Married-civ-spouse,Exec-managerial,Husband,White,Male,0,0,50,United-States,1
39,Private,173476,Prof-school,15,Married-civ-spouse,Craft-repair,Husband,White,Male,7688,0,40,United-States,1
49,Private,91608,Some-college,10,Married-civ-spouse,Craft-repair,Husband,White,Male,0,0,40,United-States,0
21,,117210,Some-college,10,Never-married,,Not-in-family,White,Male,0,0,40,United-States,0
32,Private,198660,Some-college,10,Married-civ-spouse,Craft-repair,Husband,White,Male,0,0,40,United-States,0
53,Private,169182,10th,6,Married-spouse-absent,Machine-op-inspct,Not-in-family,White,Female,0,0,40,Columbia,0
72,Self-emp-inc,473748,Some-college,10,Married-civ-spouse,Exec-managerial,Husband,White,Male,0,0,25,United-States,1
18,Private,229296,HS-grad,9,Never-married,Handlers-cleaners,Own-child,White,Male,0,0,35,United-States,0
41,Local-gov,106982,Bachelors,13,Married-civ-spouse,Prof-specialty,Wife,White,Female,0,0,52,United-States,0
30,Federal-gov,266463,HS-grad,9,Married-civ-spouse,Adm-clerical,Husband,White,Male,0,0,40,United-States,1
38,Private,108140,Masters,14,Married-civ-spouse,Prof-specialty,Husband,White,Male,0,0,50,United-States,1
25,Private,211497,Some-college,10,Married-civ-spouse,Exec-managerial,Husband,White,Male,0,0,40,United-States,0
19,,143867,Some-college,10,Never-married,,Own-child,White,Male,0,0,40,United-States,0
39,Private,101073,Assoc-acdm,12,Married-civ-spouse,Sales,Husband,White,Male,0,0,24,United-States,0
63,,170529,Bachelors,13,Married-civ-spouse,,Wife,Black,Female,0,0,45,United-States,0
32,Self-emp-inc,169152,Assoc-voc,11,Divorced,Exec-managerial,Not-in-family,White,Female,10520,0,80,Greece,1
49,Private,187308,Some-college,10,Married-civ-spouse,Other-service,Other-relative,White,Male,0,0,35,United-States,0
28,Private,167336,HS-grad,9,Married-civ-spouse,Exec-managerial,Wife,White,Female,0,0,45,United-States,1
31,Private,187203,HS-grad,9,Never-married,Sales,Other-relative,White,Male,0,0,40,United-States,0
22,Private,200318,Assoc-acdm,12,Never-married,Adm-clerical,Not-in-family,White,Female,0,0,15,United-States,0
17,,41643,11th,7,Never-married,,Own-child,White,Female,0,0,15,United-States,0
57,Private,36990,HS-grad,9,Married-civ-spouse,Craft-repair,Husband,Black,Male,0,0,52,United-States,0
19,Self-emp-not-inc,227310,Some-college,10,Never-married,Other-service,Own-child,White,Female,0,0,25,United-States,0
39,Self-emp-not-inc,41017,10th,6,Married-civ-spouse,Transport-moving,Husband,White,Male,0,0,70,United-States,0
20,,376474,Some-college,10,Never-married,,Own-child,White,Male,0,0,32,United-States,0
26,Private,124953,HS-grad,9,Never-married,Tech-support,Not-in-family,White,Male,0,0,40,,0
17,Private,52486,11th,7,Never-married,Other-service,Own-child,White,Female,0,0,12,United-States,0
18,Private,152004,11th,7,Never-married,Other-service,Own-child,Black,Male,0,0,20,United-States,0
49,State-gov,102308,Bachelors,13,Married-civ-spouse,Prof-specialty,Husband,White,Male,0,0,42,United-States,1
21,Private,30619,Some-college,10,Never-married,Exec-managerial,Not-in-family,White,Female,0,0,38,United-States,0
40,Private,264663,Bachelors,13,Never-married,Prof-specialty,Own-child,White,Female,0,0,60,United-States,0
36,Self-emp-not-inc,125933,Prof-school,15,Never-married,Prof-specialty,Not-in-family,White,Male,0,0,55,United-States,1
23,Private,210053,Some-college,10,Never-married,Other-service,Not-in-family,White,Female,0,0,28,United-States,0
59,Private,113838,Bachelors,13,Widowed,Prof-specialty,Not-in-family,White,Female,4650,0,37,United-States,0
57,Private,233382,Masters,14,Never-married,Exec-managerial,Not-in-family,White,Male,0,0,40,Cuba,0
25,Private,176047,HS-grad,9,Never-married,Machine-op-inspct,Own-child,White,Female,2176,0,40,United-States,0
39,Private,433592,HS-grad,9,Married-civ-spouse,Transport-moving,Husband,Black,Male,0,0,45,United-States,1
44,Private,175943,Bachelors,13,Married-civ-spouse,Prof-specialty,Wife,White,Female,0,0,20,United-States,0
30,Private,189759,Bachelors,13,Never-married,Sales,Not-in-family,White,Male,0,0,40,United-States,0
21,Private,112225,Some-college,10,Never-married,Exec-managerial,Own-child,Asian-Pac-Islander,Male,0,0,15,United-States,0
48,Private,76017,HS-grad,9,Widowed,Other-service,Unmarried,White,Female,0,0,25,United-States,0
35,Private,302149,Some-college,10,Married-civ-spouse,Craft-repair,Husband,Asian-Pac-Islander,Male,0,0,40,Cambodia,1
62,Private,98076,Bachelors,13,Married-civ-spouse,Exec-managerial,Husband,White,Male,0,0,40,United-States,1
26,Private,41521,HS-grad,9,Never-married,Other-service,Not-in-family,White,Female,0,0,35,United-States,0
46,Private,279196,Bachelors,13,Never-married,Craft-repair,Not-in-family,White,Female,0,0,40,United-States,0
41,Private,309932,11th,7,Married-civ-spouse,Craft-repair,Husband,White,Male,0,0,40,United-States,0
26,Private,666014,Bachelors,13,Never-married,Exec-managerial,Not-in-family,White,Female,0,0,50,United-States,0
51,Private,136121,Assoc-voc,11,Divorced,Adm-clerical,Unmarried,White,Female,0,0,38,United-States,0
22,,122048,Some-college,10,Never-married,,Own-child,White,Female,0,0,35,United-States,0
36,Self-emp-not-inc,166193,HS-grad,9,Married-civ-spouse,Sales,Husband,White,Male,0,0,30,United-States,0
31,,505438,HS-grad,9,Married-civ-spouse,,Husband,White,Male,0,0,30,Mexico,0
18,Private,70240,HS-grad,9,Never-married,Sales,Own-child,Asian-Pac-Islander,Female,0,0,40,United-States,0
47,Local-gov,204377,Some-college,10,Never-married,Other-service,Own-child,White,Female,0,0,20,United-States,0
46,Private,72896,9th,5,Married-civ-spouse,Machine-op-inspct,Husband,White,Male,0,0,43,United-States,0
18,Private,84253,11th,7,Never-married,Other-service,Own-child,White,Female,0,0,24,United-States,0
41,Self-emp-not-inc,233150,HS-grad,9,Married-civ-spouse,Exec-managerial,Husband,White,Male,0,0,60,United-States,0
62,,225657,HS-grad,9,Married-civ-spouse,,Husband,White,Male,0,0,24,United-States,0
38,Private,227615,11th,7,Married-civ-spouse,Craft-repair,Husband,White,Male,0,0,40,Mexico,0
31,Private,161765,Some-college,10,Married-civ-spouse,Sales,Husband,White,Male,0,2051,57,United-States,0
21,Private,204596,Some-college,10,Never-married,Other-service,Own-child,White,Female,0,0,20,United-States,0
51,Private,508891,HS-grad,9,Divorced,Machine-op-inspct,Own-child,Black,Male,0,0,40,United-States,0
66,Private,340734,HS-grad,9,Married-civ-spouse,Sales,Husband,White,Male,0,0,40,United-States,0
20,Private,39477,Some-college,10,Never-married,Prof-specialty,Not-in-family,White,Female,0,0,30,United-States,0
46,Self-emp-inc,125892,Masters,14,Married-civ-spouse,Sales,Husband,White,Male,0,0,50,United-States,1
41,Private,132633,11th,7,Divorced,Priv-house-serv,Unmarried,White,Female,0,0,25,Guatemala,0
23,Private,110677,Some-college,10,Never-married,Other-service,Own-child,White,Female,0,0,15,United-States,0
39,Local-gov,112284,Masters,14,Divorced,Prof-specialty,Not-in-family,White,Female,0,0,40,United-States,0
20,Private,203027,HS-grad,9,Never-married,Farming-fishing,Not-in-family,White,Male,0,0,55,United-States,0
29,Local-gov,128091,HS-grad,9,Never-married,Transport-moving,Unmarried,White,Female,0,0,40,United-States,0
32,Private,101345,Masters,14,Never-married,Prof-specialty,Own-child,White,Female,0,1741,40,United-States,0
23,Private,176486,Assoc-voc,11,Never-married,Adm-clerical,Own-child,White,Female,0,0,36,United-States,0
35,Private,114765,Masters,14,Never-married,Prof-specialty,Not-in-family,White,Female,0,0,38,United-States,1
53,Local-gov,283602,Masters,14,Married-civ-spouse,Prof-specialty,Wife,White,Female,15024,0,40,United-States,1
29,Private,105422,HS-grad,9,Married-civ-spouse,Prof-specialty,Husband,White,Male,0,0,40,United-States,1
19,Private,393712,HS-grad,9,Never-married,Adm-clerical,Own-child,White,Female,0,0,20,United-States,0
42,Private,44121,Masters,14,Divorced,Prof-specialty,Not-in-family,White,Female,0,1876,40,United-States,0
45,Self-emp-inc,88500,Bachelors,13,Married-civ-spouse,Sales,Husband,White,Male,7298,0,40,United-States,1
65,Self-emp-not-inc,99359,Prof-school,15,Never-married,Prof-specialty,Not-in-family,White,Male,1086,0,60,United-States,0
22,Private,197387,Some-college,10,Never-married,Handlers-cleaners,Other-relative,White,Male,0,0,24,Mexico,0
19,,264767,HS-grad,9,Never-married,,Own-child,White,Male,0,0,40,United-States,0
28,Private,53271,HS-grad,9,Never-married,Transport-moving,Other-relative,White,Male,0,0,38,United-States,0
29,Private,134566,Masters,14,Married-civ-spouse,Sales,Husband,White,Male,0,0,20,United-States,0
17,Private,209650,10th,6,Never-married,Other-service,Own-child,White,Male,0,0,15,United-States,0
41,Private,192779,7th-8th,4,Married-civ-spouse,Other-service,Husband,White,Male,0,0,40,,0
17,Private,201412,10th,6,Never-married,Farming-fishing,Own-child,White,Male,594,0,5,United-States,0
54,Self-emp-not-inc,180522,HS-grad,9,Married-civ-spouse,Sales,Husband,White,Male,0,0,70,United-States,0
57,Private,204816,Masters,14,Divorced,Prof-specialty,Not-in-family,White,Male,0,0,30,United-States,0
25,State-gov,203279,Bachelors,13,Never-married,Prof-specialty,Not-in-family,Asian-Pac-Islander,Male,0,0,20,India,0
57,Private,161662,HS-grad,9,Married-spouse-absent,Craft-repair,Not-in-family,White,Male,4650,0,40,United-States,0
31,Private,202822,Some-college,10,Divorced,Adm-clerical,Unmarried,Black,Female,0,0,40,United-States,0
44,Local-gov,24982,Some-college,10,Married-civ-spouse,Exec-managerial,Husband,White,Male,0,0,40,United-States,1
47,Private,209057,Some-college,10,Divorced,Craft-repair,Unmarried,White,Male,0,0,40,United-States,1
21,,163665,Some-college,10,Never-married,,Own-child,White,Female,0,0,40,United-States,0
41,Private,76625,HS-grad,9,Married-civ-spouse,Craft-repair,Husband,White,Male,0,0,40,United-States,0
50,Private,180195,Doctorate,16,Married-civ-spouse,Prof-specialty,Husband,White,Male,99999,0,50,United-States,1
49,Local-gov,229337,HS-grad,9,Separated,Other-service,Not-in-family,White,Male,0,0,40,United-States,0
38,Private,478346,HS-grad,9,Married-civ-spouse,Exec-managerial,Wife,White,Female,7688,0,40,United-States,1
38,Private,22245,Masters,14,Married-civ-spouse,Transport-moving,Husband,White,Male,0,0,72,,1
39,Self-emp-not-inc,154641,HS-grad,9,Divorced,Farming-fishing,Not-in-family,White,Male,8614,0,50,United-States,1
37,Private,164193,Assoc-voc,11,Married-civ-spouse,Adm-clerical,Husband,White,Male,0,0,40,United-States,0
18,Private,278141,11th,7,Married-civ-spouse,Other-service,Husband,White,Male,0,0,35,United-States,0
30,Private,432565,Assoc-voc,11,Married-civ-spouse,Tech-support,Other-relative,White,Female,0,0,40,Canada,1
36,Private,285865,Assoc-acdm,12,Separated,Other-service,Unmarried,Black,Female,0,0,32,United-States,0
22,Private,335453,HS-grad,9,Never-married,Adm-clerical,Not-in-family,White,Female,0,0,60,United-States,0
61,Private,137733,Some-college,10,Divorced,Other-service,Not-in-family,White,Male,0,0,25,United-States,0
44,Local-gov,171589,Assoc-voc,11,Married-civ-spouse,Craft-repair,Husband,White,Male,7688,0,40,United-States,1
40,State-gov,21189,Bachelors,13,Divorced,Adm-clerical,Other-relative,Black,Female,0,0,32,United-States,0
34,Private,160216,Bachelors,13,Never-married,Exec-managerial,Not-in-family,White,Female,0,0,55,United-States,1
53,Private,156612,12th,8,Divorced,Transport-moving,Not-in-family,White,Female,0,0,40,United-States,0
42,Private,413297,Some-college,10,Married-civ-spouse,Tech-support,Husband,White,Male,0,0,40,United-States,0
60,Local-gov,169015,Some-college,10,Widowed,Exec-managerial,Not-in-family,White,Female,0,0,40,United-States,0
43,Private,222635,11th,7,Divorced,Farming-fishing,Not-in-family,White,Male,0,0,80,United-States,0
28,Private,82488,HS-grad,9,Divorced,Tech-support,Own-child,Asian-Pac-Islander,Female,0,0,40,United-States,0
57,Private,106910,Assoc-voc,11,Divorced,Other-service,Other-relative,Asian-Pac-Islander,Female,0,0,40,Outlying-US(Guam-USVI-etc),0
83,Private,186112,Some-college,10,Never-married,Exec-managerial,Not-in-family,White,Female,0,0,40,United-States,0
51,Private,29580,11th,7,Married-civ-spouse,Sales,Husband,White,Male,4386,0,30,United-States,1
34,Private,188736,HS-grad,9,Married-civ-spouse,Machine-op-inspct,Other-relative,Other,Female,0,0,20,Columbia,0
58,Private,88572,HS-grad,9,Divorced,Adm-clerical,Unmarried,White,Female,0,0,45,United-States,0
37,Private,86308,Bachelors,13,Married-civ-spouse,Prof-specialty,Wife,Asian-Pac-Islander,Female,0,0,40,Philippines,1
38,Private,49020,HS-grad,9,Married-civ-spouse,Craft-repair,Husband,White,Male,0,0,40,United-States,0
34,Private,116677,Some-college,10,Married-civ-spouse,Handlers-cleaners,Husband,White,Male,0,0,40,United-States,0
46,Private,180532,Bachelors,13,Married-civ-spouse,Sales,Husband,White,Male,0,0,50,United-States,1
50,Self-emp-inc,219420,HS-grad,9,Married-civ-spouse,Sales,Husband,White,Male,0,0,50,United-States,1
22,Private,336215,Assoc-acdm,12,Never-married,Adm-clerical,Not-in-family,White,Female,0,0,25,United-States,0
37,Private,78928,9th,5,Married-civ-spouse,Other-service,Husband,White,Male,3137,0,40,United-States,0
64,Private,143110,Bachelors,13,Widowed,Prof-specialty,Not-in-family,White,Female,0,0,30,United-States,0
40,Local-gov,99679,Prof-school,15,Never-married,Exec-managerial,Not-in-family,White,Male,0,0,60,United-States,1
37,Federal-gov,173192,Assoc-voc,11,Separated,Adm-clerical,Not-in-family,Black,Male,0,0,40,United-States,0
41,Local-gov,107327,Assoc-voc,11,Divorced,Prof-specialty,Unmarried,White,Female,0,0,40,United-States,0
53,State-gov,182907,HS-grad,9,Married-civ-spouse,Other-service,Husband,White,Male,0,0,40,United-States,0
21,Private,154235,Some-college,10,Never-married,Sales,Own-child,White,Female,0,0,35,United-States,0
28,Private,129814,Some-college,10,Separated,Craft-repair,Unmarried,White,Male,0,0,50,United-States,0
41,Private,213019,Assoc-voc,11,Married-civ-spouse,Tech-support,Wife,White,Female,0,0,38,United-States,1
38,Private,108726,HS-grad,9,Married-civ-spouse,Exec-managerial,Husband,White,Male,0,0,40,United-States,1
29,Private,191535,HS-grad,9,Divorced,Craft-repair,Not-in-family,White,Male,0,0,60,United-States,0
37,Private,356250,HS-grad,9,Married-civ-spouse,Craft-repair,Husband,Asian-Pac-Islander,Male,0,0,40,South,0
54,Local-gov,182388,HS-grad,9,Married-civ-spouse,Other-service,Wife,White,Female,0,0,35,United-States,0
38,Private,196554,Prof-school,15,Separated,Prof-specialty,Not-in-family,White,Male,0,0,35,United-States,1
48,Private,94342,Bachelors,13,Married-civ-spouse,Craft-repair,Husband,White,Male,0,0,55,United-States,0
38,Private,409604,Bachelors,13,Married-civ-spouse,Exec-managerial,Husband,White,Male,15024,0,40,United-States,1
23,Private,185106,HS-grad,9,Never-married,Handlers-cleaners,Own-child,Black,Male,0,0,40,United-States,0
42,State-gov,248406,Masters,14,Married-civ-spouse,Prof-specialty,Husband,White,Male,0,0,38,United-States,1
33,Private,63079,HS-grad,9,Divorced,Adm-clerical,Unmarried,Black,Female,0,0,40,United-States,0
48,Self-emp-inc,369522,Bachelors,13,Married-civ-spouse,Exec-managerial,Wife,White,Female,0,0,25,United-States,1
29,Private,153805,HS-grad,9,Never-married,Machine-op-inspct,Other-relative,Other,Male,0,0,40,Ecuador,0
29,Private,224215,Some-college,10,Married-civ-spouse,Craft-repair,Husband,White,Male,0,0,40,United-States,1
37,Private,125550,HS-grad,9,Never-married,Tech-support,Not-in-family,White,Female,14084,0,35,United-States,1
36,Private,37238,Bachelors,13,Never-married,Tech-support,Not-in-family,White,Male,0,0,42,United-States,0
23,Private,103064,Bachelors,13,Never-married,Prof-specialty,Not-in-family,White,Female,0,0,40,United-States,0
46,Self-emp-not-inc,246981,Bachelors,13,Never-married,Prof-specialty,Not-in-family,Black,Male,0,0,23,United-States,0
20,Private,215232,Some-college,10,Never-married,Exec-managerial,Own-child,White,Female,0,0,10,United-States,0
27,Private,262723,Some-college,10,Never-married,Machine-op-inspct,Unmarried,Black,Male,0,0,40,United-States,0
23,Private,122272,Some-college,10,Never-married,Adm-clerical,Own-child,White,Female,0,0,20,United-States,0
32,Federal-gov,164707,HS-grad,9,Married-civ-spouse,Adm-clerical,Wife,White,Female,0,0,40,United-States,1
22,State-gov,119838,Some-college,10,Never-married,Other-service,Own-child,White,Male,0,0,10,United-States,0
31,Private,91666,HS-grad,9,Never-married,Exec-managerial,Own-child,White,Male,0,0,60,United-States,0
24,Private,197666,Bachelors,13,Never-married,Exec-managerial,Not-in-family,White,Female,0,0,40,United-States,0
21,Private,177526,Some-college,10,Never-married,Other-service,Own-child,White,Male,0,0,40,United-States,0
25,Private,235218,Bachelors,13,Never-married,Exec-managerial,Own-child,White,Female,0,0,40,United-States,0
22,Self-emp-inc,150683,HS-grad,9,Never-married,Machine-op-inspct,Own-child,White,Male,0,0,24,United-States,0
42,Private,184857,HS-grad,9,Married-civ-spouse,Craft-repair,Husband,White,Male,0,0,16,United-States,0
64,Private,164204,1st-4th,2,Married-civ-spouse,Transport-moving,Husband,White,Male,0,0,53,,0
59,Private,176011,Some-college,10,Separated,Adm-clerical,Unmarried,White,Male,0,0,40,United-States,0
65,Private,213477,Masters,14,Divorced,Sales,Not-in-family,White,Male,0,0,28,United-States,0
57,Self-emp-not-inc,192869,HS-grad,9,Married-civ-spouse,Farming-fishing,Husband,White,Male,0,0,72,United-States,0
65,Self-emp-not-inc,316093,Prof-school,15,Divorced,Prof-specialty,Not-in-family,White,Male,0,1668,40,United-States,0
19,Private,322866,HS-grad,9,Never-married,Other-service,Own-child,Black,Female,0,0,40,United-States,0
32,Self-emp-not-inc,27939,Some-college,10,Married-civ-spouse,Sales,Husband,Amer-Indian-Eskimo,Male,0,0,60,United-States,0
47,Private,359766,7th-8th,4,Divorced,Handlers-cleaners,Other-relative,Black,Male,0,0,40,United-States,0
60,,88675,HS-grad,9,Married-civ-spouse,,Husband,White,Male,0,0,40,United-States,0
57,Private,104272,11th,7,Married-civ-spouse,Craft-repair,Husband,White,Male,0,0,40,United-States,0
19,Private,168601,11th,7,Never-married,Other-service,Other-relative,White,Male,0,0,30,United-States,0
47,Private,266275,HS-grad,9,Divorced,Other-service,Unmarried,White,Female,0,0,40,United-States,0
49,Private,39518,Some-college,10,Married-civ-spouse,Tech-support,Husband,White,Male,0,0,40,United-States,1
25,Private,137301,Assoc-acdm,12,Never-married,Prof-specialty,Own-child,White,Female,0,0,40,United-States,0
34,Local-gov,169708,Bachelors,13,Married-civ-spouse,Prof-specialty,Wife,White,Female,0,0,40,United-States,1
45,Self-emp-inc,155664,5th-6th,3,Married-civ-spouse,Craft-repair,Husband,White,Male,0,0,40,,1
30,Private,182177,HS-grad,9,Never-married,Other-service,Not-in-family,White,Male,0,0,40,Ireland,0
52,Local-gov,153064,Some-college,10,Married-civ-spouse,Exec-managerial,Husband,White,Male,0,0,40,United-States,1
48,Private,268022,Assoc-acdm,12,Married-civ-spouse,Exec-managerial,Husband,White,Male,7298,0,55,United-States,1
20,Private,157894,Some-college,10,Never-married,Other-service,Own-child,Black,Male,0,0,20,United-States,0
50,Private,209320,Bachelors,13,Married-civ-spouse,Sales,Husband,White,Male,0,0,40,United-States,1
21,Private,44793,Some-college,10,Never-married,Adm-clerical,Not-in-family,White,Male,0,0,65,United-States,0
56,State-gov,153451,Some-college,10,Divorced,Adm-clerical,Not-in-family,White,Female,0,0,35,United-States,0
17,,67808,10th,6,Never-married,,Own-child,White,Male,0,0,40,United-States,0
64,Private,221343,1st-4th,2,Divorced,Priv-house-serv,Not-in-family,White,Female,0,0,12,United-States,0
18,,331511,Some-college,10,Never-married,,Own-child,White,Male,0,0,30,United-States,0
29,Private,353352,Assoc-voc,11,Never-married,Craft-repair,Other-relative,White,Male,0,0,40,United-States,0
47,Private,304133,Some-college,10,Married-civ-spouse,Exec-managerial,Husband,White,Male,0,0,45,United-States,0
33,Private,75435,HS-grad,9,Married-civ-spouse,Handlers-cleaners,Husband,Amer-Indian-Eskimo,Male,0,0,40,United-States,0
36,Private,213277,Some-college,10,Married-civ-spouse,Craft-repair,Husband,White,Male,0,0,50,United-States,0
50,,123044,Masters,14,Married-civ-spouse,,Husband,White,Male,0,0,60,United-States,1
40,Private,195892,Some-college,10,Divorced,Transport-moving,Not-in-family,Black,Female,0,0,40,United-States,0
32,Private,196342,Doctorate,16,Never-married,Prof-specialty,Not-in-family,White,Male,0,0,40,United-States,1
37,Private,185061,Some-college,10,Married-civ-spouse,Exec-managerial,Husband,Asian-Pac-Islander,Male,0,0,55,United-States,0
27,Private,242207,Bachelors,13,Never-married,Tech-support,Own-child,White,Female,0,0,40,United-States,0
31,Private,305692,Some-college,10,Married-civ-spouse,Sales,Wife,Black,Female,0,0,40,United-States,0
34,Private,150154,HS-grad,9,Married-civ-spouse,Craft-repair,Husband,White,Male,0,0,50,United-States,1
52,Private,191968,HS-grad,9,Never-married,Adm-clerical,Not-in-family,White,Female,0,0,40,United-States,0
40,Self-emp-inc,475322,Bachelors,13,Separated,Craft-repair,Own-child,White,Male,0,0,50,United-States,0
36,Private,176101,Some-college,10,Married-civ-spouse,Handlers-cleaners,Husband,White,Male,0,0,40,United-States,0
27,Private,54897,HS-grad,9,Married-civ-spouse,Handlers-cleaners,Husband,White,Male,0,0,40,United-States,0
59,Private,107318,7th-8th,4,Married-civ-spouse,Craft-repair,Husband,White,Male,5178,0,50,United-States,1
33,Private,203463,HS-grad,9,Divorced,Other-service,Own-child,White,Female,0,0,40,United-States,0
50,Private,258819,HS-grad,9,Divorced,Craft-repair,Not-in-family,White,Male,0,0,40,United-States,1
27,Private,58124,Bachelors,13,Never-married,Prof-specialty,Not-in-family,Black,Female,0,0,40,United-States,0
70,Private,176285,HS-grad,9,Divorced,Other-service,Not-in-family,White,Female,0,0,23,United-States,0
63,Local-gov,41161,HS-grad,9,Married-civ-spouse,Exec-managerial,Husband,White,Male,0,0,55,United-States,0
39,Local-gov,20308,Bachelors,13,Married-civ-spouse,Prof-specialty,Husband,White,Male,0,0,40,United-States,1
27,Private,103524,HS-grad,9,Separated,Handlers-cleaners,Unmarried,White,Male,0,0,40,United-States,0
35,Private,22055,Some-college,10,Married-civ-spouse,Prof-specialty,Husband,Amer-Indian-Eskimo,Male,0,0,60,United-States,0
60,Private,135158,Some-college,10,Married-civ-spouse,Craft-repair,Husband,White,Male,15024,0,48,United-States,1
38,Self-emp-inc,148287,Masters,14,Married-civ-spouse,Exec-managerial,Husband,White,Male,0,0,60,United-States,1
64,Private,239450,Some-college,10,Married-civ-spouse,Sales,Husband,White,Male,0,0,40,United-States,0
29,Private,130856,Some-college,10,Married-civ-spouse,Craft-repair,Husband,White,Male,0,0,60,United-States,0
19,,351195,9th,5,Never-married,,Other-relative,White,Male,0,1719,35,El-Salvador,0
39,Private,136081,HS-grad,9,Married-civ-spouse,Machine-op-inspct,Husband,White,Male,0,2051,40,United-States,0
26,Private,290286,Some-college,10,Never-married,Adm-clerical,Not-in-family,Black,Male,0,0,38,United-States,0
39,,180868,11th,7,Never-married,,Not-in-family,Black,Female,0,0,40,United-States,0
48,Self-emp-not-inc,353012,HS-grad,9,Married-civ-spouse,Craft-repair,Husband,White,Male,0,1902,40,United-States,1
29,Private,203697,Bachelors,13,Married-civ-spouse,Prof-specialty,Own-child,White,Male,0,0,75,United-States,0
36,Private,197860,HS-grad,9,Divorced,Other-service,Unmarried,Black,Female,0,0,40,Haiti,0
18,Private,43272,Some-college,10,Never-married,Other-service,Own-child,White,Male,0,0,20,United-States,0
28,Private,217200,HS-grad,9,Never-married,Machine-op-inspct,Not-in-family,White,Male,0,0,50,United-States,0
42,Private,339814,Bachelors,13,Married-civ-spouse,Prof-specialty,Husband,White,Male,0,0,40,United-States,1
27,Local-gov,230997,Bachelors,13,Never-married,Prof-specialty,Not-in-family,White,Female,0,0,45,United-States,0
36,Private,173542,Bachelors,13,Married-civ-spouse,Prof-specialty,Husband,White,Male,0,0,40,United-States,1
61,Private,219701,12th,8,Divorced,Protective-serv,Not-in-family,White,Male,0,0,37,Cuba,0
28,Private,214858,HS-grad,9,Married-civ-spouse,Transport-moving,Husband,White,Male,0,0,40,United-States,0
72,,33608,Some-college,10,Married-civ-spouse,,Husband,White,Male,9386,0,30,United-States,1
49,Private,196707,HS-grad,9,Married-civ-spouse,Machine-op-inspct,Husband,White,Male,7298,0,43,United-States,1
22,Private,58222,HS-grad,9,Married-civ-spouse,Craft-repair,Husband,White,Male,0,0,40,United-States,0
56,Self-emp-inc,75214,Prof-school,15,Married-civ-spouse,Prof-specialty,Husband,White,Male,0,0,32,United-States,1
33,Private,243266,Masters,14,Married-civ-spouse,Exec-managerial,Husband,White,Male,0,0,40,Dominican-Republic,1
34,State-gov,92531,HS-grad,9,Divorced,Craft-repair,Not-in-family,White,Male,0,0,40,United-States,0
37,Private,385452,10th,6,Divorced,Craft-repair,Unmarried,White,Female,0,0,40,United-States,0
39,Private,206888,Some-college,10,Divorced,Adm-clerical,Not-in-family,White,Female,0,0,40,United-States,0
29,Private,107458,HS-grad,9,Married-civ-spouse,Transport-moving,Husband,White,Male,0,0,40,United-States,0
44,Self-emp-inc,168845,HS-grad,9,Married-civ-spouse,Sales,Wife,White,Female,0,0,60,United-States,0
36,Self-emp-not-inc,239415,HS-grad,9,Married-civ-spouse,Farming-fishing,Husband,White,Male,0,0,35,United-States,0
62,Self-emp-not-inc,97950,Bachelors,13,Married-civ-spouse,Craft-repair,Husband,White,Male,0,0,6,United-States,0
33,Local-gov,100734,HS-grad,9,Divorced,Tech-support,Not-in-family,White,Female,0,0,55,United-States,0
21,Private,221157,HS-grad,9,Never-married,Other-service,Own-child,Black,Female,0,0,30,United-States,0
46,Private,144351,Masters,14,Married-civ-spouse,Prof-specialty,Husband,White,Male,0,0,40,United-States,1
34,Private,24529,HS-grad,9,Widowed,Adm-clerical,Unmarried,White,Male,0,0,15,United-States,0
22,Private,290504,HS-grad,9,Never-married,Other-service,Other-relative,White,Male,0,0,40,United-States,0
52,Self-emp-inc,132178,Bachelors,13,Married-civ-spouse,Exec-managerial,Husband,White,Male,0,0,50,United-States,1
36,Private,48520,Some-college,10,Divorced,Other-service,Unmarried,White,Female,0,0,40,United-States,0
29,State-gov,33798,Some-college,10,Divorced,Adm-clerical,Own-child,White,Male,0,0,20,United-States,0
19,Private,160120,Some-college,10,Never-married,Exec-managerial,Own-child,Asian-Pac-Islander,Male,2597,0,40,,0
59,Private,284834,Bachelors,13,Married-civ-spouse,Adm-clerical,Wife,White,Female,2885,0,30,United-States,0
39,Self-emp-not-inc,200863,Assoc-acdm,12,Married-civ-spouse,Exec-managerial,Husband,White,Male,0,0,55,United-States,0
36,,128640,Some-college,10,Married-civ-spouse,,Wife,White,Female,0,0,25,United-States,0
52,Private,175714,Assoc-acdm,12,Married-civ-spouse,Exec-managerial,Husband,White,Male,0,0,55,United-States,1
32,Private,206051,Some-college,10,Never-married,Adm-clerical,Not-in-family,White,Male,0,0,35,United-States,0
62,Self-emp-inc,236096,HS-grad,9,Divorced,Exec-managerial,Not-in-family,Black,Male,0,0,40,United-States,0
46,Local-gov,236827,9th,5,Separated,Other-service,Unmarried,Black,Female,0,0,40,United-States,0
36,Private,361888,HS-grad,9,Married-civ-spouse,Transport-moving,Husband,White,Male,0,0,45,United-States,1
57,Private,132704,Masters,14,Separated,Prof-specialty,Not-in-family,White,Male,10520,0,32,United-States,1
20,Private,234663,HS-grad,9,Never-married,Handlers-cleaners,Own-child,White,Male,0,0,30,United-States,0
64,State-gov,216160,Doctorate,16,Married-civ-spouse,Prof-specialty,Husband,White,Male,0,0,50,Columbia,1
50,Private,330543,Preschool,1,Married-civ-spouse,Other-service,Husband,White,Male,0,0,40,Mexico,0
34,Self-emp-inc,200689,Bachelors,13,Divorced,Sales,Unmarried,White,Female,0,0,40,United-States,0
21,Private,198259,HS-grad,9,Never-married,Handlers-cleaners,Own-child,White,Female,0,0,30,United-States,0
33,Private,178107,Bachelors,13,Never-married,Craft-repair,Own-child,White,Male,0,0,20,United-States,0
29,Local-gov,123983,Masters,14,Never-married,Prof-specialty,Own-child,Asian-Pac-Islander,Male,0,0,40,Taiwan,0
33,Private,318982,Bachelors,13,Married-civ-spouse,Craft-repair,Husband,White,Male,0,0,38,United-States,0
60,Self-emp-inc,90915,11th,7,Married-civ-spouse,Transport-moving,Husband,White,Male,0,0,40,United-States,1
17,Private,30829,11th,7,Never-married,Other-service,Own-child,White,Female,0,0,12,United-States,0
41,Local-gov,133692,Bachelors,13,Divorced,Protective-serv,Unmarried,White,Female,0,0,40,United-States,0
34,Private,226883,HS-grad,9,Separated,Craft-repair,Unmarried,White,Male,0,0,49,United-States,0
31,Private,99844,HS-grad,9,Never-married,Craft-repair,Not-in-family,Amer-Indian-Eskimo,Male,0,0,45,United-States,0
19,Private,318822,Some-college,10,Never-married,Adm-clerical,Other-relative,White,Female,0,0,40,United-States,0
29,Private,162551,Masters,14,Married-civ-spouse,Prof-specialty,Wife,Asian-Pac-Islander,Female,0,0,40,Hong,1
47,Local-gov,247676,Masters,14,Divorced,Prof-specialty,Unmarried,White,Female,5455,0,45,United-States,0
40,Federal-gov,177595,Some-college,10,Married-civ-spouse,Craft-repair,Husband,White,Male,0,1579,40,United-States,0
19,Private,214935,Some-college,10,Never-married,Handlers-cleaners,Own-child,White,Male,0,0,40,United-States,0
58,Self-emp-not-inc,49884,HS-grad,9,Married-civ-spouse,Farming-fishing,Husband,White,Male,0,0,50,United-States,0
35,Private,455469,Bachelors,13,Married-civ-spouse,Craft-repair,Husband,Black,Male,0,0,40,United-States,1
24,Private,229773,Some-college,10,Married-civ-spouse,Craft-repair,Husband,White,Male,0,0,35,United-States,0
58,Private,128258,HS-grad,9,Divorced,Sales,Not-in-family,White,Female,0,0,24,United-States,0
51,Private,306785,HS-grad,9,Divorced,Adm-clerical,Not-in-family,White,Female,0,0,40,United-States,0
33,Private,180551,HS-grad,9,Divorced,Exec-managerial,Unmarried,White,Female,0,0,40,United-States,0
31,Federal-gov,34862,Assoc-acdm,12,Married-civ-spouse,Sales,Husband,Asian-Pac-Islander,Male,0,0,40,United-States,0
31,Private,151053,Some-college,10,Married-civ-spouse,Transport-moving,Husband,White,Male,5178,0,40,United-States,1
39,Private,56962,Some-college,10,Married-civ-spouse,Exec-managerial,Wife,White,Female,0,0,43,United-States,1
52,Local-gov,111722,Some-college,10,Married-civ-spouse,Adm-clerical,Wife,White,Female,0,0,72,United-States,0
21,Private,320425,Some-college,10,Never-married,Prof-specialty,Own-child,White,Male,0,0,30,United-States,0
44,Private,205706,HS-grad,9,Never-married,Exec-managerial,Not-in-family,White,Female,0,0,40,United-States,0
60,Private,159049,Prof-school,15,Married-civ-spouse,Prof-specialty,Husband,White,Male,0,0,70,Germany,1
49,Private,171301,HS-grad,9,Married-civ-spouse,Machine-op-inspct,Wife,Black,Female,0,0,40,United-States,0
27,Private,207352,Bachelors,13,Married-civ-spouse,Tech-support,Husband,Asian-Pac-Islander,Male,0,0,40,India,1
43,Local-gov,125461,Bachelors,13,Never-married,Prof-specialty,Not-in-family,White,Male,0,0,40,United-States,0
20,Private,187149,HS-grad,9,Never-married,Craft-repair,Own-child,Black,Female,0,0,40,United-States,0
41,Private,143069,Doctorate,16,Married-civ-spouse,Prof-specialty,Husband,White,Male,0,0,60,United-States,0
17,Private,152710,11th,7,Never-married,Other-service,Own-child,White,Female,0,0,20,United-States,0
48,Private,96359,Bachelors,13,Married-civ-spouse,Exec-managerial,Husband,White,Male,0,0,60,Greece,1
41,Private,104892,Some-college,10,Married-civ-spouse,Adm-clerical,Husband,White,Male,2829,0,40,United-States,0
29,Private,209173,Assoc-acdm,12,Never-married,Sales,Not-in-family,White,Male,0,0,40,United-States,0
46,Self-emp-not-inc,65535,Bachelors,13,Married-civ-spouse,Farming-fishing,Husband,White,Male,0,0,60,United-States,0
45,Local-gov,304973,HS-grad,9,Married-civ-spouse,Protective-serv,Husband,White,Male,0,0,78,United-States,1
31,Private,180656,Bachelors,13,Never-married,Other-service,Not-in-family,White,Male,0,0,40,,0
18,Private,347829,11th,7,Never-married,Other-service,Own-child,White,Female,0,0,4,United-States,0
68,,129802,HS-grad,9,Widowed,,Not-in-family,White,Female,0,0,12,United-States,0
21,Self-emp-not-inc,99199,HS-grad,9,Married-civ-spouse,Craft-repair,Husband,White,Male,0,0,40,United-States,0
31,Self-emp-not-inc,286282,Bachelors,13,Married-civ-spouse,Adm-clerical,Wife,White,Female,0,0,20,United-States,0
41,Self-emp-not-inc,198196,Prof-school,15,Married-civ-spouse,Prof-specialty,Husband,White,Male,15024,0,50,United-States,1
36,State-gov,37931,HS-grad,9,Married-civ-spouse,Protective-serv,Husband,White,Male,0,0,48,United-States,1
62,Self-emp-not-inc,162245,Bachelors,13,Married-civ-spouse,Prof-specialty,Husband,White,Male,0,0,35,United-States,0
38,Private,149771,HS-grad,9,Divorced,Craft-repair,Not-in-family,White,Male,3325,0,40,United-States,0
26,Private,116991,HS-grad,9,Married-civ-spouse,Craft-repair,Husband,White,Male,0,0,40,United-States,1
55,Self-emp-inc,120920,Masters,14,Divorced,Prof-specialty,Not-in-family,White,Female,0,0,35,United-States,0
28,Private,285294,Bachelors,13,Married-civ-spouse,Sales,Wife,Black,Female,15024,0,45,United-States,1
37,Private,189878,Prof-school,15,Married-civ-spouse,Prof-specialty,Husband,White,Male,0,0,50,United-States,1
28,Private,114158,Bachelors,13,Never-married,Prof-specialty,Own-child,White,Female,0,0,15,United-States,0
45,,189564,Masters,14,Married-civ-spouse,,Wife,White,Female,0,0,1,United-States,0
51,Private,122159,Some-college,10,Widowed,Prof-specialty,Not-in-family,White,Female,3325,0,40,United-States,0
34,Private,195576,Bachelors,13,Married-civ-spouse,Exec-managerial,Husband,White,Male,0,0,50,United-States,1
39,Private,89419,Assoc-voc,11,Divorced,Other-service,Not-in-family,Amer-Indian-Eskimo,Female,0,0,40,Columbia,0
21,Private,212407,HS-grad,9,Never-married,Machine-op-inspct,Other-relative,White,Male,0,0,40,United-States,0
21,Private,265434,Some-college,10,Never-married,Prof-specialty,Own-child,White,Female,0,0,30,United-States,0
37,Local-gov,188391,Assoc-acdm,12,Divorced,Other-service,Unmarried,White,Male,0,0,60,United-States,1
45,Private,104521,Some-college,10,Married-civ-spouse,Craft-repair,Husband,White,Male,0,0,40,United-States,0
58,Self-emp-inc,130454,Some-college,10,Married-civ-spouse,Exec-managerial,Husband,White,Male,0,0,50,United-States,1
52,Private,191529,Bachelors,13,Divorced,Farming-fishing,Not-in-family,White,Male,0,0,40,United-States,0
32,Private,220690,11th,7,Divorced,Other-service,Not-in-family,White,Male,0,0,33,United-States,0
61,Private,160062,HS-grad,9,Married-civ-spouse,Adm-clerical,Husband,White,Male,0,0,40,United-States,0
27,Private,107812,Bachelors,13,Married-civ-spouse,Sales,Other-relative,White,Male,0,0,40,United-States,1
57,Private,163047,HS-grad,9,Married-civ-spouse,Exec-managerial,Wife,White,Female,0,0,38,United-States,0
34,Self-emp-not-inc,108247,Prof-school,15,Married-civ-spouse,Prof-specialty,Husband,White,Male,0,0,55,United-States,1
44,Private,221172,HS-grad,9,Never-married,Craft-repair,Not-in-family,White,Male,0,0,30,United-States,0
18,,172214,HS-grad,9,Never-married,,Own-child,Black,Female,0,0,20,United-States,0
41,Private,248476,HS-grad,9,Married-civ-spouse,Craft-repair,Husband,White,Male,0,0,40,United-States,0
50,Private,176773,Preschool,1,Married-civ-spouse,Farming-fishing,Husband,Black,Male,0,0,40,Haiti,0
23,Local-gov,145112,Bachelors,13,Never-married,Prof-specialty,Own-child,White,Female,0,0,43,United-States,0
28,Private,192384,Some-college,10,Married-civ-spouse,Handlers-cleaners,Husband,White,Male,0,0,40,United-States,1
23,,111340,HS-grad,9,Married-civ-spouse,,Husband,White,Male,0,1573,40,United-States,0
44,Private,103397,HS-grad,9,Divorced,Handlers-cleaners,Other-relative,White,Female,0,0,40,United-States,0
24,Private,300008,HS-grad,9,Married-civ-spouse,Adm-clerical,Wife,White,Female,0,0,40,United-States,0
47,Private,298037,Assoc-voc,11,Divorced,Prof-specialty,Unmarried,White,Female,0,0,44,United-States,0
18,Private,183011,Some-college,10,Never-married,Other-service,Own-child,Black,Female,0,0,15,Haiti,0
33,Private,182401,10th,6,Never-married,Adm-clerical,Not-in-family,Black,Male,0,0,40,United-States,0
18,Local-gov,283342,10th,6,Never-married,Craft-repair,Own-child,Black,Male,0,0,40,United-States,0
39,Local-gov,170382,Masters,14,Married-civ-spouse,Prof-specialty,Wife,White,Female,0,0,50,England,1
43,Private,194726,Prof-school,15,Married-civ-spouse,Prof-specialty,Husband,White,Male,15024,0,55,United-States,1
28,Private,194690,7th-8th,4,Separated,Other-service,Own-child,White,Male,0,0,60,Mexico,0
52,Private,87858,HS-grad,9,Married-civ-spouse,Handlers-cleaners,Husband,Black,Male,0,0,40,United-States,1
57,Private,143030,HS-grad,9,Widowed,Other-service,Unmarried,White,Female,0,0,30,,0
46,State-gov,135854,HS-grad,9,Married-civ-spouse,Other-service,Husband,Black,Male,0,0,40,United-States,0
30,Private,214993,HS-grad,9,Married-civ-spouse,Craft-repair,Husband,White,Male,0,0,40,United-States,0
55,Private,37438,Assoc-voc,11,Married-civ-spouse,Craft-repair,Husband,White,Male,0,0,40,United-States,1
42,Private,247695,HS-grad,9,Married-civ-spouse,Machine-op-inspct,Husband,White,Male,0,0,45,United-States,1
41,Private,113324,HS-grad,9,Married-civ-spouse,Handlers-cleaners,Husband,White,Male,0,0,40,United-States,0
28,Private,52603,Bachelors,13,Married-civ-spouse,Sales,Husband,White,Male,0,0,50,United-States,1
69,Private,108196,Bachelors,13,Married-civ-spouse,Transport-moving,Husband,White,Male,0,0,25,,0
39,Self-emp-not-inc,183081,Masters,14,Never-married,Sales,Not-in-family,White,Male,0,0,60,United-States,1
26,Private,378322,11th,7,Married-civ-spouse,Craft-repair,Husband,White,Male,0,0,40,United-States,0
29,Private,59231,Some-college,10,Married-civ-spouse,Craft-repair,Husband,White,Male,0,0,42,United-States,0
26,Private,195105,HS-grad,9,Never-married,Sales,Not-in-family,Other,Male,0,0,40,United-States,0
35,Private,57640,HS-grad,9,Married-civ-spouse,Craft-repair,Husband,White,Male,0,0,35,United-States,0
30,Private,236543,Some-college,10,Married-civ-spouse,Prof-specialty,Husband,White,Male,0,0,68,United-States,0
47,Private,185866,Prof-school,15,Married-civ-spouse,Prof-specialty,Husband,White,Male,0,0,60,,1
38,Private,99146,HS-grad,9,Married-civ-spouse,Transport-moving,Husband,White,Male,0,0,65,United-States,0
29,Private,334277,Bachelors,13,Never-married,Sales,Not-in-family,White,Male,0,0,45,United-States,0
19,Private,693066,12th,8,Never-married,Other-service,Own-child,White,Female,0,0,15,United-States,0
43,Private,71738,Some-college,10,Married-civ-spouse,Craft-repair,Husband,White,Male,0,0,40,United-States,1
68,Private,50351,Masters,14,Never-married,Adm-clerical,Not-in-family,White,Female,6360,0,20,United-States,0
48,Private,56071,Bachelors,13,Married-civ-spouse,Craft-repair,Husband,White,Male,0,0,40,United-States,1
25,Local-gov,315287,Some-college,10,Never-married,Protective-serv,Other-relative,Black,Male,0,0,40,Trinadad&Tobago,0
47,Private,78529,Bachelors,13,Married-civ-spouse,Sales,Husband,White,Male,0,0,60,United-States,1
40,Private,105936,HS-grad,9,Married-civ-spouse,Sales,Wife,White,Female,5013,0,20,United-States,0
19,Private,81961,Some-college,10,Never-married,Other-service,Own-child,White,Female,0,0,20,United-States,0
41,Private,197033,Some-college,10,Married-civ-spouse,Other-service,Husband,White,Male,0,0,35,United-States,0
45,Self-emp-inc,212954,Some-college,10,Married-civ-spouse,Farming-fishing,Husband,White,Male,0,0,50,United-States,0
43,Private,196158,Some-college,10,Divorced,Adm-clerical,Unmarried,White,Female,0,0,38,United-States,0
35,Private,412017,10th,6,Divorced,Sales,Unmarried,White,Female,0,0,38,United-States,0
59,Private,124137,HS-grad,9,Divorced,Sales,Not-in-family,White,Male,2202,0,40,United-States,0
46,Private,182414,Doctorate,16,Married-civ-spouse,Prof-specialty,Husband,White,Male,0,0,55,United-States,1
48,Private,176810,HS-grad,9,Married-civ-spouse,Other-service,Husband,White,Male,0,0,40,United-States,0
56,Private,176079,HS-grad,9,Married-civ-spouse,Adm-clerical,Wife,White,Female,15024,0,24,United-States,1
27,Self-emp-not-inc,243569,HS-grad,9,Married-civ-spouse,Sales,Husband,White,Male,0,0,40,United-States,0
38,Private,107630,Bachelors,13,Married-civ-spouse,Exec-managerial,Husband,White,Male,0,0,40,United-States,0
33,Private,125762,HS-grad,9,Married-civ-spouse,Handlers-cleaners,Husband,White,Male,0,0,40,United-States,0
72,Private,195184,HS-grad,9,Widowed,Priv-house-serv,Unmarried,White,Female,0,0,12,Cuba,0
44,Private,68729,Some-college,10,Married-civ-spouse,Sales,Husband,Asian-Pac-Islander,Male,0,1902,40,United-States,1
24,Private,408585,7th-8th,4,Married-civ-spouse,Farming-fishing,Own-child,White,Female,0,0,45,Mexico,0
22,Private,194031,Some-college,10,Never-married,Other-service,Own-child,White,Female,0,0,15,United-States,0
56,,32604,Some-college,10,Never-married,,Not-in-family,Black,Female,0,0,40,United-States,0
44,Self-emp-not-inc,27242,Some-college,10,Never-married,Farming-fishing,Own-child,White,Male,0,0,60,United-States,0
26,Private,129661,Bachelors,13,Never-married,Adm-clerical,Not-in-family,Asian-Pac-Islander,Female,0,0,40,United-States,0
55,Private,76860,HS-grad,9,Married-civ-spouse,Other-service,Other-relative,Asian-Pac-Islander,Male,0,0,40,Philippines,0
50,Private,99476,Masters,14,Divorced,Prof-specialty,Not-in-family,White,Female,0,0,35,United-States,0
27,Self-emp-not-inc,37302,11th,7,Married-civ-spouse,Exec-managerial,Husband,White,Male,0,0,50,United-States,0
34,Private,157289,Some-college,10,Married-civ-spouse,Craft-repair,Husband,White,Male,0,0,40,United-States,0
32,State-gov,169583,Doctorate,16,Never-married,Prof-specialty,Not-in-family,White,Female,0,0,70,United-States,0
30,Private,185177,11th,7,Never-married,Handlers-cleaners,Own-child,White,Male,0,0,49,United-States,0
31,Private,204829,HS-grad,9,Divorced,Machine-op-inspct,Not-in-family,White,Male,0,0,40,United-States,0
49,Private,298130,7th-8th,4,Married-civ-spouse,Machine-op-inspct,Husband,White,Male,0,0,40,United-States,0
25,Private,153932,11th,7,Married-civ-spouse,Craft-repair,Own-child,White,Male,2580,0,30,United-States,0
23,Private,120910,HS-grad,9,Never-married,Other-service,Unmarried,White,Female,0,0,35,United-States,0
49,Private,182541,10th,6,Married-civ-spouse,Handlers-cleaners,Husband,White,Male,0,1485,40,United-States,1
27,Private,271714,Some-college,10,Never-married,Other-service,Own-child,White,Female,0,0,30,United-States,0
35,Private,360799,HS-grad,9,Married-civ-spouse,Craft-repair,Husband,White,Male,7298,0,40,United-States,1
33,Private,188246,Masters,14,Married-civ-spouse,Exec-managerial,Husband,White,Male,7298,0,45,United-States,1
26,Private,143068,Some-college,10,Married-civ-spouse,Exec-managerial,Husband,White,Male,2407,0,50,United-States,0
32,Private,84179,HS-grad,9,Never-married,Handlers-cleaners,Not-in-family,White,Female,0,0,45,United-States,0
35,Private,234962,HS-grad,9,Never-married,Machine-op-inspct,Other-relative,White,Male,0,0,40,Mexico,0
37,Private,161141,Some-college,10,Married-civ-spouse,Craft-repair,Husband,White,Male,0,0,40,United-States,1
23,Private,437161,Some-college,10,Never-married,Other-service,Unmarried,Black,Female,0,0,40,United-States,0
44,Private,242521,Bachelors,13,Married-civ-spouse,Sales,Husband,White,Male,7688,0,50,United-States,1
47,Private,456661,7th-8th,4,Married-civ-spouse,Craft-repair,Husband,White,Male,0,0,40,Mexico,0
50,Local-gov,164127,HS-grad,9,Never-married,Other-service,Not-in-family,Black,Female,0,0,40,United-States,0
34,Private,127651,HS-grad,9,Married-civ-spouse,Exec-managerial,Husband,White,Male,0,0,45,United-States,1
37,Private,348796,Bachelors,13,Divorced,Other-service,Not-in-family,White,Male,0,0,40,United-States,0
40,Private,170482,Bachelors,13,Never-married,Tech-support,Not-in-family,White,Female,14344,0,45,United-States,1
50,Private,143804,HS-grad,9,Never-married,Craft-repair,Own-child,White,Male,0,0,55,United-States,0
35,Private,241998,HS-grad,9,Never-married,Handlers-cleaners,Not-in-family,White,Male,0,0,30,United-States,0
55,Self-emp-not-inc,126840,Some-college,10,Divorced,Machine-op-inspct,Not-in-family,White,Male,0,0,40,United-States,0
42,Private,46091,Bachelors,13,Divorced,Exec-managerial,Unmarried,White,Female,0,0,40,United-States,0
36,Private,127809,HS-grad,9,Separated,Other-service,Unmarried,Black,Female,0,0,30,United-States,0
38,Private,111499,Some-college,10,Married-civ-spouse,Transport-moving,Husband,White,Male,7298,0,50,United-States,1
61,Private,217125,1st-4th,2,Married-civ-spouse,Handlers-cleaners,Husband,White,Male,0,0,40,Mexico,0
26,Self-emp-inc,266639,Bachelors,13,Never-married,Adm-clerical,Not-in-family,White,Female,0,0,40,United-States,0
53,Private,153064,5th-6th,3,Married-civ-spouse,Exec-managerial,Husband,White,Male,7688,0,10,Yugoslavia,1
42,Private,190767,Bachelors,13,Divorced,Adm-clerical,Not-in-family,White,Female,0,0,40,United-States,0
39,Private,172718,HS-grad,9,Divorced,Adm-clerical,Unmarried,White,Female,0,0,40,United-States,0
20,Private,396722,Some-college,10,Never-married,Sales,Not-in-family,White,Female,0,0,40,United-States,0
48,Self-emp-not-inc,200471,Some-college,10,Married-civ-spouse,Craft-repair,Husband,White,Male,0,0,40,United-States,0
28,Private,109001,Masters,14,Married-civ-spouse,Prof-specialty,Husband,White,Male,0,0,38,United-States,1
31,Private,29662,Some-college,10,Never-married,Sales,Not-in-family,White,Female,0,0,60,United-States,0
24,Private,206827,Some-college,10,Never-married,Adm-clerical,Own-child,White,Female,0,0,30,United-States,0
32,Private,195891,Assoc-acdm,12,Married-civ-spouse,Prof-specialty,Husband,White,Male,0,0,45,United-States,1
36,Private,183425,Some-college,10,Divorced,Handlers-cleaners,Not-in-family,White,Male,0,0,40,United-States,0
35,,476573,HS-grad,9,Never-married,,Not-in-family,White,Female,0,0,4,United-States,0
32,Private,160594,Bachelors,13,Never-married,Sales,Not-in-family,White,Male,0,1564,50,United-States,1
26,Private,195734,HS-grad,9,Never-married,Adm-clerical,Own-child,White,Female,2354,0,40,United-States,0
50,Self-emp-inc,204447,Some-college,10,Divorced,Protective-serv,Not-in-family,White,Male,0,0,40,United-States,0
53,Private,58985,Some-college,10,Married-civ-spouse,Prof-specialty,Wife,White,Female,0,0,24,United-States,0
53,Local-gov,196395,Bachelors,13,Married-civ-spouse,Prof-specialty,Husband,Black,Male,0,0,40,United-States,1
62,Private,73292,Some-college,10,Married-civ-spouse,Other-service,Husband,White,Male,0,0,40,United-States,0
59,,556688,9th,5,Divorced,,Not-in-family,White,Female,0,0,12,United-States,0
29,Local-gov,187649,HS-grad,9,Separated,Protective-serv,Other-relative,White,Female,0,0,40,United-States,0
21,Private,186452,Some-college,10,Never-married,Other-service,Own-child,White,Male,0,0,35,United-States,0
30,Self-emp-not-inc,227429,HS-grad,9,Never-married,Exec-managerial,Not-in-family,White,Male,0,0,45,Yugoslavia,0
37,Private,319831,HS-grad,9,Married-civ-spouse,Transport-moving,Husband,White,Male,0,0,55,United-States,1
32,Local-gov,168387,Masters,14,Married-civ-spouse,Prof-specialty,Husband,White,Male,0,0,50,United-States,0
47,Private,264052,Bachelors,13,Married-civ-spouse,Exec-managerial,Husband,White,Male,15024,0,50,United-States,1
34,Private,112584,10th,6,Divorced,Other-service,Unmarried,White,Female,0,0,38,United-States,0
62,,111563,9th,5,Married-civ-spouse,,Husband,White,Male,0,0,21,United-States,0
35,Local-gov,302149,Bachelors,13,Married-civ-spouse,Sales,Husband,Asian-Pac-Islander,Male,7298,0,40,Philippines,1
29,Private,251526,Some-college,10,Married-civ-spouse,Tech-support,Wife,White,Female,0,0,20,United-States,0
33,Private,161035,11th,7,Married-civ-spouse,Craft-repair,Husband,White,Male,0,0,49,United-States,0
59,Private,167963,HS-grad,9,Never-married,Adm-clerical,Unmarried,White,Male,0,0,40,United-States,0
34,Self-emp-not-inc,152109,HS-grad,9,Married-civ-spouse,Transport-moving,Husband,White,Male,0,0,60,United-States,0
61,Private,359367,Some-college,10,Divorced,Exec-managerial,Not-in-family,White,Female,0,0,40,United-States,0
45,Local-gov,172111,Bachelors,13,Divorced,Exec-managerial,Unmarried,Black,Female,0,0,60,United-States,0
41,Private,113823,Bachelors,13,Divorced,Other-service,Not-in-family,White,Male,0,0,40,United-States,0
19,,190093,12th,8,Never-married,,Not-in-family,Black,Male,0,0,40,United-States,0
43,Private,211860,HS-grad,9,Never-married,Other-service,Unmarried,Black,Female,0,0,24,United-States,0
51,State-gov,167065,HS-grad,9,Married-civ-spouse,Exec-managerial,Husband,White,Male,0,0,40,United-States,0
20,Private,217467,HS-grad,9,Never-married,Machine-op-inspct,Other-relative,White,Male,0,0,40,United-States,0
51,Private,145105,Some-college,10,Never-married,Transport-moving,Not-in-family,White,Male,0,0,30,United-States,0
21,,228424,10th,6,Never-married,,Own-child,Black,Male,0,0,40,United-States,0
30,Private,337494,Assoc-acdm,12,Never-married,Machine-op-inspct,Not-in-family,White,Male,0,0,48,United-States,0
29,Local-gov,167544,Assoc-acdm,12,Divorced,Other-service,Unmarried,White,Female,0,0,13,United-States,0
39,Private,140854,HS-grad,9,Married-civ-spouse,Transport-moving,Husband,White,Male,0,1902,60,United-States,1
51,Private,106151,11th,7,Divorced,Transport-moving,Own-child,White,Male,0,0,40,United-States,0
25,Private,118088,HS-grad,9,Never-married,Craft-repair,Unmarried,White,Male,0,0,40,United-States,0
38,Private,216572,HS-grad,9,Separated,Priv-house-serv,Unmarried,Black,Female,0,0,40,United-States,0
36,Private,207157,Some-college,10,Divorced,Other-service,Unmarried,White,Female,0,0,40,Mexico,0
21,Private,366929,HS-grad,9,Married-civ-spouse,Sales,Wife,White,Female,0,0,38,United-States,0
39,Private,114591,Some-college,10,Separated,Prof-specialty,Unmarried,White,Female,0,0,40,United-States,0
40,Private,79488,HS-grad,9,Separated,Other-service,Not-in-family,White,Female,0,0,40,United-States,0
23,,27415,11th,7,Never-married,,Own-child,Amer-Indian-Eskimo,Male,0,0,40,United-States,0
34,Private,386370,Some-college,10,Married-civ-spouse,Craft-repair,Husband,White,Male,0,0,50,United-States,0
51,Private,24344,Assoc-acdm,12,Never-married,Adm-clerical,Not-in-family,White,Female,0,0,40,United-States,0
51,Private,54465,Assoc-voc,11,Divorced,Prof-specialty,Not-in-family,White,Female,0,0,48,United-States,0
27,Private,214695,Bachelors,13,Never-married,Prof-specialty,Not-in-family,White,Male,0,0,50,United-States,0
52,Private,99184,HS-grad,9,Divorced,Transport-moving,Not-in-family,White,Male,0,0,40,United-States,0
38,Private,193026,Some-college,10,Divorced,Craft-repair,Not-in-family,White,Male,0,0,40,Iran,0
20,Private,97212,Some-college,10,Married-civ-spouse,Sales,Wife,White,Female,0,0,30,United-States,0
18,Private,298860,11th,7,Never-married,Sales,Own-child,White,Male,0,0,20,United-States,0
37,Private,279029,Bachelors,13,Never-married,Craft-repair,Not-in-family,White,Male,0,0,40,United-States,0
38,Private,161066,HS-grad,9,Divorced,Craft-repair,Not-in-family,Amer-Indian-Eskimo,Male,0,0,50,United-States,0
44,State-gov,321824,HS-grad,9,Married-civ-spouse,Protective-serv,Husband,White,Male,0,0,38,United-States,0
43,Private,154374,Some-college,10,Married-civ-spouse,Craft-repair,Husband,White,Male,15024,0,60,United-States,1
33,Private,173858,Bachelors,13,Married-civ-spouse,Adm-clerical,Other-relative,Asian-Pac-Islander,Male,0,0,40,India,0
28,State-gov,73211,Some-college,10,Married-civ-spouse,Adm-clerical,Husband,Asian-Pac-Islander,Male,0,0,20,United-States,0
50,Private,144361,HS-grad,9,Married-civ-spouse,Machine-op-inspct,Husband,White,Male,0,0,50,United-States,1
39,Private,123983,Bachelors,13,Divorced,Sales,Not-in-family,Asian-Pac-Islander,Male,0,0,40,China,0
35,Private,204527,Masters,14,Never-married,Craft-repair,Not-in-family,White,Male,0,0,50,United-States,1
47,Self-emp-not-inc,131826,Some-college,10,Married-civ-spouse,Sales,Husband,White,Male,0,0,40,United-States,0
54,Private,27484,HS-grad,9,Married-civ-spouse,Exec-managerial,Husband,White,Male,0,0,40,United-States,1
46,Self-emp-not-inc,256014,Assoc-voc,11,Married-civ-spouse,Exec-managerial,Husband,White,Male,0,0,60,United-States,0
29,Private,118337,HS-grad,9,Married-civ-spouse,Transport-moving,Husband,White,Male,0,0,60,United-States,0
60,Self-emp-not-inc,154474,HS-grad,9,Never-married,Farming-fishing,Unmarried,White,Male,0,0,42,United-States,0
73,,191394,Prof-school,15,Married-civ-spouse,,Husband,White,Male,0,0,40,United-States,0
30,Federal-gov,43953,Assoc-acdm,12,Never-married,Prof-specialty,Not-in-family,White,Female,0,0,40,United-States,0
59,Federal-gov,51662,HS-grad,9,Widowed,Adm-clerical,Unmarried,White,Female,0,0,40,United-States,0
44,Private,160323,Some-college,10,Married-civ-spouse,Machine-op-inspct,Husband,Black,Male,7688,0,40,United-States,1
19,Private,278304,Some-college,10,Never-married,Other-service,Own-child,White,Female,0,0,15,United-States,0
39,Private,269722,Bachelors,13,Married-civ-spouse,Exec-managerial,Husband,White,Male,0,0,70,United-States,0
31,Private,129775,Bachelors,13,Married-civ-spouse,Sales,Husband,White,Male,0,0,65,United-States,0
44,Self-emp-not-inc,172296,Some-college,10,Separated,Sales,Unmarried,White,Male,0,0,60,United-States,0
40,Private,121718,Bachelors,13,Divorced,Exec-managerial,Not-in-family,White,Male,0,0,55,United-States,1
28,Private,212563,Some-college,10,Divorced,Machine-op-inspct,Unmarried,Black,Female,0,0,25,United-States,0
35,Private,129305,HS-grad,9,Never-married,Other-service,Not-in-family,White,Male,0,0,30,United-States,0
63,Private,546118,Some-college,10,Married-civ-spouse,Exec-managerial,Husband,White,Male,0,0,35,United-States,1
39,Private,190297,Doctorate,16,Married-civ-spouse,Prof-specialty,Husband,White,Male,99999,0,55,United-States,1
36,Private,165473,Bachelors,13,Divorced,Adm-clerical,Unmarried,Black,Female,0,0,40,United-States,0
47,Private,33794,HS-grad,9,Married-civ-spouse,Craft-repair,Husband,White,Male,0,0,56,United-States,1
47,Private,464945,HS-grad,9,Never-married,Transport-moving,Not-in-family,White,Male,0,0,45,United-States,0
41,Private,103980,Some-college,10,Married-civ-spouse,Prof-specialty,Husband,White,Male,0,0,52,United-States,0
63,Private,38352,HS-grad,9,Widowed,Adm-clerical,Unmarried,White,Female,0,0,40,United-States,0
61,,195789,HS-grad,9,Married-civ-spouse,,Husband,White,Male,0,0,40,United-States,0
58,,191830,HS-grad,9,Married-civ-spouse,,Husband,White,Male,0,0,55,United-States,0
38,,365465,Assoc-voc,11,Never-married,,Own-child,White,Male,0,0,15,United-States,0
63,Private,133144,HS-grad,9,Married-civ-spouse,Prof-specialty,Husband,White,Male,0,0,45,United-States,0
41,Private,200671,Bachelors,13,Divorced,Transport-moving,Own-child,Black,Male,6497,0,40,United-States,0
30,Self-emp-not-inc,65278,Assoc-acdm,12,Never-married,Craft-repair,Own-child,White,Male,0,0,40,United-States,0
71,Private,78277,HS-grad,9,Married-civ-spouse,Craft-repair,Husband,White,Male,0,0,15,United-States,0
51,Private,249741,Some-college,10,Married-civ-spouse,Sales,Husband,White,Male,0,0,40,United-States,0
44,,190205,7th-8th,4,Married-civ-spouse,,Husband,White,Male,0,0,25,United-States,0
36,Private,111545,HS-grad,9,Married-civ-spouse,Craft-repair,Husband,White,Male,0,0,70,United-States,0
29,Private,133937,Bachelors,13,Married-civ-spouse,Prof-specialty,Husband,White,Male,0,0,40,United-States,1
41,Self-emp-not-inc,113324,Assoc-voc,11,Married-civ-spouse,Farming-fishing,Husband,White,Male,0,0,70,United-States,1
33,Private,409172,Bachelors,13,Married-civ-spouse,Exec-managerial,Own-child,White,Male,0,0,55,United-States,0
34,Private,176711,HS-grad,9,Never-married,Adm-clerical,Own-child,White,Male,0,0,40,United-States,0
70,,88638,HS-grad,9,Married-civ-spouse,,Wife,White,Female,0,0,8,United-States,0
33,Private,176410,Masters,14,Married-civ-spouse,Prof-specialty,Wife,White,Female,5178,0,10,United-States,1
33,Private,123157,HS-grad,9,Never-married,Other-service,Not-in-family,Black,Male,0,0,38,United-States,0
24,Local-gov,150084,Some-college,10,Separated,Protective-serv,Not-in-family,White,Male,0,0,60,United-States,0
25,Private,209286,Some-college,10,Married-civ-spouse,Craft-repair,Husband,White,Male,0,0,40,United-States,0
24,Private,205839,Some-college,10,Never-married,Handlers-cleaners,Own-child,White,Male,0,0,40,United-States,0
52,Private,208302,HS-grad,9,Divorced,Other-service,Other-relative,White,Male,0,0,30,United-States,0
56,Self-emp-not-inc,42166,Bachelors,13,Married-civ-spouse,Other-service,Husband,White,Male,0,0,40,United-States,0
56,Private,161944,HS-grad,9,Married-civ-spouse,Machine-op-inspct,Husband,White,Male,0,0,40,United-States,0
43,Local-gov,300099,Bachelors,13,Divorced,Adm-clerical,Not-in-family,White,Female,0,0,34,United-States,0
64,State-gov,111795,Bachelors,13,Married-civ-spouse,Craft-repair,Husband,White,Male,0,0,45,United-States,1
36,Self-emp-not-inc,165855,Bachelors,13,Married-civ-spouse,Sales,Husband,White,Male,0,0,40,Germany,0
77,Local-gov,181974,7th-8th,4,Widowed,Adm-clerical,Not-in-family,White,Female,0,0,40,United-States,0
33,Private,251990,HS-grad,9,Separated,Adm-clerical,Not-in-family,Other,Male,0,0,37,United-States,0
49,Private,242987,Bachelors,13,Married-civ-spouse,Prof-specialty,Husband,White,Male,0,0,40,Columbia,0
42,Private,167174,Doctorate,16,Married-civ-spouse,Prof-specialty,Husband,Asian-Pac-Islander,Male,0,0,50,China,1
58,Private,365511,Some-college,10,Divorced,Machine-op-inspct,Not-in-family,Other,Male,0,0,40,Mexico,0
20,Self-emp-not-inc,176321,Some-college,10,Never-married,Machine-op-inspct,Not-in-family,White,Female,0,0,40,United-States,0
49,Local-gov,53482,Some-college,10,Divorced,Adm-clerical,Unmarried,Black,Female,0,0,40,United-States,0
37,Private,121228,HS-grad,9,Divorced,Machine-op-inspct,Unmarried,White,Male,0,1726,50,United-States,0
49,Private,155489,Bachelors,13,Married-civ-spouse,Craft-repair,Husband,White,Male,0,0,40,United-States,0
42,Private,109501,5th-6th,3,Separated,Handlers-cleaners,Unmarried,White,Female,0,0,40,United-States,0
39,State-gov,65390,Some-college,10,Married-civ-spouse,Adm-clerical,Husband,White,Male,0,0,40,,0
20,Private,53878,HS-grad,9,Never-married,Craft-repair,Unmarried,White,Male,0,0,40,United-States,0
73,Self-emp-not-inc,214498,7th-8th,4,Married-civ-spouse,Farming-fishing,Husband,White,Male,0,0,12,United-States,0
40,Private,183096,Bachelors,13,Never-married,Sales,Own-child,White,Female,0,0,40,United-States,0
44,Private,160574,HS-grad,9,Married-civ-spouse,Craft-repair,Husband,White,Male,0,0,65,United-States,1
26,State-gov,177035,11th,7,Divorced,Other-service,Unmarried,White,Female,0,0,40,United-States,0
45,Private,129336,Masters,14,Married-civ-spouse,Adm-clerical,Husband,White,Male,0,0,45,United-States,1
53,Private,242606,HS-grad,9,Married-civ-spouse,Transport-moving,Husband,White,Male,0,0,40,United-States,0
45,Private,89325,Masters,14,Divorced,Prof-specialty,Not-in-family,White,Male,0,0,45,United-States,0
27,Private,704108,Masters,14,Never-married,Prof-specialty,Not-in-family,White,Male,0,0,40,United-States,0
32,Private,169768,Bachelors,13,Separated,Tech-support,Not-in-family,Black,Male,0,0,40,United-States,0
35,Private,112264,HS-grad,9,Married-civ-spouse,Sales,Husband,White,Male,0,0,50,United-States,0
62,Private,134768,Doctorate,16,Married-civ-spouse,Prof-specialty,Husband,White,Male,7688,0,40,,1
39,Private,252327,7th-8th,4,Never-married,Other-service,Own-child,White,Male,0,0,40,Mexico,0
50,Private,138514,Some-college,10,Divorced,Adm-clerical,Unmarried,Black,Female,0,0,40,United-States,0
26,Private,101027,HS-grad,9,Married-civ-spouse,Sales,Husband,White,Male,0,0,48,United-States,0
39,Federal-gov,235485,Assoc-acdm,12,Never-married,Exec-managerial,Not-in-family,White,Male,0,0,42,United-States,0
81,Self-emp-inc,104443,HS-grad,9,Widowed,Sales,Not-in-family,White,Female,0,0,40,,0
34,Private,213887,Some-college,10,Married-civ-spouse,Craft-repair,Husband,White,Male,0,0,40,United-States,0
27,Private,297457,HS-grad,9,Never-married,Adm-clerical,Own-child,Black,Male,0,0,40,United-States,0
28,Private,181008,Bachelors,13,Married-civ-spouse,Exec-managerial,Husband,White,Male,0,0,50,England,1
29,Private,393829,HS-grad,9,Married-civ-spouse,Craft-repair,Husband,White,Male,0,0,50,United-States,1
45,Private,230979,Some-college,10,Married-spouse-absent,Adm-clerical,Not-in-family,White,Female,0,0,40,United-States,0
35,,365739,Some-college,10,Never-married,,Own-child,White,Male,0,0,40,United-States,0
29,State-gov,188986,Assoc-voc,11,Never-married,Tech-support,Not-in-family,White,Female,0,1590,64,United-States,0
41,Private,114157,HS-grad,9,Divorced,Machine-op-inspct,Own-child,White,Male,0,0,40,United-States,0
35,Private,108946,HS-grad,9,Divorced,Tech-support,Unmarried,White,Female,0,0,40,United-States,0
58,Private,177368,HS-grad,9,Married-civ-spouse,Craft-repair,Husband,White,Male,0,0,40,United-States,1
44,Private,266135,Bachelors,13,Married-civ-spouse,Prof-specialty,Husband,White,Male,0,0,50,United-States,1
20,Private,267706,Some-college,10,Never-married,Sales,Own-child,White,Female,0,0,20,United-States,0
54,,148657,Preschool,1,Married-civ-spouse,,Wife,White,Female,0,0,40,Mexico,0
36,Self-emp-not-inc,193026,HS-grad,9,Never-married,Farming-fishing,Not-in-family,White,Male,0,0,60,United-States,0
37,Private,188540,HS-grad,9,Married-civ-spouse,Exec-managerial,Husband,White,Male,0,1902,45,United-States,1
69,Self-emp-not-inc,227906,HS-grad,9,Married-civ-spouse,Craft-repair,Husband,White,Male,3456,0,30,Germany,0
39,Self-emp-not-inc,52187,HS-grad,9,Married-civ-spouse,Exec-managerial,Husband,White,Male,0,0,40,United-States,0
25,Private,194813,HS-grad,9,Married-civ-spouse,Craft-repair,Husband,White,Male,0,0,50,United-States,0
47,Private,256522,HS-grad,9,Married-civ-spouse,Handlers-cleaners,Husband,White,Male,0,0,40,,0
30,Private,182714,Some-college,10,Never-married,Exec-managerial,Not-in-family,White,Female,0,0,40,England,0
65,Self-emp-not-inc,158177,Masters,14,Married-civ-spouse,Sales,Husband,White,Male,10605,0,44,United-States,1
21,Private,157595,HS-grad,9,Never-married,Other-service,Not-in-family,White,Male,0,0,35,United-States,0
24,Private,165474,HS-grad,9,Married-civ-spouse,Other-service,Husband,White,Male,0,0,39,United-States,0
59,Self-emp-not-inc,49996,HS-grad,9,Widowed,Other-service,Not-in-family,Black,Female,0,0,20,United-States,0
38,Local-gov,274245,Assoc-acdm,12,Never-married,Prof-specialty,Not-in-family,White,Male,0,0,40,United-States,0
38,Private,190895,Bachelors,13,Married-civ-spouse,Exec-managerial,Husband,White,Male,7298,0,50,United-States,1
28,Private,25684,HS-grad,9,Never-married,Prof-specialty,Not-in-family,Amer-Indian-Eskimo,Female,0,0,40,United-States,0
20,Private,151780,Assoc-voc,11,Never-married,Sales,Not-in-family,Black,Female,0,0,35,United-States,0
57,Private,141570,Masters,14,Married-civ-spouse,Exec-managerial,Husband,Black,Male,0,1977,40,United-States,1
34,Private,153614,HS-grad,9,Married-civ-spouse,Sales,Husband,White,Male,0,0,45,United-States,1
48,Private,125120,Some-college,10,Divorced,Adm-clerical,Unmarried,White,Female,0,0,55,United-States,0
36,Private,131414,Some-college,10,Never-married,Sales,Not-in-family,Black,Female,0,0,36,United-States,0
43,State-gov,114508,HS-grad,9,Divorced,Exec-managerial,Unmarried,White,Female,0,0,40,United-States,0
47,Local-gov,149700,Masters,14,Married-civ-spouse,Prof-specialty,Husband,White,Male,15024,0,35,United-States,1
45,Private,205644,HS-grad,9,Separated,Tech-support,Not-in-family,White,Female,0,0,26,United-States,0
28,Self-emp-not-inc,190836,HS-grad,9,Married-civ-spouse,Sales,Husband,White,Male,0,0,50,United-States,1
49,Self-emp-not-inc,168191,7th-8th,4,Married-civ-spouse,Other-service,Husband,White,Male,0,0,70,Italy,0
41,Self-emp-not-inc,230961,Prof-school,15,Married-civ-spouse,Prof-specialty,Husband,White,Male,0,0,45,United-States,1
17,Private,221403,12th,8,Never-married,Other-service,Own-child,Black,Male,0,0,18,United-States,0
19,Private,254247,12th,8,Never-married,Adm-clerical,Own-child,White,Male,0,0,38,,0
20,Private,241752,HS-grad,9,Married-civ-spouse,Machine-op-inspct,Husband,White,Male,0,0,40,United-States,0
40,Self-emp-inc,275366,HS-grad,9,Married-civ-spouse,Sales,Husband,White,Male,0,0,50,United-States,1
36,Private,87520,HS-grad,9,Married-civ-spouse,Other-service,Other-relative,White,Female,0,0,40,United-States,0
23,Private,201138,Some-college,10,Never-married,Adm-clerical,Not-in-family,White,Female,0,0,8,United-States,0
39,Private,35890,Bachelors,13,Married-civ-spouse,Sales,Husband,White,Male,0,0,50,United-States,1
37,Self-emp-not-inc,126675,HS-grad,9,Married-civ-spouse,Farming-fishing,Husband,White,Male,0,0,60,United-States,1
38,State-gov,91670,Some-college,10,Divorced,Prof-specialty,Own-child,Asian-Pac-Islander,Female,0,0,40,United-States,0
31,Private,238002,Bachelors,13,Married-civ-spouse,Transport-moving,Husband,White,Male,0,0,55,Mexico,0
61,Private,190682,HS-grad,9,Widowed,Craft-repair,Not-in-family,Black,Female,0,1669,50,United-States,0
35,Private,184655,11th,7,Divorced,Transport-moving,Not-in-family,White,Male,0,0,50,United-States,0
30,Private,111415,HS-grad,9,Married-civ-spouse,Other-service,Husband,White,Male,0,0,55,Germany,0
31,Private,201156,Some-college,10,Divorced,Machine-op-inspct,Unmarried,White,Female,0,0,55,United-States,1
19,Private,208656,Some-college,10,Never-married,Adm-clerical,Own-child,White,Female,594,0,20,United-States,0
48,Self-emp-not-inc,76855,Some-college,10,Divorced,Transport-moving,Unmarried,White,Female,0,0,53,United-States,0
34,Private,93213,Masters,14,Married-civ-spouse,Other-service,Husband,White,Male,0,0,30,United-States,0
61,Private,180382,5th-6th,3,Married-civ-spouse,Handlers-cleaners,Husband,White,Male,3411,0,45,United-States,0
42,Federal-gov,46366,HS-grad,9,Separated,Adm-clerical,Unmarried,Black,Female,0,0,40,United-States,0
27,Private,115945,Masters,14,Married-civ-spouse,Exec-managerial,Husband,White,Male,0,0,45,United-States,1
17,Private,35603,12th,8,Never-married,Sales,Own-child,White,Female,0,0,20,United-States,0
25,Local-gov,306352,HS-grad,9,Married-civ-spouse,Protective-serv,Husband,White,Male,0,1902,40,Mexico,1
42,Private,156526,Some-college,10,Never-married,Tech-support,Not-in-family,White,Male,0,0,33,United-States,0
42,Private,211517,11th,7,Married-civ-spouse,Machine-op-inspct,Husband,White,Male,0,0,40,United-States,0
63,Private,165775,HS-grad,9,Married-civ-spouse,Sales,Husband,White,Male,0,0,21,United-States,0
48,Private,213140,Assoc-acdm,12,Married-civ-spouse,Sales,Husband,White,Male,0,0,60,United-States,1
34,Private,344275,Masters,14,Never-married,Prof-specialty,Not-in-family,White,Male,0,0,60,,1
38,Private,133935,HS-grad,9,Married-civ-spouse,Craft-repair,Husband,White,Male,0,0,41,El-Salvador,1
42,Private,184018,Masters,14,Married-civ-spouse,Sales,Husband,White,Male,0,0,45,United-States,1
22,Private,282579,HS-grad,9,Never-married,Other-service,Unmarried,White,Male,0,0,40,United-States,0
34,Private,421200,HS-grad,9,Married-civ-spouse,Craft-repair,Husband,Black,Male,0,0,40,United-States,0
33,Private,184784,10th,6,Divorced,Machine-op-inspct,Not-in-family,White,Female,0,0,40,United-States,0
73,,30713,HS-grad,9,Married-civ-spouse,,Husband,White,Male,0,0,10,United-States,0
58,Private,175127,HS-grad,9,Married-civ-spouse,Machine-op-inspct,Husband,White,Male,0,0,40,United-States,0
45,Private,171540,HS-grad,9,Married-civ-spouse,Craft-repair,Husband,White,Male,0,0,40,United-States,0
34,Self-emp-not-inc,152493,HS-grad,9,Married-civ-spouse,Farming-fishing,Husband,White,Male,0,0,70,United-States,0
47,Self-emp-not-inc,265097,HS-grad,9,Married-civ-spouse,Transport-moving,Husband,White,Male,0,0,45,United-States,1
52,Self-emp-not-inc,92469,Some-college,10,Divorced,Prof-specialty,Not-in-family,White,Female,0,0,32,United-States,0
19,Private,40425,Some-college,10,Never-married,Sales,Not-in-family,White,Female,0,0,28,United-States,0
45,Private,341995,Assoc-voc,11,Married-civ-spouse,Prof-specialty,Husband,White,Male,0,1902,42,United-States,1
64,Federal-gov,271550,Some-college,10,Married-civ-spouse,Transport-moving,Husband,White,Male,0,0,40,United-States,1
51,Private,82566,HS-grad,9,Married-civ-spouse,Craft-repair,Husband,White,Male,0,0,50,United-States,0
52,Private,173987,HS-grad,9,Married-civ-spouse,Adm-clerical,Husband,White,Male,0,0,40,United-States,1
40,Private,164647,Some-college,10,Divorced,Prof-specialty,Unmarried,Black,Female,0,0,38,United-States,0
20,Private,117476,Some-college,10,Married-civ-spouse,Craft-repair,Husband,White,Male,0,0,40,United-States,0
57,Self-emp-not-inc,152030,Some-college,10,Married-civ-spouse,Sales,Wife,White,Female,0,0,25,United-States,1
45,State-gov,112761,Some-college,10,Divorced,Adm-clerical,Not-in-family,White,Female,0,0,45,United-States,0
23,Private,214542,Some-college,10,Never-married,Adm-clerical,Own-child,White,Male,0,0,20,United-States,0
23,Private,173851,Some-college,10,Married-civ-spouse,Handlers-cleaners,Husband,White,Male,0,0,40,United-States,0
22,Private,127185,9th,5,Never-married,Machine-op-inspct,Not-in-family,White,Female,0,0,40,United-States,0
37,Private,115806,HS-grad,9,Married-civ-spouse,Exec-managerial,Husband,White,Male,0,0,60,United-States,0
42,Private,29320,Bachelors,13,Married-civ-spouse,Prof-specialty,Husband,White,Male,0,0,40,United-States,0
23,Private,235071,Some-college,10,Never-married,Exec-managerial,Own-child,White,Male,0,0,50,United-States,0
39,Self-emp-not-inc,457453,HS-grad,9,Married-civ-spouse,Craft-repair,Husband,Black,Male,0,0,40,United-States,0
59,Private,105592,Some-college,10,Married-civ-spouse,Exec-managerial,Husband,White,Male,0,0,12,United-States,0
25,Private,214303,HS-grad,9,Married-civ-spouse,Prof-specialty,Wife,White,Female,0,0,20,,0
42,Federal-gov,557644,HS-grad,9,Never-married,Adm-clerical,Unmarried,White,Female,0,0,40,United-States,0
40,State-gov,391736,Assoc-voc,11,Married-civ-spouse,Craft-repair,Husband,White,Male,0,0,40,United-States,0
42,Private,157443,Bachelors,13,Married-civ-spouse,Prof-specialty,Wife,Asian-Pac-Islander,Female,0,0,27,Taiwan,1
42,Private,84661,Some-college,10,Divorced,Craft-repair,Own-child,White,Male,0,0,30,United-States,0
34,Private,177437,Some-college,10,Married-civ-spouse,Craft-repair,Husband,White,Male,15024,0,45,United-States,1
44,Private,198452,HS-grad,9,Married-civ-spouse,Craft-repair,Husband,White,Male,0,0,40,United-States,0
61,Private,95500,HS-grad,9,Married-civ-spouse,Transport-moving,Husband,White,Male,0,0,40,United-States,0
19,Private,165306,Some-college,10,Never-married,Tech-support,Other-relative,Asian-Pac-Islander,Male,0,0,40,Vietnam,0
38,Local-gov,316470,Bachelors,13,Married-civ-spouse,Prof-specialty,Husband,White,Male,0,0,40,United-States,1
41,Private,266439,HS-grad,9,Married-civ-spouse,Machine-op-inspct,Husband,White,Male,0,0,40,United-States,0
22,Private,303781,Some-college,10,Never-married,Craft-repair,Own-child,Black,Male,0,0,40,United-States,0
39,Private,186130,Prof-school,15,Married-civ-spouse,Exec-managerial,Husband,White,Male,0,0,55,United-States,1
60,Private,24872,Some-college,10,Separated,Transport-moving,Not-in-family,Amer-Indian-Eskimo,Female,0,0,30,United-States,0
50,Self-emp-not-inc,95577,HS-grad,9,Married-civ-spouse,Other-service,Wife,White,Female,0,0,12,,0
46,Federal-gov,43206,Doctorate,16,Never-married,Prof-specialty,Not-in-family,White,Female,0,1564,50,United-States,1
63,Private,101077,Assoc-acdm,12,Married-spouse-absent,Adm-clerical,Other-relative,White,Female,0,0,35,United-States,0
33,Private,196385,Bachelors,13,Married-civ-spouse,Exec-managerial,Husband,White,Male,0,1977,40,United-States,1
44,Private,75012,HS-grad,9,Married-civ-spouse,Farming-fishing,Husband,White,Male,0,0,80,United-States,0
45,Private,145637,Some-college,10,Divorced,Adm-clerical,Unmarried,White,Female,0,0,48,United-States,0
27,Private,294451,11th,7,Married-civ-spouse,Farming-fishing,Husband,White,Male,0,0,40,United-States,0
53,Private,816750,Bachelors,13,Married-civ-spouse,Prof-specialty,Husband,White,Male,0,0,72,United-States,1
54,Self-emp-not-inc,109418,Bachelors,13,Married-civ-spouse,Exec-managerial,Wife,White,Female,0,1977,35,United-States,1
44,Local-gov,56651,Bachelors,13,Married-civ-spouse,Exec-managerial,Husband,White,Male,0,0,52,United-States,0
19,Private,120003,Some-college,10,Never-married,Adm-clerical,Own-child,White,Female,0,0,20,United-States,0
39,Private,30828,HS-grad,9,Divorced,Handlers-cleaners,Not-in-family,White,Male,0,0,40,United-States,0
52,Private,338816,Some-college,10,Married-civ-spouse,Exec-managerial,Husband,White,Male,15024,0,45,United-States,1
60,Federal-gov,49921,9th,5,Divorced,Other-service,Not-in-family,Black,Female,0,0,40,United-States,0
65,,36039,HS-grad,9,Married-civ-spouse,,Husband,White,Male,0,0,40,United-States,1
60,Private,250552,HS-grad,9,Married-civ-spouse,Other-service,Husband,White,Male,0,0,40,United-States,1
40,Self-emp-not-inc,34007,HS-grad,9,Married-civ-spouse,Farming-fishing,Husband,White,Male,0,0,70,United-States,1
51,Private,133461,Some-college,10,Married-civ-spouse,Exec-managerial,Husband,White,Male,0,0,40,United-States,0
19,Private,84250,Some-college,10,Never-married,Sales,Own-child,White,Female,0,0,22,United-States,0
17,Private,295308,11th,7,Never-married,Priv-house-serv,Own-child,White,Female,0,0,20,United-States,0
76,Federal-gov,25319,Masters,14,Widowed,Prof-specialty,Not-in-family,White,Female,0,0,15,United-States,0
35,Private,164519,HS-grad,9,Divorced,Adm-clerical,Unmarried,Black,Female,0,0,40,United-States,0
53,Private,55861,HS-grad,9,Married-civ-spouse,Craft-repair,Husband,White,Male,0,0,40,United-States,1
32,Self-emp-inc,233727,Bachelors,13,Married-civ-spouse,Sales,Husband,White,Male,7688,0,60,United-States,1
70,Private,206232,10th,6,Married-civ-spouse,Machine-op-inspct,Husband,White,Male,0,0,50,United-States,0
65,Private,185001,10th,6,Widowed,Sales,Not-in-family,White,Female,0,0,20,United-States,0
34,Private,117963,9th,5,Married-civ-spouse,Transport-moving,Husband,White,Male,0,0,45,United-States,0
50,Private,178596,HS-grad,9,Divorced,Craft-repair,Unmarried,White,Male,0,1408,50,United-States,0
39,Self-emp-not-inc,169542,Some-college,10,Married-civ-spouse,Craft-repair,Husband,White,Male,5178,0,40,United-States,1
35,Private,182203,Some-college,10,Divorced,Machine-op-inspct,Unmarried,Asian-Pac-Islander,Female,0,0,40,Philippines,0
30,Private,165503,Bachelors,13,Never-married,Sales,Own-child,White,Female,0,0,65,United-States,0
51,Private,114758,11th,7,Married-civ-spouse,Machine-op-inspct,Husband,White,Male,0,0,48,United-States,1
53,Private,276369,HS-grad,9,Married-civ-spouse,Exec-managerial,Husband,White,Male,0,0,45,United-States,0
21,Private,170800,HS-grad,9,Never-married,Sales,Own-child,White,Female,0,0,30,United-States,0
40,Self-emp-inc,279914,Prof-school,15,Married-civ-spouse,Prof-specialty,Husband,White,Male,0,2415,40,United-States,1
52,Private,134190,10th,6,Divorced,Transport-moving,Unmarried,White,Male,0,0,40,United-States,0
26,Private,44308,Bachelors,13,Never-married,Tech-support,Not-in-family,White,Male,0,0,40,United-States,0
36,Private,193855,HS-grad,9,Married-civ-spouse,Craft-repair,Husband,White,Male,0,0,40,United-States,0
44,Private,75742,Bachelors,13,Married-civ-spouse,Machine-op-inspct,Husband,White,Male,0,0,40,United-States,0
52,Private,279344,Masters,14,Married-civ-spouse,Exec-managerial,Wife,White,Female,15024,0,60,United-States,1
36,Private,176050,Some-college,10,Married-civ-spouse,Machine-op-inspct,Husband,White,Male,0,0,40,United-States,0
17,Private,183066,10th,6,Never-married,Other-service,Own-child,White,Female,0,0,25,United-States,0
65,Private,153522,HS-grad,9,Widowed,Other-service,Unmarried,White,Female,0,0,17,United-States,0
44,Private,111275,HS-grad,9,Never-married,Other-service,Unmarried,Black,Female,0,0,38,United-States,0
59,,147989,HS-grad,9,Widowed,,Not-in-family,White,Female,0,0,35,United-States,0
21,Private,191324,Some-college,10,Never-married,Other-service,Own-child,White,Male,0,0,25,United-States,0
39,State-gov,305541,HS-grad,9,Never-married,Other-service,Unmarried,White,Female,0,0,55,United-States,0
24,Private,194247,Bachelors,13,Never-married,Sales,Not-in-family,White,Male,0,0,40,United-States,0
68,Self-emp-not-inc,450580,HS-grad,9,Married-civ-spouse,Farming-fishing,Husband,White,Male,0,0,20,United-States,0
50,Private,273534,HS-grad,9,Married-civ-spouse,Handlers-cleaners,Husband,White,Male,0,0,30,United-States,0
28,Private,106141,HS-grad,9,Married-civ-spouse,Craft-repair,Husband,White,Male,99999,0,40,United-States,1
18,Private,414721,11th,7,Never-married,Other-service,Own-child,Black,Male,0,1602,23,United-States,0
47,Self-emp-not-inc,184682,HS-grad,9,Separated,Sales,Unmarried,White,Female,0,0,35,United-States,0
45,Federal-gov,45891,Some-college,10,Divorced,Adm-clerical,Unmarried,White,Male,0,0,42,United-States,0
62,,337721,HS-grad,9,Married-civ-spouse,,Husband,White,Male,0,0,8,United-States,0
46,Private,154405,HS-grad,9,Married-civ-spouse,Handlers-cleaners,Husband,Black,Male,0,0,40,United-States,0
39,Private,56648,HS-grad,9,Separated,Sales,Not-in-family,White,Female,0,0,47,United-States,0
35,Private,308691,Masters,14,Married-civ-spouse,Machine-op-inspct,Husband,White,Male,0,0,48,United-States,0
30,Private,306383,Some-college,10,Divorced,Handlers-cleaners,Not-in-family,White,Male,0,0,50,United-States,0
38,Private,75826,Prof-school,15,Married-civ-spouse,Prof-specialty,Wife,White,Female,0,0,40,United-States,0
66,Private,174276,Some-college,10,Widowed,Sales,Unmarried,White,Female,0,0,50,United-States,1
24,,35633,Some-college,10,Never-married,,Not-in-family,White,Male,0,0,11,,0
26,Private,190916,HS-grad,9,Married-civ-spouse,Exec-managerial,Husband,White,Male,0,0,40,United-States,0
51,Self-emp-inc,100029,Doctorate,16,Married-civ-spouse,Prof-specialty,Husband,White,Male,15024,0,40,United-States,1
53,Private,186303,HS-grad,9,Never-married,Sales,Not-in-family,White,Male,0,0,40,United-States,0
21,Private,188535,HS-grad,9,Never-married,Machine-op-inspct,Not-in-family,White,Male,0,0,44,United-States,0
47,Private,106544,HS-grad,9,Never-married,Other-service,Not-in-family,White,Female,0,0,40,United-States,0
28,Local-gov,335015,HS-grad,9,Married-civ-spouse,Craft-repair,Husband,White,Male,0,0,40,United-States,0
30,Private,272432,HS-grad,9,Never-married,Tech-support,Unmarried,White,Female,0,0,40,United-States,0
26,Private,291968,Bachelors,13,Never-married,Prof-specialty,Not-in-family,White,Male,0,0,40,United-States,0
46,Local-gov,303918,HS-grad,9,Married-civ-spouse,Protective-serv,Husband,White,Male,7688,0,96,United-States,1
54,Private,185407,Bachelors,13,Married-civ-spouse,Exec-managerial,Husband,White,Male,0,0,60,United-States,1
31,State-gov,286911,Some-college,10,Married-civ-spouse,Adm-clerical,Husband,White,Male,0,0,38,United-States,0
29,Private,210945,11th,7,Separated,Other-service,Unmarried,Black,Female,0,0,40,United-States,0
30,Private,39386,Some-college,10,Married-civ-spouse,Exec-managerial,Husband,Black,Male,0,0,99,United-States,0
45,Self-emp-not-inc,28119,Bachelors,13,Divorced,Prof-specialty,Not-in-family,White,Male,0,0,65,United-States,0
23,,212210,Some-college,10,Never-married,,Own-child,White,Female,0,0,15,United-States,0
30,Private,399088,Bachelors,13,Divorced,Prof-specialty,Unmarried,White,Female,0,0,50,United-States,0
55,Private,198385,7th-8th,4,Widowed,Other-service,Unmarried,White,Female,0,0,20,,0
68,Self-emp-not-inc,365020,HS-grad,9,Married-civ-spouse,Sales,Husband,White,Male,0,0,40,United-States,0
39,Private,199816,HS-grad,9,Married-civ-spouse,Transport-moving,Husband,White,Male,0,0,50,United-States,1
19,Private,351802,HS-grad,9,Never-married,Machine-op-inspct,Own-child,White,Male,0,0,35,United-States,0
60,Self-emp-inc,328011,Some-college,10,Married-civ-spouse,Craft-repair,Husband,White,Male,0,0,20,United-States,0
45,Private,461725,HS-grad,9,Married-civ-spouse,Handlers-cleaners,Husband,White,Male,0,0,40,United-States,0
21,Private,184568,HS-grad,9,Never-married,Machine-op-inspct,Not-in-family,White,Male,0,0,40,United-States,0
27,,291547,Bachelors,13,Married-civ-spouse,,Not-in-family,Other,Female,0,0,6,Mexico,0
43,Private,154538,Assoc-acdm,12,Divorced,Craft-repair,Not-in-family,White,Male,0,0,40,United-States,0
46,Local-gov,65535,Bachelors,13,Married-civ-spouse,Exec-managerial,Husband,White,Male,0,0,48,United-States,1
28,Private,300915,Bachelors,13,Married-civ-spouse,Prof-specialty,Husband,White,Male,0,1902,43,United-States,1
30,Private,186932,Doctorate,16,Married-civ-spouse,Prof-specialty,Husband,White,Male,5178,0,75,United-States,1
34,Private,61559,HS-grad,9,Never-married,Craft-repair,Not-in-family,White,Male,0,0,35,United-States,0
52,Self-emp-not-inc,128378,11th,7,Married-civ-spouse,Craft-repair,Husband,White,Male,0,0,40,United-States,0
62,Private,110103,HS-grad,9,Widowed,Craft-repair,Unmarried,Black,Female,0,0,40,United-States,0
45,Private,140644,Doctorate,16,Divorced,Prof-specialty,Not-in-family,White,Male,0,0,45,United-States,1
20,Private,218215,Some-college,10,Never-married,Adm-clerical,Own-child,White,Female,0,0,40,United-States,0
41,Self-emp-not-inc,227065,Some-college,10,Separated,Craft-repair,Not-in-family,White,Male,0,0,40,United-States,0
63,Private,84737,7th-8th,4,Married-civ-spouse,Other-service,Husband,Asian-Pac-Islander,Male,0,0,40,South,0
35,Private,258657,Assoc-acdm,12,Married-civ-spouse,Craft-repair,Husband,White,Male,0,0,60,United-States,0
49,Private,175070,Some-college,10,Divorced,Other-service,Unmarried,White,Female,0,0,40,United-States,0
31,Federal-gov,194141,Assoc-voc,11,Married-civ-spouse,Handlers-cleaners,Husband,White,Male,0,0,40,United-States,0
75,Self-emp-not-inc,213349,HS-grad,9,Married-civ-spouse,Farming-fishing,Husband,White,Male,0,0,20,United-States,0
39,Private,126675,Masters,14,Married-civ-spouse,Sales,Husband,White,Male,0,0,50,United-States,1
30,Private,103642,11th,7,Married-civ-spouse,Craft-repair,Husband,White,Male,0,0,40,United-States,0
34,Private,87218,Masters,14,Married-civ-spouse,Exec-managerial,Husband,White,Male,0,1887,50,United-States,1
60,State-gov,165792,Masters,14,Married-civ-spouse,Prof-specialty,Wife,White,Female,0,0,8,United-States,0
46,Local-gov,441542,Bachelors,13,Married-civ-spouse,Transport-moving,Husband,Black,Male,0,0,40,United-States,0
19,,263224,11th,7,Never-married,,Unmarried,White,Female,0,0,30,United-States,0
25,Private,167835,Bachelors,13,Never-married,Exec-managerial,Not-in-family,White,Female,3325,0,40,United-States,0
58,Private,205896,HS-grad,9,Divorced,Sales,Other-relative,White,Female,0,0,40,United-States,0
45,Private,240841,Masters,14,Never-married,Prof-specialty,Not-in-family,White,Female,0,0,40,United-States,0
61,Private,248448,7th-8th,4,Divorced,Other-service,Unmarried,White,Female,0,0,40,United-States,0
39,Private,51100,HS-grad,9,Married-civ-spouse,Transport-moving,Husband,White,Male,0,0,40,United-States,1
43,Private,191712,Bachelors,13,Never-married,Adm-clerical,Not-in-family,White,Male,0,1741,40,United-States,0
29,Local-gov,82393,HS-grad,9,Never-married,Handlers-cleaners,Unmarried,Asian-Pac-Islander,Male,0,1590,45,United-States,0
38,Self-emp-not-inc,154641,HS-grad,9,Married-civ-spouse,Farming-fishing,Husband,White,Male,0,0,50,United-States,0
34,Private,116371,HS-grad,9,Divorced,Other-service,Not-in-family,White,Female,0,0,38,United-States,0
32,Private,206541,Assoc-voc,11,Married-civ-spouse,Tech-support,Husband,White,Male,0,0,45,United-States,1
23,Private,242375,HS-grad,9,Never-married,Other-service,Not-in-family,White,Female,0,0,30,United-States,0
53,Private,96062,9th,5,Divorced,Craft-repair,Not-in-family,White,Male,0,0,50,United-States,0
38,Private,85244,Bachelors,13,Separated,Craft-repair,Not-in-family,White,Male,0,0,40,United-States,0
18,Private,48597,11th,7,Never-married,Other-service,Own-child,White,Female,0,0,20,United-States,0
21,Private,27049,Some-college,10,Never-married,Sales,Own-child,White,Female,0,0,20,United-States,0
55,Private,160631,HS-grad,9,Married-civ-spouse,Machine-op-inspct,Husband,White,Male,4508,0,8,Yugoslavia,0
22,,42004,Some-college,10,Never-married,,Own-child,White,Male,0,0,30,United-States,0
42,Self-emp-not-inc,121718,HS-grad,9,Married-civ-spouse,Craft-repair,Husband,White,Male,0,0,24,United-States,0
38,Private,107164,Some-college,10,Married-civ-spouse,Exec-managerial,Husband,White,Male,0,0,55,United-States,1
52,Self-emp-inc,114758,Bachelors,13,Married-civ-spouse,Sales,Husband,White,Male,15024,0,50,United-States,1
26,Private,266022,Some-college,10,Married-civ-spouse,Sales,Husband,White,Male,0,0,50,United-States,0
25,Private,179953,Masters,14,Never-married,Prof-specialty,Own-child,White,Female,2597,0,31,United-States,0
31,Private,400535,Some-college,10,Married-civ-spouse,Adm-clerical,Husband,White,Male,0,0,40,United-States,0
60,Private,349898,HS-grad,9,Widowed,Other-service,Not-in-family,White,Female,0,0,44,United-States,0
43,Self-emp-inc,286750,Prof-school,15,Married-civ-spouse,Prof-specialty,Husband,Black,Male,0,0,99,United-States,1
47,Private,144844,HS-grad,9,Married-civ-spouse,Craft-repair,Husband,White,Male,0,0,40,United-States,0
33,Private,309630,HS-grad,9,Married-civ-spouse,Other-service,Husband,White,Male,0,0,40,United-States,0
57,Self-emp-not-inc,225334,Prof-school,15,Married-civ-spouse,Sales,Wife,White,Female,15024,0,35,United-States,1
31,Private,341672,Some-college,10,Married-civ-spouse,Adm-clerical,Husband,Asian-Pac-Islander,Male,0,0,50,India,0
51,Private,351416,Some-college,10,Divorced,Prof-specialty,Unmarried,White,Female,0,0,40,United-States,0
18,Private,234953,Some-college,10,Never-married,Adm-clerical,Own-child,White,Female,0,0,25,United-States,0
54,Private,135388,HS-grad,9,Married-civ-spouse,Craft-repair,Husband,White,Male,5178,0,40,United-States,1
50,State-gov,159219,Bachelors,13,Married-civ-spouse,Exec-managerial,Husband,White,Male,0,0,40,Canada,1
38,Private,435638,Some-college,10,Never-married,Craft-repair,Not-in-family,White,Male,0,1876,40,United-States,0
19,Private,97215,Some-college,10,Separated,Sales,Unmarried,White,Female,0,0,25,United-States,0
32,Private,323985,Masters,14,Never-married,Exec-managerial,Not-in-family,White,Female,0,0,45,United-States,0
57,Private,182062,10th,6,Married-civ-spouse,Other-service,Husband,White,Male,0,0,40,United-States,0
40,Private,355918,Bachelors,13,Married-civ-spouse,Craft-repair,Husband,White,Male,0,0,50,United-States,1
40,Self-emp-inc,50644,Assoc-acdm,12,Divorced,Sales,Unmarried,White,Female,1506,0,40,United-States,0
22,Private,154713,HS-grad,9,Divorced,Sales,Own-child,White,Male,0,0,40,United-States,0
39,Self-emp-not-inc,33001,HS-grad,9,Married-civ-spouse,Craft-repair,Husband,White,Male,0,0,40,United-States,0
34,Local-gov,255098,Bachelors,13,Divorced,Prof-specialty,Unmarried,White,Female,0,0,40,United-States,0
20,Private,309580,HS-grad,9,Never-married,Adm-clerical,Own-child,White,Male,0,0,40,United-States,0
29,Private,54932,Some-college,10,Divorced,Craft-repair,Unmarried,White,Male,0,0,35,United-States,1
35,Private,348690,Bachelors,13,Married-civ-spouse,Transport-moving,Husband,White,Male,0,0,40,United-States,0
42,Local-gov,195124,11th,7,Divorced,Sales,Unmarried,White,Male,7430,0,50,Puerto-Rico,1
35,Self-emp-not-inc,32528,HS-grad,9,Married-civ-spouse,Transport-moving,Husband,White,Male,0,0,50,United-States,0
29,Private,181822,Bachelors,13,Never-married,Sales,Not-in-family,White,Male,0,0,40,United-States,0
23,Private,180475,Some-college,10,Never-married,Exec-managerial,Not-in-family,White,Male,0,0,40,United-States,0
45,State-gov,320818,Some-college,10,Married-spouse-absent,Other-service,Other-relative,Black,Male,0,0,40,Haiti,0
31,Private,194055,HS-grad,9,Married-civ-spouse,Transport-moving,Husband,White,Male,0,0,50,United-States,0
36,Private,130589,Some-college,10,Divorced,Exec-managerial,Not-in-family,White,Male,0,0,45,United-States,0
33,Self-emp-inc,206609,HS-grad,9,Married-civ-spouse,Exec-managerial,Husband,White,Male,0,0,50,United-States,0
31,Private,286406,HS-grad,9,Never-married,Exec-managerial,Not-in-family,White,Male,3325,0,40,United-States,0
48,Self-emp-not-inc,362883,HS-grad,9,Divorced,Craft-repair,Not-in-family,White,Male,0,0,60,United-States,1
62,Self-emp-inc,134768,Masters,14,Married-civ-spouse,Sales,Husband,White,Male,0,0,35,United-States,0
54,Private,57758,Masters,14,Married-civ-spouse,Sales,Husband,White,Male,0,0,68,United-States,1
39,Private,166697,HS-grad,9,Never-married,Machine-op-inspct,Own-child,White,Female,0,0,35,United-States,0
37,Private,188391,Assoc-acdm,12,Never-married,Tech-support,Not-in-family,White,Male,0,0,46,United-States,0
25,State-gov,180884,Some-college,10,Married-civ-spouse,Adm-clerical,Wife,Black,Female,0,0,40,United-States,0
24,,108495,HS-grad,9,Never-married,,Own-child,White,Male,0,0,40,United-States,0
72,Private,183616,HS-grad,9,Married-civ-spouse,Exec-managerial,Wife,White,Female,0,0,50,England,0
36,,53606,Assoc-voc,11,Married-civ-spouse,,Wife,White,Female,3908,0,8,United-States,0
50,Local-gov,124963,HS-grad,9,Married-civ-spouse,Craft-repair,Husband,White,Male,0,1977,35,United-States,1
30,Private,117028,HS-grad,9,Never-married,Exec-managerial,Not-in-family,White,Male,0,0,50,United-States,0
45,State-gov,284763,Some-college,10,Divorced,Prof-specialty,Unmarried,Black,Female,0,0,40,United-States,0
24,Private,220993,HS-grad,9,Never-married,Craft-repair,Not-in-family,White,Male,0,0,50,United-States,0
29,Local-gov,190525,Bachelors,13,Married-civ-spouse,Prof-specialty,Husband,White,Male,0,1848,60,Germany,1
36,Self-emp-inc,176900,Some-college,10,Married-spouse-absent,Adm-clerical,Unmarried,White,Female,0,0,25,United-States,0
29,Private,119793,7th-8th,4,Married-civ-spouse,Craft-repair,Husband,White,Male,0,0,40,Portugal,1
37,Private,190987,Some-college,10,Married-civ-spouse,Sales,Wife,White,Female,7298,0,40,United-States,1
34,Private,52537,HS-grad,9,Never-married,Transport-moving,Unmarried,Black,Male,0,0,30,United-States,0
38,Private,191103,Prof-school,15,Married-civ-spouse,Prof-specialty,Husband,White,Male,0,0,99,United-States,1
41,Private,806552,Some-college,10,Married-civ-spouse,Sales,Husband,White,Male,0,0,50,United-States,1
54,Private,96710,HS-grad,9,Married-civ-spouse,Priv-house-serv,Other-relative,Black,Female,0,0,20,United-States,0
44,Private,110028,HS-grad,9,Divorced,Sales,Not-in-family,White,Male,27828,0,60,United-States,1
50,Private,101119,10th,6,Married-civ-spouse,Transport-moving,Husband,White,Male,0,0,40,United-States,0
33,Private,171216,Bachelors,13,Married-civ-spouse,Exec-managerial,Husband,White,Male,0,0,50,United-States,1
42,Private,162003,Doctorate,16,Never-married,Prof-specialty,Not-in-family,White,Male,0,0,36,United-States,1
26,Private,193050,Some-college,10,Divorced,Adm-clerical,Unmarried,White,Female,0,0,18,United-States,0
60,Private,206339,HS-grad,9,Married-civ-spouse,Other-service,Husband,White,Male,0,0,40,United-States,0
38,Private,308798,HS-grad,9,Divorced,Sales,Unmarried,White,Female,0,0,40,United-States,0
25,Private,140669,Bachelors,13,Never-married,Prof-specialty,Not-in-family,White,Female,0,0,40,United-States,0
28,Private,209109,Bachelors,13,Divorced,Exec-managerial,Not-in-family,White,Male,0,0,40,United-States,0
24,Private,427686,1st-4th,2,Married-civ-spouse,Handlers-cleaners,Other-relative,White,Male,0,0,40,Mexico,0
32,Private,180799,Some-college,10,Married-civ-spouse,Transport-moving,Husband,White,Male,0,0,60,United-States,1
59,Local-gov,205718,Some-college,10,Married-civ-spouse,Prof-specialty,Wife,White,Female,0,0,24,Canada,0
34,Private,228873,Bachelors,13,Never-married,Exec-managerial,Own-child,White,Male,0,0,40,United-States,0
18,Private,236272,HS-grad,9,Never-married,Adm-clerical,Own-child,White,Female,0,0,35,United-States,0
60,Private,177665,HS-grad,9,Married-civ-spouse,Craft-repair,Husband,White,Male,0,0,35,United-States,0
24,Private,204653,Some-college,10,Never-married,Craft-repair,Own-child,White,Male,0,0,40,United-States,0
20,State-gov,126822,Some-college,10,Never-married,Prof-specialty,Own-child,White,Female,0,0,15,United-States,0
50,Private,135102,Masters,14,Married-civ-spouse,Exec-managerial,Husband,White,Male,0,0,55,United-States,1
25,Private,191271,HS-grad,9,Never-married,Adm-clerical,Own-child,White,Female,0,0,40,United-States,0
28,Private,165218,Bachelors,13,Never-married,Adm-clerical,Not-in-family,White,Female,0,0,55,United-States,0
19,Private,192453,Some-college,10,Never-married,Other-service,Other-relative,White,Female,0,0,25,United-States,0
68,Private,144056,HS-grad,9,Married-civ-spouse,Adm-clerical,Husband,White,Male,3818,0,40,United-States,0
38,State-gov,143774,Some-college,10,Separated,Exec-managerial,Not-in-family,White,Female,0,0,45,United-States,0
31,Private,243678,Bachelors,13,Never-married,Exec-managerial,Not-in-family,White,Female,0,0,40,United-States,0
18,Private,265099,11th,7,Never-married,Other-service,Own-child,White,Female,0,0,16,United-States,0
26,Private,155213,Bachelors,13,Never-married,Prof-specialty,Not-in-family,White,Male,0,0,48,United-States,0
25,,218948,7th-8th,4,Never-married,,Not-in-family,White,Female,0,0,32,Mexico,0
31,,162041,HS-grad,9,Never-married,,Own-child,White,Female,0,0,15,United-States,0
41,Private,190591,HS-grad,9,Separated,Other-service,Unmarried,Black,Female,0,0,20,United-States,0
38,Self-emp-inc,46385,HS-grad,9,Married-civ-spouse,Exec-managerial,Husband,White,Male,0,0,40,United-States,0
23,Private,129980,Some-college,10,Never-married,Handlers-cleaners,Other-relative,White,Male,0,0,40,United-States,0
43,Self-emp-inc,405601,Some-college,10,Married-civ-spouse,Exec-managerial,Husband,White,Male,0,0,60,United-States,0
29,Federal-gov,142712,Some-college,10,Married-civ-spouse,Adm-clerical,Husband,White,Male,0,0,40,United-States,1
25,Private,352057,HS-grad,9,Never-married,Transport-moving,Not-in-family,White,Male,0,0,65,United-States,0
47,Private,200471,Assoc-voc,11,Married-civ-spouse,Adm-clerical,Husband,White,Male,4064,0,40,United-States,0
19,,170125,Some-college,10,Never-married,,Own-child,White,Male,0,0,25,United-States,0
51,Private,228516,HS-grad,9,Married-spouse-absent,Craft-repair,Not-in-family,White,Male,0,0,45,Columbia,0
44,Private,523484,Bachelors,13,Married-civ-spouse,Exec-managerial,Husband,Black,Male,0,0,40,United-States,1
33,Private,180624,HS-grad,9,Divorced,Machine-op-inspct,Unmarried,Black,Female,0,0,40,United-States,0
43,Private,351576,Bachelors,13,Never-married,Sales,Not-in-family,White,Male,0,0,50,United-States,1
49,,31478,7th-8th,4,Married-civ-spouse,,Husband,White,Male,0,0,99,United-States,0
46,Private,189498,Bachelors,13,Married-civ-spouse,Prof-specialty,Husband,White,Male,0,1848,45,United-States,1
36,Private,267556,HS-grad,9,Married-civ-spouse,Craft-repair,Husband,White,Male,4064,0,40,United-States,0
49,Self-emp-inc,246891,Bachelors,13,Married-civ-spouse,Adm-clerical,Husband,White,Male,0,0,40,United-States,1
31,Private,325658,HS-grad,9,Divorced,Craft-repair,Unmarried,White,Male,0,0,40,United-States,0
46,Private,100067,11th,7,Married-civ-spouse,Other-service,Wife,Black,Female,0,0,35,United-States,1
43,Private,122473,Masters,14,Married-civ-spouse,Exec-managerial,Wife,Black,Female,0,1977,50,United-States,1
19,Private,418324,Some-college,10,Never-married,Sales,Own-child,White,Male,0,0,36,United-States,0
31,Private,118901,Bachelors,13,Divorced,Adm-clerical,Unmarried,White,Female,0,0,45,United-States,0
49,Private,90907,Some-college,10,Married-civ-spouse,Adm-clerical,Husband,Asian-Pac-Islander,Male,0,0,40,Outlying-US(Guam-USVI-etc),1
60,,199947,HS-grad,9,Married-civ-spouse,,Husband,White,Male,0,0,32,United-States,0
49,Private,157569,HS-grad,9,Married-civ-spouse,Craft-repair,Husband,White,Male,0,0,40,United-States,0
31,Federal-gov,139455,Bachelors,13,Never-married,Exec-managerial,Own-child,White,Female,0,0,40,Cuba,0
42,Private,155899,Assoc-acdm,12,Married-civ-spouse,Sales,Husband,White,Male,0,0,45,United-States,0
41,Private,223763,HS-grad,9,Divorced,Craft-repair,Not-in-family,White,Male,0,0,40,United-States,0
19,Self-emp-not-inc,67929,Some-college,10,Never-married,Farming-fishing,Own-child,White,Male,0,0,50,United-States,0
21,Private,219086,HS-grad,9,Never-married,Other-service,Own-child,White,Male,0,0,35,United-States,0
52,Federal-gov,23780,Some-college,10,Divorced,Adm-clerical,Not-in-family,White,Male,0,0,40,United-States,0
69,State-gov,34339,HS-grad,9,Married-civ-spouse,Protective-serv,Husband,White,Male,0,0,40,United-States,0
30,Private,53158,Assoc-acdm,12,Never-married,Tech-support,Not-in-family,White,Female,0,0,40,United-States,0
46,Private,205816,Assoc-voc,11,Married-civ-spouse,Prof-specialty,Wife,White,Female,0,0,40,United-States,1
58,Private,104945,9th,5,Married-civ-spouse,Handlers-cleaners,Husband,Black,Male,0,0,60,United-States,0
46,State-gov,121586,Bachelors,13,Married-civ-spouse,Craft-repair,Husband,White,Male,0,0,40,United-States,0
31,Local-gov,127651,10th,6,Never-married,Transport-moving,Other-relative,White,Male,0,1741,40,United-States,0
34,Private,349169,Masters,14,Married-civ-spouse,Craft-repair,Husband,White,Male,0,0,40,Mexico,0
43,Private,393354,Some-college,10,Married-civ-spouse,Adm-clerical,Wife,Black,Female,0,0,38,United-States,1
59,Private,128829,HS-grad,9,Divorced,Other-service,Not-in-family,White,Female,0,0,40,United-States,0
22,Private,228394,Some-college,10,Never-married,Adm-clerical,Own-child,White,Female,0,0,36,United-States,0
19,Private,382688,10th,6,Never-married,Handlers-cleaners,Not-in-family,White,Male,0,0,20,United-States,0
24,Private,113631,Bachelors,13,Never-married,Other-service,Not-in-family,White,Male,0,0,40,United-States,0
28,Private,42734,HS-grad,9,Never-married,Handlers-cleaners,Own-child,White,Male,0,0,40,United-States,0
45,Self-emp-not-inc,174426,Some-college,10,Never-married,Prof-specialty,Not-in-family,White,Male,0,0,35,United-States,0
37,Local-gov,118909,HS-grad,9,Divorced,Adm-clerical,Unmarried,Black,Female,0,0,35,United-States,0
80,Private,227210,Bachelors,13,Married-civ-spouse,Exec-managerial,Husband,White,Male,9386,0,40,United-States,1
50,Private,341797,Assoc-acdm,12,Married-civ-spouse,Craft-repair,Husband,White,Male,0,0,40,Canada,1
24,Private,433580,Some-college,10,Married-civ-spouse,Adm-clerical,Husband,White,Male,0,0,40,United-States,0
18,Private,123714,11th,7,Never-married,Handlers-cleaners,Not-in-family,Black,Male,0,0,40,United-States,0
32,Private,229732,Bachelors,13,Married-civ-spouse,Sales,Husband,White,Male,0,0,45,United-States,0
25,Local-gov,55360,HS-grad,9,Never-married,Craft-repair,Own-child,Black,Male,0,0,40,United-States,0
59,State-gov,159472,9th,5,Married-civ-spouse,Transport-moving,Husband,White,Male,0,0,40,United-States,0
55,Private,308118,Bachelors,13,Widowed,Machine-op-inspct,Unmarried,White,Female,0,0,40,,0
47,Local-gov,123681,Masters,14,Married-civ-spouse,Prof-specialty,Husband,White,Male,7688,0,60,United-States,1
29,Private,238680,Some-college,10,Never-married,Sales,Not-in-family,Black,Male,0,0,55,Outlying-US(Guam-USVI-etc),0
33,Private,178506,HS-grad,9,Divorced,Adm-clerical,Not-in-family,Black,Female,0,0,40,United-States,0
43,Local-gov,153132,Masters,14,Married-civ-spouse,Prof-specialty,Husband,White,Male,15024,0,40,United-States,1
42,Local-gov,147510,Bachelors,13,Separated,Prof-specialty,Unmarried,White,Male,0,0,40,United-States,0
28,Private,126129,Some-college,10,Never-married,Adm-clerical,Not-in-family,White,Female,0,0,40,United-States,0
35,Private,89622,HS-grad,9,Married-civ-spouse,Transport-moving,Husband,White,Male,0,0,40,United-States,0
43,Self-emp-not-inc,180599,HS-grad,9,Never-married,Craft-repair,Not-in-family,White,Male,0,0,35,United-States,0
31,Private,245500,Bachelors,13,Never-married,Prof-specialty,Not-in-family,Asian-Pac-Islander,Female,0,0,25,,0
29,Private,128509,HS-grad,9,Married-spouse-absent,Machine-op-inspct,Not-in-family,White,Female,0,0,38,El-Salvador,0
22,Private,183970,HS-grad,9,Never-married,Handlers-cleaners,Own-child,Black,Male,0,0,40,United-States,0
45,Private,26502,Bachelors,13,Married-civ-spouse,Craft-repair,Husband,White,Male,0,0,72,United-States,1
27,Private,229803,HS-grad,9,Never-married,Craft-repair,Own-child,Black,Male,0,0,40,United-States,0
37,Private,241962,11th,7,Married-civ-spouse,Craft-repair,Husband,White,Male,0,0,50,United-States,0
18,Private,336508,11th,7,Never-married,Adm-clerical,Own-child,White,Female,0,0,15,United-States,0
42,Federal-gov,31621,Assoc-acdm,12,Divorced,Adm-clerical,Not-in-family,White,Female,0,0,40,United-States,0
31,Private,124827,Assoc-voc,11,Married-civ-spouse,Sales,Husband,White,Male,0,0,40,United-States,1
27,Private,122913,7th-8th,4,Married-civ-spouse,Transport-moving,Husband,White,Male,0,0,40,United-States,0
76,Self-emp-inc,120796,9th,5,Married-civ-spouse,Prof-specialty,Husband,White,Male,0,0,40,United-States,0
54,Private,146834,10th,6,Married-civ-spouse,Machine-op-inspct,Husband,White,Male,0,0,60,United-States,0
26,Private,171114,Assoc-voc,11,Separated,Adm-clerical,Unmarried,White,Female,0,0,35,United-States,0
44,Private,146908,HS-grad,9,Married-civ-spouse,Prof-specialty,Husband,White,Male,0,0,40,United-States,0
43,Self-emp-not-inc,38876,HS-grad,9,Married-civ-spouse,Farming-fishing,Husband,White,Male,0,0,50,United-States,0
37,Private,111128,11th,7,Never-married,Machine-op-inspct,Not-in-family,White,Male,0,0,40,United-States,0
33,Private,201122,HS-grad,9,Separated,Tech-support,Not-in-family,White,Male,0,0,40,United-States,0
49,Private,209146,HS-grad,9,Married-civ-spouse,Transport-moving,Husband,White,Male,0,0,40,United-States,0
44,Local-gov,188808,Assoc-voc,11,Married-civ-spouse,Craft-repair,Husband,White,Male,0,0,40,United-States,1
46,Private,211226,Assoc-acdm,12,Married-civ-spouse,Transport-moving,Husband,Other,Male,0,0,36,United-States,0
50,Private,237735,5th-6th,3,Married-civ-spouse,Transport-moving,Husband,White,Male,0,0,37,Mexico,0
19,Private,60661,HS-grad,9,Never-married,Handlers-cleaners,Own-child,White,Male,0,0,52,United-States,0
30,Private,201697,Bachelors,13,Never-married,Other-service,Not-in-family,White,Male,0,0,40,United-States,0
23,Private,102942,Bachelors,13,Never-married,Prof-specialty,Own-child,White,Female,0,2258,40,United-States,1
40,Private,139193,HS-grad,9,Divorced,Machine-op-inspct,Not-in-family,White,Male,0,1980,48,United-States,0
31,Private,53042,Some-college,10,Married-civ-spouse,Machine-op-inspct,Husband,Black,Male,0,0,40,Trinadad&Tobago,0
33,Self-emp-not-inc,334744,Some-college,10,Married-civ-spouse,Craft-repair,Husband,White,Male,0,0,50,United-States,1
40,Private,205047,HS-grad,9,Married-spouse-absent,Craft-repair,Not-in-family,White,Male,0,0,40,United-States,1
37,State-gov,59200,HS-grad,9,Never-married,Adm-clerical,Other-relative,White,Female,0,0,40,United-States,0
22,Private,335950,HS-grad,9,Never-married,Other-service,Not-in-family,Black,Male,0,0,70,United-States,0
32,Self-emp-inc,161153,HS-grad,9,Married-civ-spouse,Farming-fishing,Husband,White,Male,0,1902,55,United-States,1
34,Private,212064,HS-grad,9,Separated,Adm-clerical,Unmarried,White,Female,7443,0,35,United-States,0
50,Private,125417,Bachelors,13,Married-civ-spouse,Exec-managerial,Husband,White,Male,7298,0,65,United-States,1
21,Private,400635,Some-college,10,Never-married,Other-service,Not-in-family,White,Female,0,0,20,,0
27,Private,491421,5th-6th,3,Never-married,Farming-fishing,Unmarried,White,Male,0,0,50,United-States,0
22,Private,145964,Bachelors,13,Never-married,Sales,Own-child,White,Male,0,0,15,United-States,0
27,Private,369188,Bachelors,13,Married-civ-spouse,Prof-specialty,Wife,White,Female,0,0,90,United-States,1
21,Local-gov,391936,Some-college,10,Never-married,Prof-specialty,Own-child,White,Female,0,0,25,United-States,0
51,Private,320513,7th-8th,4,Married-spouse-absent,Craft-repair,Not-in-family,Black,Male,0,0,50,Dominican-Republic,0
57,Self-emp-not-inc,353808,Some-college,10,Married-civ-spouse,Sales,Husband,White,Male,0,0,60,United-States,1
37,Private,215392,Bachelors,13,Divorced,Prof-specialty,Not-in-family,White,Female,0,0,40,United-States,0
30,Private,169104,Assoc-acdm,12,Never-married,Other-service,Other-relative,Asian-Pac-Islander,Male,0,0,40,Vietnam,0
31,Private,243605,Bachelors,13,Widowed,Sales,Unmarried,White,Female,0,1380,40,Cuba,0
46,Private,109227,Some-college,10,Divorced,Exec-managerial,Unmarried,White,Female,0,0,70,United-States,0
30,Private,392812,HS-grad,9,Never-married,Handlers-cleaners,Not-in-family,White,Male,0,0,50,Germany,0
43,Private,250802,Some-college,10,Divorced,Craft-repair,Unmarried,White,Male,0,0,35,United-States,0
52,Self-emp-not-inc,155278,10th,6,Married-civ-spouse,Exec-managerial,Husband,White,Male,0,0,40,United-States,0
38,Self-emp-inc,93225,Bachelors,13,Divorced,Exec-managerial,Not-in-family,White,Male,0,0,40,United-States,0
29,Private,94892,Some-college,10,Married-civ-spouse,Prof-specialty,Husband,White,Male,0,0,40,United-States,0
56,Local-gov,170217,HS-grad,9,Married-civ-spouse,Craft-repair,Husband,White,Male,0,0,40,United-States,0
22,,335453,Some-college,10,Never-married,,Own-child,White,Female,0,0,16,United-States,0
25,Private,212302,Some-college,10,Separated,Adm-clerical,Unmarried,White,Female,0,0,40,United-States,0
50,Self-emp-not-inc,124793,HS-grad,9,Married-civ-spouse,Craft-repair,Husband,White,Male,0,0,30,United-States,0
39,Private,297847,9th,5,Married-civ-spouse,Other-service,Wife,Black,Female,3411,0,34,United-States,0
21,Private,119039,Some-college,10,Never-married,Adm-clerical,Own-child,White,Female,0,0,18,United-States,0
20,Private,289944,Some-college,10,Never-married,Prof-specialty,Not-in-family,White,Female,0,0,20,United-States,0
22,Private,351952,Some-college,10,Never-married,Adm-clerical,Own-child,White,Female,0,0,38,United-States,0
42,Private,107276,Some-college,10,Never-married,Exec-managerial,Not-in-family,White,Female,0,2444,40,United-States,1
25,Private,184120,Bachelors,13,Never-married,Exec-managerial,Not-in-family,White,Male,0,0,45,United-States,0
38,Private,69306,Some-college,10,Divorced,Craft-repair,Unmarried,White,Female,0,0,40,United-States,0
55,Self-emp-not-inc,105239,HS-grad,9,Married-civ-spouse,Craft-repair,Husband,White,Male,0,2057,60,United-States,0
29,Private,135791,Bachelors,13,Married-civ-spouse,Exec-managerial,Wife,White,Female,15024,0,50,Cuba,1
45,State-gov,81853,Some-college,10,Married-civ-spouse,Adm-clerical,Wife,Asian-Pac-Islander,Female,0,0,40,United-States,1
35,Private,475324,Bachelors,13,Married-civ-spouse,Exec-managerial,Husband,White,Male,0,0,45,United-States,0
22,Private,308334,HS-grad,9,Never-married,Other-service,Own-child,White,Female,0,0,19,United-States,0
32,Federal-gov,191385,Assoc-acdm,12,Divorced,Protective-serv,Not-in-family,White,Male,2174,0,40,United-States,0
24,Private,241951,HS-grad,9,Never-married,Handlers-cleaners,Unmarried,Black,Female,0,0,40,United-States,0
18,,30246,Some-college,10,Never-married,,Own-child,White,Female,0,0,20,United-States,0
30,Private,210906,HS-grad,9,Married-civ-spouse,Exec-managerial,Other-relative,White,Female,0,0,40,United-States,0
44,Private,128676,Some-college,10,Never-married,Adm-clerical,Not-in-family,Black,Female,0,0,40,United-States,0
19,Private,225775,Some-college,10,Never-married,Adm-clerical,Not-in-family,White,Male,0,0,40,United-States,0
50,Private,135643,HS-grad,9,Married-civ-spouse,Machine-op-inspct,Other-relative,Asian-Pac-Islander,Female,0,0,40,China,0
33,Private,137310,HS-grad,9,Never-married,Machine-op-inspct,Own-child,White,Female,0,0,40,,0
54,Private,449257,HS-grad,9,Married-civ-spouse,Farming-fishing,Husband,White,Male,0,0,40,United-States,0
34,Private,378723,10th,6,Separated,Exec-managerial,Unmarried,White,Female,0,0,45,United-States,0
43,Private,162887,Some-college,10,Married-civ-spouse,Exec-managerial,Husband,Black,Male,0,0,40,United-States,1
54,Self-emp-not-inc,118365,10th,6,Divorced,Other-service,Not-in-family,Black,Female,0,0,10,United-States,0
26,Private,130620,Assoc-acdm,12,Married-spouse-absent,Craft-repair,Other-relative,Asian-Pac-Islander,Female,0,0,40,,0
34,Private,71865,9th,5,Married-civ-spouse,Machine-op-inspct,Wife,Other,Female,0,0,40,Portugal,0
30,Private,204704,Bachelors,13,Never-married,Exec-managerial,Unmarried,White,Female,0,0,45,United-States,1
56,Private,203580,HS-grad,9,Married-civ-spouse,Adm-clerical,Husband,White,Male,0,0,35,,0
31,Private,263561,Bachelors,13,Married-civ-spouse,Exec-managerial,Husband,White,Male,0,2246,45,United-States,1
27,Private,201872,Bachelors,13,Never-married,Exec-managerial,Not-in-family,White,Male,0,0,40,United-States,0
19,,109938,11th,7,Married-civ-spouse,,Wife,Asian-Pac-Islander,Female,0,0,40,Laos,0
32,Private,146154,HS-grad,9,Married-civ-spouse,Sales,Wife,White,Female,0,0,40,United-States,0
56,Private,191917,Assoc-acdm,12,Divorced,Adm-clerical,Unmarried,White,Female,4101,0,40,United-States,0
55,Private,102058,Bachelors,13,Married-civ-spouse,Exec-managerial,Husband,White,Male,0,0,50,United-States,1
20,Private,148409,Some-college,10,Never-married,Sales,Other-relative,White,Male,1055,0,20,United-States,0
35,Local-gov,246463,Bachelors,13,Divorced,Prof-specialty,Not-in-family,White,Male,0,0,50,United-States,0
35,Private,238802,HS-grad,9,Never-married,Other-service,Own-child,White,Male,0,0,20,United-States,0
25,State-gov,150083,Bachelors,13,Never-married,Prof-specialty,Not-in-family,White,Male,0,0,20,United-States,0
63,Private,207385,Some-college,10,Married-civ-spouse,Sales,Husband,White,Male,0,0,30,United-States,0
38,State-gov,346766,HS-grad,9,Divorced,Adm-clerical,Unmarried,White,Female,0,0,40,United-States,0
40,Self-emp-not-inc,30759,Assoc-voc,11,Married-civ-spouse,Farming-fishing,Husband,White,Male,0,0,60,United-States,0
21,Private,210355,11th,7,Never-married,Prof-specialty,Not-in-family,White,Female,0,0,24,United-States,0
31,Private,230912,Some-college,10,Never-married,Adm-clerical,Not-in-family,White,Female,0,0,55,United-States,0
38,Private,247547,Assoc-voc,11,Never-married,Adm-clerical,Unmarried,Black,Female,0,0,40,United-States,0
53,Private,96827,Bachelors,13,Never-married,Other-service,Not-in-family,White,Male,0,0,40,Canada,0
29,Self-emp-not-inc,189346,Some-college,10,Divorced,Craft-repair,Not-in-family,White,Male,2202,0,50,United-States,0
21,Private,399022,HS-grad,9,Never-married,Farming-fishing,Own-child,White,Male,0,0,24,United-States,0
35,Private,200153,Masters,14,Married-civ-spouse,Exec-managerial,Husband,White,Male,0,0,45,United-States,1
42,Private,376072,HS-grad,9,Married-civ-spouse,Transport-moving,Husband,White,Male,0,0,30,United-States,0
45,Private,738812,HS-grad,9,Married-civ-spouse,Craft-repair,Husband,White,Male,0,0,46,United-States,0
41,Private,151736,10th,6,Never-married,Machine-op-inspct,Not-in-family,White,Male,0,0,40,United-States,0
47,Private,583755,HS-grad,9,Married-civ-spouse,Adm-clerical,Husband,Black,Male,0,0,40,United-States,1
31,Private,151763,Some-college,10,Married-civ-spouse,Machine-op-inspct,Husband,White,Male,0,0,40,United-States,0
33,Private,51543,HS-grad,9,Married-civ-spouse,Handlers-cleaners,Husband,White,Male,0,0,60,United-States,0
38,Private,131827,Bachelors,13,Married-civ-spouse,Craft-repair,Husband,White,Male,0,0,70,United-States,0
54,,410114,HS-grad,9,Married-civ-spouse,,Husband,White,Male,0,0,40,United-States,0
34,Private,386877,HS-grad,9,Married-civ-spouse,Machine-op-inspct,Husband,Black,Male,0,0,40,United-States,0
55,Private,204751,HS-grad,9,Married-civ-spouse,Transport-moving,Husband,White,Male,0,0,65,United-States,0
23,Private,211678,Some-college,10,Never-married,Machine-op-inspct,Not-in-family,White,Male,0,0,40,United-States,0
54,Local-gov,135840,10th,6,Married-civ-spouse,Protective-serv,Husband,White,Male,0,0,45,United-States,0
28,Private,173110,HS-grad,9,Never-married,Exec-managerial,Not-in-family,White,Female,0,0,40,United-States,0
24,Private,330571,Bachelors,13,Married-civ-spouse,Prof-specialty,Wife,White,Female,0,0,40,United-States,0
37,Private,105021,Bachelors,13,Married-civ-spouse,Sales,Husband,White,Male,0,0,50,United-States,1
38,Local-gov,131239,HS-grad,9,Never-married,Other-service,Own-child,White,Male,0,0,20,United-States,0
21,,233923,Some-college,10,Never-married,,Own-child,White,Female,0,0,24,United-States,0
50,Local-gov,226497,Some-college,10,Married-civ-spouse,Protective-serv,Husband,White,Male,0,0,52,United-States,1
60,Self-emp-not-inc,38622,Some-college,10,Married-civ-spouse,Exec-managerial,Husband,White,Male,0,0,40,United-States,0
38,Private,133299,HS-grad,9,Never-married,Farming-fishing,Own-child,White,Male,0,0,55,United-States,0
39,Self-emp-not-inc,211785,HS-grad,9,Never-married,Craft-repair,Own-child,Black,Female,0,0,20,United-States,0
18,Private,336523,12th,8,Never-married,Other-service,Other-relative,Black,Male,0,0,20,United-States,0
58,State-gov,109567,Doctorate,16,Married-civ-spouse,Prof-specialty,Husband,White,Male,0,0,1,United-States,1
30,Private,178952,HS-grad,9,Never-married,Handlers-cleaners,Own-child,White,Male,0,0,40,United-States,0
50,Private,167065,Bachelors,13,Married-civ-spouse,Exec-managerial,Husband,White,Male,0,0,40,United-States,1
33,Federal-gov,331615,Doctorate,16,Married-civ-spouse,Prof-specialty,Husband,White,Male,0,1848,40,United-States,1
52,Self-emp-not-inc,399008,HS-grad,9,Married-civ-spouse,Transport-moving,Husband,Black,Male,5013,0,40,United-States,0
44,Private,216907,Assoc-acdm,12,Married-civ-spouse,Craft-repair,Husband,White,Male,0,1848,40,United-States,1
58,Federal-gov,298643,HS-grad,9,Divorced,Adm-clerical,Unmarried,Black,Female,0,0,40,United-States,0
46,Private,83064,Some-college,10,Married-civ-spouse,Machine-op-inspct,Husband,White,Male,0,0,40,United-States,0
45,Federal-gov,170915,HS-grad,9,Divorced,Tech-support,Not-in-family,White,Female,4865,0,40,United-States,0
60,Private,223696,1st-4th,2,Divorced,Craft-repair,Not-in-family,Other,Male,0,0,38,Dominican-Republic,0
49,State-gov,175109,Some-college,10,Married-civ-spouse,Prof-specialty,Husband,White,Male,0,0,50,United-States,1
27,Private,187981,HS-grad,9,Never-married,Handlers-cleaners,Own-child,White,Male,0,0,40,United-States,0
30,Private,177437,Bachelors,13,Divorced,Sales,Not-in-family,White,Male,0,0,40,United-States,0
47,Private,104068,HS-grad,9,Divorced,Prof-specialty,Unmarried,Amer-Indian-Eskimo,Female,0,0,40,United-States,0
23,Private,308498,Some-college,10,Never-married,Craft-repair,Own-child,White,Male,0,0,15,United-States,0
28,Private,269246,11th,7,Married-civ-spouse,Farming-fishing,Husband,White,Male,0,0,40,United-States,0
17,Private,165918,11th,7,Never-married,Handlers-cleaners,Own-child,White,Male,0,0,20,Peru,0
49,Local-gov,159726,11th,7,Divorced,Handlers-cleaners,Unmarried,White,Male,0,0,40,United-States,0
24,Private,283806,Some-college,10,Never-married,Other-service,Not-in-family,White,Female,0,0,40,United-States,0
42,,175935,HS-grad,9,Separated,,Unmarried,White,Male,0,0,40,United-States,0
49,Private,169180,7th-8th,4,Married-civ-spouse,Machine-op-inspct,Wife,White,Female,0,0,40,Hong,0
21,Private,117606,Some-college,10,Never-married,Prof-specialty,Not-in-family,White,Female,0,0,40,United-States,0
26,Private,117833,Bachelors,13,Never-married,Exec-managerial,Not-in-family,White,Female,0,1669,50,United-States,0
30,Self-emp-not-inc,255424,Prof-school,15,Married-civ-spouse,Prof-specialty,Husband,White,Male,0,0,55,United-States,0
24,Private,211391,10th,6,Never-married,Sales,Not-in-family,White,Female,0,0,15,United-States,0
34,Private,185556,Some-college,10,Never-married,Prof-specialty,Not-in-family,White,Female,0,0,12,United-States,1
28,Private,209205,Bachelors,13,Never-married,Prof-specialty,Not-in-family,White,Male,0,0,60,United-States,1
28,,243190,Bachelors,13,Never-married,,Not-in-family,Asian-Pac-Islander,Male,0,0,30,,0
58,Self-emp-inc,314482,HS-grad,9,Married-civ-spouse,Exec-managerial,Husband,White,Male,0,0,40,United-States,1
20,Private,89991,Some-college,10,Never-married,Other-service,Own-child,White,Female,0,0,32,United-States,0
22,Private,46561,Assoc-voc,11,Married-civ-spouse,Machine-op-inspct,Husband,White,Male,0,0,40,United-States,0
50,Self-emp-inc,68898,Doctorate,16,Married-civ-spouse,Exec-managerial,Husband,White,Male,7688,0,60,United-States,1
41,Self-emp-not-inc,134130,HS-grad,9,Married-civ-spouse,Farming-fishing,Husband,White,Male,0,0,60,United-States,0
52,,50934,Assoc-acdm,12,Married-civ-spouse,,Wife,White,Female,0,0,20,United-States,1
18,Private,211273,HS-grad,9,Never-married,Sales,Own-child,White,Female,0,0,19,United-States,0
38,State-gov,318886,Bachelors,13,Married-civ-spouse,Protective-serv,Husband,Black,Male,0,0,52,United-States,0
64,Private,116084,HS-grad,9,Married-civ-spouse,Craft-repair,Husband,White,Male,2635,0,40,United-States,0
69,Local-gov,179813,10th,6,Married-civ-spouse,Transport-moving,Husband,White,Male,0,0,10,United-States,0
31,Private,188798,Masters,14,Married-civ-spouse,Exec-managerial,Wife,White,Female,0,0,40,United-States,1
18,Private,34125,10th,6,Never-married,Other-service,Own-child,White,Female,0,0,28,United-States,0
45,Self-emp-inc,108100,Bachelors,13,Married-civ-spouse,Exec-managerial,Wife,Asian-Pac-Islander,Female,99999,0,25,,1
71,Self-emp-not-inc,126807,Masters,14,Married-civ-spouse,Farming-fishing,Husband,White,Male,0,1411,70,United-States,0
43,Self-emp-not-inc,134440,HS-grad,9,Married-civ-spouse,Farming-fishing,Husband,White,Male,0,0,99,United-States,0
38,Private,171344,11th,7,Married-spouse-absent,Transport-moving,Own-child,White,Male,0,0,36,Mexico,0
33,Private,141229,Some-college,10,Divorced,Other-service,Not-in-family,White,Female,0,0,50,United-States,0
63,Private,427770,12th,8,Divorced,Priv-house-serv,Unmarried,Black,Female,0,0,30,United-States,0
20,Private,190772,Assoc-acdm,12,Never-married,Other-service,Not-in-family,White,Female,0,0,40,United-States,0
21,Private,190761,10th,6,Married-civ-spouse,Farming-fishing,Husband,White,Male,0,0,70,United-States,0
55,State-gov,337599,Some-college,10,Divorced,Adm-clerical,Not-in-family,White,Male,0,0,40,United-States,0
17,,34088,12th,8,Never-married,,Own-child,White,Female,0,0,25,United-States,0
28,,129624,Some-college,10,Never-married,,Other-relative,White,Male,0,0,40,United-States,0
24,Private,280134,10th,6,Never-married,Sales,Not-in-family,White,Male,0,0,49,El-Salvador,0
61,Self-emp-not-inc,24046,HS-grad,9,Widowed,Other-service,Other-relative,White,Female,0,0,40,United-States,0
46,Private,285570,HS-grad,9,Married-civ-spouse,Craft-repair,Husband,White,Male,0,0,40,United-States,0
32,Private,166634,HS-grad,9,Married-civ-spouse,Machine-op-inspct,Husband,Black,Male,0,0,40,United-States,0
36,Private,179666,12th,8,Married-civ-spouse,Craft-repair,Husband,Other,Male,0,0,40,United-States,0
38,Private,106838,HS-grad,9,Married-civ-spouse,Transport-moving,Husband,White,Male,0,0,40,United-States,0
41,Private,428420,Some-college,10,Married-civ-spouse,Adm-clerical,Husband,White,Male,0,0,40,United-States,0
58,Self-emp-not-inc,61474,HS-grad,9,Married-civ-spouse,Sales,Husband,White,Male,0,0,55,United-States,1
60,Private,298967,7th-8th,4,Married-civ-spouse,Transport-moving,Husband,White,Male,0,0,15,United-States,0
47,Private,158286,Masters,14,Married-civ-spouse,Exec-managerial,Husband,White,Male,0,0,50,United-States,1
29,Private,66172,Some-college,10,Separated,Adm-clerical,Not-in-family,White,Female,0,0,40,United-States,0
45,Local-gov,198759,HS-grad,9,Married-civ-spouse,Exec-managerial,Husband,White,Male,0,1848,40,United-States,1
19,Private,316797,7th-8th,4,Married-civ-spouse,Handlers-cleaners,Own-child,White,Male,0,0,45,Mexico,0
28,Self-emp-inc,219705,Bachelors,13,Married-civ-spouse,Exec-managerial,Husband,White,Male,5013,0,55,United-States,0
27,Private,370242,Assoc-acdm,12,Never-married,Other-service,Not-in-family,White,Male,0,0,30,United-States,0
34,Private,227689,Assoc-voc,11,Divorced,Tech-support,Not-in-family,White,Female,0,0,64,United-States,0
48,Private,199739,HS-grad,9,Divorced,Craft-repair,Unmarried,White,Female,0,0,40,United-States,0
36,Private,181322,Bachelors,13,Divorced,Exec-managerial,Not-in-family,White,Female,0,0,45,United-States,0
39,Private,174343,9th,5,Married-civ-spouse,Craft-repair,Husband,White,Male,0,0,40,United-States,0
48,Private,166929,Bachelors,13,Married-civ-spouse,Adm-clerical,Husband,White,Male,0,0,45,,1
27,Self-emp-not-inc,164725,HS-grad,9,Married-civ-spouse,Other-service,Wife,White,Female,3464,0,35,United-States,0
48,,174533,11th,7,Separated,,Unmarried,White,Male,0,0,40,United-States,0
48,Private,498328,10th,6,Married-civ-spouse,Transport-moving,Husband,Black,Male,0,0,40,United-States,0
69,Self-emp-not-inc,204645,Some-college,10,Married-civ-spouse,Craft-repair,Husband,White,Male,9386,0,72,United-States,1
26,Private,33939,Some-college,10,Never-married,Tech-support,Own-child,White,Male,0,0,20,United-States,0
32,Private,154571,Some-college,10,Never-married,Other-service,Other-relative,Asian-Pac-Islander,Male,0,0,40,,0
42,Private,173938,Bachelors,13,Married-civ-spouse,Other-service,Husband,White,Male,0,0,40,,0
38,Private,179117,Assoc-acdm,12,Never-married,Machine-op-inspct,Not-in-family,Black,Female,10520,0,50,United-States,1
37,,111268,Assoc-voc,11,Never-married,,Own-child,White,Female,0,0,32,United-States,0
61,Private,210488,HS-grad,9,Married-civ-spouse,Exec-managerial,Husband,White,Male,0,0,50,United-States,1
47,Private,227310,Some-college,10,Divorced,Adm-clerical,Unmarried,Black,Female,0,0,40,United-States,0
32,Private,53135,HS-grad,9,Never-married,Machine-op-inspct,Not-in-family,White,Male,0,0,40,United-States,0
38,Private,185556,HS-grad,9,Divorced,Sales,Not-in-family,White,Male,0,0,50,United-States,1
49,Private,151584,Some-college,10,Married-civ-spouse,Other-service,Husband,White,Male,0,0,32,United-States,0
20,,229843,Some-college,10,Never-married,,Not-in-family,Black,Female,0,0,20,United-States,0
24,Private,119156,HS-grad,9,Never-married,Transport-moving,Own-child,White,Male,0,0,50,United-States,0
54,,32385,HS-grad,9,Divorced,,Not-in-family,White,Female,0,0,30,United-States,0
51,Self-emp-not-inc,74160,Masters,14,Divorced,Prof-specialty,Unmarried,White,Male,0,0,60,United-States,1
45,Private,149224,HS-grad,9,Divorced,Adm-clerical,Unmarried,Black,Female,0,0,50,United-States,0
20,Private,143604,HS-grad,9,Never-married,Other-service,Own-child,White,Female,0,0,40,United-States,0
42,Private,208584,Assoc-acdm,12,Separated,Sales,Not-in-family,Black,Female,0,0,40,United-States,0
45,Federal-gov,126754,Masters,14,Married-civ-spouse,Prof-specialty,Husband,White,Male,0,0,45,United-States,1
50,Local-gov,24013,Masters,14,Married-civ-spouse,Exec-managerial,Husband,White,Male,0,0,55,United-States,1
23,Private,141427,Bachelors,13,Never-married,Exec-managerial,Not-in-family,Black,Female,0,0,40,United-States,0
47,Private,156926,Bachelors,13,Married-civ-spouse,Prof-specialty,Husband,White,Male,0,0,40,United-States,1
28,Private,138269,HS-grad,9,Never-married,Craft-repair,Not-in-family,White,Male,0,0,40,United-States,0
33,Private,56121,HS-grad,9,Never-married,Transport-moving,Not-in-family,White,Male,0,0,60,United-States,0
36,Local-gov,241962,Bachelors,13,Married-civ-spouse,Adm-clerical,Husband,White,Male,0,0,40,United-States,0
51,Federal-gov,73670,Doctorate,16,Married-civ-spouse,Prof-specialty,Husband,White,Male,4386,0,52,United-States,1
57,Private,279340,7th-8th,4,Widowed,Other-service,Unmarried,Black,Female,0,0,29,United-States,0
38,Private,31603,Bachelors,13,Married-civ-spouse,Craft-repair,Wife,White,Female,0,0,40,United-States,0
39,Private,32146,Some-college,10,Never-married,Craft-repair,Not-in-family,White,Male,0,0,40,United-States,0
54,Private,249860,11th,7,Divorced,Priv-house-serv,Unmarried,Black,Female,0,0,10,United-States,0
39,Private,139703,HS-grad,9,Married-spouse-absent,Sales,Unmarried,Black,Female,0,0,28,Jamaica,0
25,,296228,Some-college,10,Never-married,,Unmarried,Other,Female,0,0,42,United-States,0
17,Private,369909,10th,6,Never-married,Other-service,Own-child,White,Male,0,0,20,United-States,0
39,Self-emp-inc,34180,Assoc-voc,11,Married-civ-spouse,Farming-fishing,Husband,White,Male,0,0,60,United-States,1
45,Self-emp-not-inc,285335,7th-8th,4,Married-civ-spouse,Craft-repair,Husband,White,Male,0,0,10,United-States,0
34,Private,98656,Some-college,10,Never-married,Prof-specialty,Not-in-family,White,Female,0,0,40,United-States,0
49,Private,182313,HS-grad,9,Divorced,Handlers-cleaners,Not-in-family,White,Male,0,0,40,United-States,0
25,Private,221757,Bachelors,13,Never-married,Exec-managerial,Not-in-family,White,Male,0,0,50,United-States,0
47,Federal-gov,20956,Bachelors,13,Married-civ-spouse,Craft-repair,Husband,White,Male,0,1740,40,United-States,0
25,Private,264055,Bachelors,13,Never-married,Adm-clerical,Own-child,White,Male,0,0,40,United-States,0
34,Private,182218,Assoc-voc,11,Divorced,Prof-specialty,Unmarried,White,Female,0,0,40,United-States,0
24,Private,47541,Masters,14,Never-married,Transport-moving,Not-in-family,White,Male,0,0,25,United-States,0
52,Private,186785,HS-grad,9,Never-married,Sales,Not-in-family,White,Male,0,1876,50,United-States,0
35,Local-gov,258037,HS-grad,9,Married-civ-spouse,Craft-repair,Husband,White,Male,0,0,40,Cuba,1
44,Private,187376,Assoc-acdm,12,Separated,Adm-clerical,Not-in-family,White,Male,0,0,35,United-States,0
65,Self-emp-inc,210381,Bachelors,13,Married-civ-spouse,Exec-managerial,Husband,White,Male,99999,0,65,United-States,1
27,Private,191129,Some-college,10,Married-civ-spouse,Machine-op-inspct,Husband,White,Male,0,0,40,United-States,0
30,Private,124187,HS-grad,9,Never-married,Farming-fishing,Own-child,Black,Male,0,0,60,United-States,0
50,Private,145333,Doctorate,16,Divorced,Prof-specialty,Other-relative,White,Male,10520,0,50,United-States,1
48,Private,131762,HS-grad,9,Never-married,Other-service,Not-in-family,White,Female,0,0,30,United-States,0
45,Private,158685,HS-grad,9,Separated,Sales,Not-in-family,White,Female,0,0,40,United-States,0
25,Self-emp-not-inc,114483,HS-grad,9,Married-civ-spouse,Farming-fishing,Husband,White,Male,0,0,65,United-States,0
22,Private,234474,Some-college,10,Never-married,Adm-clerical,Own-child,Black,Female,0,0,25,United-States,0
67,Private,94610,Masters,14,Married-civ-spouse,Sales,Husband,White,Male,0,0,30,United-States,1
73,Self-emp-not-inc,143833,12th,8,Married-civ-spouse,Farming-fishing,Husband,White,Male,0,0,18,United-States,0
23,Private,124802,Some-college,10,Never-married,Machine-op-inspct,Not-in-family,Black,Female,0,0,40,United-States,0
55,Private,323706,Some-college,10,Married-civ-spouse,Exec-managerial,Husband,White,Male,0,1902,40,United-States,1
67,Private,123393,11th,7,Married-civ-spouse,Transport-moving,Husband,White,Male,0,0,40,United-States,0
23,Private,114939,Some-college,10,Never-married,Sales,Not-in-family,White,Female,0,0,38,United-States,0
49,Private,28171,Masters,14,Married-civ-spouse,Protective-serv,Husband,White,Male,15024,0,78,United-States,1
47,Private,34307,Some-college,10,Separated,Other-service,Not-in-family,White,Female,0,0,35,United-States,0
46,Private,178642,HS-grad,9,Married-civ-spouse,Handlers-cleaners,Wife,White,Female,0,0,40,United-States,1
36,Private,144752,HS-grad,9,Married-civ-spouse,Craft-repair,Husband,Amer-Indian-Eskimo,Male,0,0,48,United-States,0
53,Federal-gov,276868,Some-college,10,Married-civ-spouse,Exec-managerial,Husband,White,Male,0,0,40,United-States,1
36,Self-emp-not-inc,224886,Bachelors,13,Married-civ-spouse,Exec-managerial,Husband,White,Male,2407,0,40,United-States,0
55,Private,115439,Some-college,10,Married-civ-spouse,Prof-specialty,Husband,White,Male,0,0,40,United-States,1
21,Private,51047,HS-grad,9,Never-married,Adm-clerical,Not-in-family,White,Female,0,0,25,United-States,0
31,Private,96480,HS-grad,9,Never-married,Adm-clerical,Not-in-family,White,Female,0,0,50,United-States,0
19,Private,175083,HS-grad,9,Never-married,Sales,Own-child,White,Female,0,0,8,United-States,0
29,Private,161857,HS-grad,9,Married-spouse-absent,Other-service,Not-in-family,Other,Female,0,0,40,Columbia,0
22,Private,251196,Some-college,10,Never-married,Protective-serv,Own-child,Black,Female,0,0,20,United-States,0
18,Private,109928,HS-grad,9,Never-married,Adm-clerical,Own-child,Black,Female,0,0,40,United-States,0
25,Private,323139,Bachelors,13,Never-married,Handlers-cleaners,Own-child,White,Male,0,0,35,United-States,0
19,Private,91928,Some-college,10,Never-married,Other-service,Other-relative,White,Female,0,0,35,United-States,0
47,Self-emp-inc,105779,Bachelors,13,Never-married,Sales,Own-child,White,Male,0,0,40,United-States,1
36,Private,272944,Bachelors,13,Married-civ-spouse,Exec-managerial,Husband,White,Male,0,1887,40,United-States,1
43,Private,170482,HS-grad,9,Separated,Machine-op-inspct,Not-in-family,White,Female,0,0,44,United-States,0
41,Private,219155,7th-8th,4,Married-civ-spouse,Transport-moving,Husband,White,Male,0,0,40,Italy,0
23,Private,183772,Assoc-acdm,12,Never-married,Adm-clerical,Other-relative,White,Female,0,0,70,United-States,0
24,,83783,7th-8th,4,Never-married,,Not-in-family,White,Female,0,0,25,United-States,0
61,Private,146788,7th-8th,4,Married-civ-spouse,Transport-moving,Husband,White,Male,0,0,40,United-States,0
34,Private,228406,Some-college,10,Never-married,Adm-clerical,Unmarried,Black,Female,0,0,40,United-States,0
32,Private,366876,HS-grad,9,Married-civ-spouse,Craft-repair,Husband,White,Male,0,0,40,United-States,0
27,Private,301302,Bachelors,13,Never-married,Craft-repair,Not-in-family,White,Male,0,0,50,United-States,0
31,Private,187802,Some-college,10,Divorced,Other-service,Not-in-family,White,Female,0,0,40,United-States,0
76,Private,328227,Bachelors,13,Married-civ-spouse,Adm-clerical,Husband,White,Male,5556,0,13,United-States,1
51,Private,274502,7th-8th,4,Divorced,Machine-op-inspct,Not-in-family,White,Female,0,0,48,United-States,0
69,Private,145656,Some-college,10,Widowed,Adm-clerical,Not-in-family,White,Female,0,0,24,United-States,0
36,Private,187847,HS-grad,9,Married-civ-spouse,Craft-repair,Husband,White,Male,0,0,40,United-States,1
64,Private,29559,HS-grad,9,Divorced,Handlers-cleaners,Not-in-family,White,Female,0,0,38,United-States,0
48,Local-gov,142719,Masters,14,Married-civ-spouse,Prof-specialty,Husband,White,Male,0,0,40,United-States,1
24,Local-gov,69640,Some-college,10,Never-married,Protective-serv,Not-in-family,White,Male,0,0,40,United-States,0
37,Private,102953,HS-grad,9,Married-civ-spouse,Craft-repair,Husband,White,Male,0,0,40,United-States,0
37,Private,95855,11th,7,Divorced,Handlers-cleaners,Not-in-family,White,Female,0,0,40,United-States,0
41,Private,187881,Some-college,10,Married-civ-spouse,Sales,Husband,White,Male,3942,0,40,United-States,0
35,Private,268661,Some-college,10,Married-civ-spouse,Sales,Husband,White,Male,0,0,50,United-States,0
59,Private,231377,Some-college,10,Married-civ-spouse,Exec-managerial,Husband,White,Male,0,1848,45,United-States,1
29,Private,53063,Bachelors,13,Never-married,Prof-specialty,Not-in-family,White,Male,0,0,40,United-States,0
47,Private,128378,Assoc-voc,11,Married-civ-spouse,Adm-clerical,Husband,Black,Male,0,0,40,United-States,0
37,Private,178100,Bachelors,13,Divorced,Exec-managerial,Not-in-family,White,Female,0,0,40,United-States,1
34,Private,204052,HS-grad,9,Never-married,Craft-repair,Not-in-family,White,Male,0,0,40,United-States,0
22,Private,311311,Some-college,10,Never-married,Other-service,Not-in-family,White,Male,0,0,60,United-States,0
36,Private,176101,Some-college,10,Never-married,Craft-repair,Own-child,White,Male,2174,0,60,United-States,0
47,Self-emp-inc,120131,Bachelors,13,Married-civ-spouse,Exec-managerial,Husband,White,Male,0,0,50,Cuba,1
47,Local-gov,174126,HS-grad,9,Widowed,Exec-managerial,Unmarried,White,Female,0,0,40,United-States,0
57,Self-emp-inc,258883,HS-grad,9,Married-civ-spouse,Transport-moving,Husband,White,Male,5178,0,60,Hungary,1
60,Private,40856,Assoc-voc,11,Married-civ-spouse,Craft-repair,Husband,White,Male,0,0,46,United-States,1
31,Private,240283,Bachelors,13,Married-civ-spouse,Adm-clerical,Wife,White,Female,0,0,40,United-States,1
35,Local-gov,102938,HS-grad,9,Married-civ-spouse,Other-service,Husband,White,Male,0,0,40,United-States,0
58,Private,119751,HS-grad,9,Married-civ-spouse,Priv-house-serv,Other-relative,Asian-Pac-Islander,Female,0,0,60,Philippines,0
40,State-gov,166327,Some-college,10,Divorced,Adm-clerical,Not-in-family,Black,Female,0,0,35,United-States,0
27,Private,193898,Bachelors,13,Divorced,Exec-managerial,Not-in-family,White,Male,0,0,52,United-States,0
32,Private,74501,Masters,14,Never-married,Sales,Own-child,White,Female,0,0,50,United-States,0
23,Private,320451,Bachelors,13,Never-married,Exec-managerial,Own-child,Asian-Pac-Islander,Male,0,0,24,United-States,0
27,Private,109881,Bachelors,13,Never-married,Other-service,Own-child,White,Female,0,0,20,United-States,0
36,Local-gov,318972,Some-college,10,Divorced,Adm-clerical,Unmarried,White,Female,0,0,65,United-States,0
19,Private,229516,7th-8th,4,Never-married,Machine-op-inspct,Other-relative,White,Male,0,0,40,United-States,0
38,Private,179668,HS-grad,9,Married-civ-spouse,Protective-serv,Husband,White,Male,0,0,40,Scotland,0
19,Private,52372,Some-college,10,Never-married,Other-service,Own-child,White,Male,0,0,20,United-States,0
19,Private,143608,HS-grad,9,Never-married,Machine-op-inspct,Own-child,White,Male,0,0,40,United-States,0
45,Private,184581,HS-grad,9,Married-civ-spouse,Machine-op-inspct,Husband,White,Male,0,0,40,United-States,0
37,Private,246677,HS-grad,9,Separated,Prof-specialty,Unmarried,White,Female,0,0,38,United-States,0
42,,56483,Some-college,10,Married-AF-spouse,,Wife,White,Female,0,0,14,United-States,0
42,Self-emp-not-inc,193882,HS-grad,9,Married-civ-spouse,Prof-specialty,Husband,White,Male,0,0,50,United-States,1
20,Private,34310,Some-college,10,Never-married,Sales,Own-child,White,Male,0,0,20,United-States,0
41,Private,70037,Some-college,10,Never-married,Craft-repair,Unmarried,White,Male,0,3004,60,,1
21,Private,213015,HS-grad,9,Never-married,Handlers-cleaners,Other-relative,Black,Male,2176,0,40,United-States,0
54,Local-gov,188446,HS-grad,9,Married-civ-spouse,Other-service,Husband,White,Male,0,0,40,United-States,0
50,Self-emp-not-inc,100109,11th,7,Divorced,Craft-repair,Unmarried,White,Male,0,0,40,,0
39,Private,30875,Bachelors,13,Divorced,Sales,Unmarried,White,Female,0,0,40,United-States,1
64,Private,477697,HS-grad,9,Married-civ-spouse,Exec-managerial,Husband,White,Male,0,0,16,United-States,0
26,Private,90915,Assoc-acdm,12,Never-married,Other-service,Own-child,Black,Female,0,0,15,United-States,0
43,Private,301007,Masters,14,Married-civ-spouse,Exec-managerial,Husband,White,Male,7298,0,50,United-States,1
29,Private,133420,Some-college,10,Married-civ-spouse,Craft-repair,Husband,White,Male,5013,0,40,United-States,0
43,Local-gov,194360,Masters,14,Never-married,Prof-specialty,Not-in-family,White,Male,0,0,38,United-States,0
18,,112137,Some-college,10,Never-married,,Own-child,Other,Female,0,0,20,,0
53,Local-gov,231166,HS-grad,9,Separated,Transport-moving,Not-in-family,White,Male,0,0,40,United-States,0
58,Private,33350,HS-grad,9,Divorced,Other-service,Unmarried,White,Female,0,0,35,United-States,0
62,,119986,Bachelors,13,Married-civ-spouse,,Husband,White,Male,0,0,60,United-States,1
32,Private,240888,Assoc-acdm,12,Divorced,Adm-clerical,Unmarried,White,Female,0,0,40,United-States,0
46,Private,31432,HS-grad,9,Married-civ-spouse,Adm-clerical,Wife,White,Female,3103,0,52,United-States,1
39,Private,115289,Assoc-acdm,12,Married-civ-spouse,Tech-support,Husband,White,Male,0,0,40,France,1
40,Private,341835,HS-grad,9,Never-married,Exec-managerial,Not-in-family,White,Female,0,0,45,United-States,0
24,Private,182812,Some-college,10,Never-married,Adm-clerical,Own-child,White,Female,3325,0,52,Dominican-Republic,0
60,Self-emp-inc,376133,HS-grad,9,Married-civ-spouse,Adm-clerical,Wife,White,Female,15024,0,15,United-States,1
22,Private,184975,HS-grad,9,Married-spouse-absent,Other-service,Own-child,White,Female,0,0,3,United-States,0
53,Private,350131,Bachelors,13,Married-civ-spouse,Prof-specialty,Wife,White,Female,0,0,48,United-States,1
21,Private,231053,HS-grad,9,Never-married,Machine-op-inspct,Own-child,White,Male,0,0,30,United-States,0
28,Private,410351,Some-college,10,Never-married,Craft-repair,Not-in-family,White,Male,0,0,30,United-States,0
28,Federal-gov,188278,Bachelors,13,Never-married,Protective-serv,Not-in-family,White,Male,0,0,50,United-States,0
23,Private,275818,Some-college,10,Never-married,Sales,Not-in-family,White,Female,0,1974,40,United-States,0
43,Private,187322,Bachelors,13,Married-civ-spouse,Craft-repair,Husband,White,Male,0,0,40,United-States,1
33,Private,554206,Some-college,10,Never-married,Tech-support,Not-in-family,Black,Male,0,0,40,Philippines,0
35,Private,188069,Masters,14,Never-married,Prof-specialty,Not-in-family,White,Male,13550,0,55,,1
46,Private,334421,Bachelors,13,Divorced,Sales,Unmarried,Asian-Pac-Islander,Female,0,0,40,China,0
18,Private,148952,Some-college,10,Never-married,Other-service,Own-child,White,Female,0,0,24,United-States,0
25,Private,155320,Bachelors,13,Never-married,Exec-managerial,Own-child,White,Male,0,0,45,United-States,0
60,Self-emp-not-inc,220342,11th,7,Married-civ-spouse,Farming-fishing,Husband,White,Male,0,0,35,United-States,0
21,State-gov,73514,HS-grad,9,Never-married,Other-service,Own-child,Asian-Pac-Islander,Female,0,0,40,United-States,0
45,Private,132847,Bachelors,13,Never-married,Sales,Not-in-family,White,Female,0,0,50,United-States,0
72,Self-emp-not-inc,243769,Prof-school,15,Never-married,Prof-specialty,Not-in-family,White,Male,0,1429,20,United-States,0
22,Private,314525,Bachelors,13,Never-married,Prof-specialty,Not-in-family,White,Male,0,0,40,United-States,0
23,Private,277328,Some-college,10,Never-married,Handlers-cleaners,Own-child,White,Male,0,0,32,Cuba,0
25,Private,409815,Assoc-voc,11,Never-married,Exec-managerial,Not-in-family,Black,Female,0,0,40,United-States,0
29,Private,211482,Bachelors,13,Married-civ-spouse,Sales,Husband,White,Male,0,0,40,United-States,0
35,Private,25803,HS-grad,9,Married-civ-spouse,Craft-repair,Husband,White,Male,0,0,40,United-States,0
55,Private,368727,Some-college,10,Divorced,Craft-repair,Not-in-family,White,Male,0,0,40,United-States,0
60,Private,297261,Some-college,10,Widowed,Sales,Not-in-family,White,Female,0,0,15,United-States,0
32,Private,205152,Bachelors,13,Never-married,Craft-repair,Own-child,White,Male,0,0,40,United-States,0
40,Private,174090,Assoc-voc,11,Never-married,Sales,Unmarried,White,Female,4687,0,50,United-States,1
21,Private,388946,Some-college,10,Separated,Handlers-cleaners,Not-in-family,White,Female,0,0,40,United-States,0
42,Self-emp-inc,203233,Prof-school,15,Married-civ-spouse,Prof-specialty,Husband,White,Male,99999,0,99,United-States,1
34,Self-emp-inc,544268,HS-grad,9,Divorced,Sales,Not-in-family,White,Female,0,0,50,United-States,0
34,Private,268051,Some-college,10,Married-civ-spouse,Protective-serv,Other-relative,Black,Female,0,0,25,Haiti,0
32,Local-gov,203849,Some-college,10,Married-civ-spouse,Transport-moving,Husband,White,Male,0,0,40,United-States,0
49,Private,98010,Bachelors,13,Divorced,Prof-specialty,Not-in-family,White,Female,0,0,50,United-States,0
17,,275778,9th,5,Never-married,,Own-child,White,Female,0,0,25,Mexico,0
28,Self-emp-not-inc,31717,HS-grad,9,Married-civ-spouse,Craft-repair,Husband,White,Male,0,0,40,United-States,0
40,Private,34113,HS-grad,9,Never-married,Exec-managerial,Not-in-family,Amer-Indian-Eskimo,Male,6849,0,43,United-States,0
70,Private,237065,5th-6th,3,Widowed,Other-service,Other-relative,White,Female,2346,0,40,,0
49,Private,87928,HS-grad,9,Married-civ-spouse,Adm-clerical,Husband,White,Male,0,0,40,United-States,1
45,Private,109434,Bachelors,13,Married-civ-spouse,Prof-specialty,Husband,White,Male,0,0,55,United-States,0
37,Self-emp-inc,347189,HS-grad,9,Married-civ-spouse,Exec-managerial,Husband,White,Male,0,0,55,United-States,1
45,,319993,HS-grad,9,Widowed,,Unmarried,White,Female,0,0,40,Mexico,0
51,Private,106151,5th-6th,3,Married-civ-spouse,Machine-op-inspct,Husband,White,Male,0,0,44,,1
49,Private,195612,Some-college,10,Married-civ-spouse,Exec-managerial,Husband,White,Male,7298,0,40,United-States,1
30,Private,315640,Masters,14,Never-married,Prof-specialty,Not-in-family,Asian-Pac-Islander,Male,0,0,45,Iran,1
51,Private,40641,Some-college,10,Married-civ-spouse,Exec-managerial,Husband,White,Male,0,0,60,United-States,1
31,Private,169104,Bachelors,13,Never-married,Sales,Own-child,Asian-Pac-Islander,Male,0,0,40,,0
63,Federal-gov,90393,Some-college,10,Married-civ-spouse,Adm-clerical,Husband,White,Male,0,0,48,United-States,0
45,Self-emp-inc,84324,Assoc-acdm,12,Married-civ-spouse,Prof-specialty,Husband,White,Male,0,0,50,United-States,1
48,Private,199058,Masters,14,Married-civ-spouse,Exec-managerial,Husband,White,Male,0,0,40,United-States,1
65,,195733,Some-college,10,Married-civ-spouse,,Husband,White,Male,0,0,30,United-States,1
26,Private,91683,Some-college,10,Married-civ-spouse,Transport-moving,Husband,White,Male,0,0,40,United-States,0
40,Private,169885,HS-grad,9,Separated,Other-service,Not-in-family,White,Female,0,0,40,United-States,0
28,Private,176683,Bachelors,13,Married-civ-spouse,Exec-managerial,Husband,White,Male,5178,0,50,United-States,1
56,,188166,HS-grad,9,Married-civ-spouse,,Husband,White,Male,0,0,40,United-States,0
20,,43587,HS-grad,9,Married-spouse-absent,,Not-in-family,White,Female,0,0,35,United-States,0
23,Private,164901,Some-college,10,Never-married,Exec-managerial,Own-child,White,Male,0,0,20,United-States,0
27,Federal-gov,105189,HS-grad,9,Divorced,Adm-clerical,Not-in-family,White,Male,4865,0,50,United-States,0
55,Private,204816,Some-college,10,Married-civ-spouse,Exec-managerial,Husband,White,Male,0,0,40,United-States,1
30,Private,113433,Some-college,10,Never-married,Machine-op-inspct,Own-child,Black,Female,0,0,40,United-States,0
32,Private,184833,10th,6,Separated,Craft-repair,Unmarried,White,Female,0,0,40,United-States,0
28,Self-emp-not-inc,149141,Some-college,10,Married-civ-spouse,Craft-repair,Husband,White,Male,0,0,45,United-States,1
45,Self-emp-not-inc,298130,HS-grad,9,Married-civ-spouse,Exec-managerial,Husband,White,Male,0,0,25,United-States,0
22,Private,403519,HS-grad,9,Married-civ-spouse,Machine-op-inspct,Husband,White,Male,0,0,40,United-States,0
46,Private,154405,10th,6,Married-civ-spouse,Handlers-cleaners,Husband,Black,Male,0,0,45,United-States,0
45,Private,186410,Some-college,10,Divorced,Adm-clerical,Not-in-family,White,Male,0,0,38,United-States,0
21,Private,321666,HS-grad,9,Never-married,Craft-repair,Own-child,White,Male,594,0,40,United-States,0
37,Private,33440,HS-grad,9,Separated,Other-service,Unmarried,White,Female,0,0,40,United-States,0
25,Private,247006,Assoc-acdm,12,Married-civ-spouse,Exec-managerial,Husband,White,Male,0,0,45,United-States,0
48,Private,316101,HS-grad,9,Divorced,Exec-managerial,Unmarried,White,Female,0,0,40,United-States,0
42,Local-gov,125461,Bachelors,13,Never-married,Exec-managerial,Own-child,White,Male,4650,0,35,United-States,0
60,State-gov,27037,HS-grad,9,Married-civ-spouse,Protective-serv,Husband,Amer-Indian-Eskimo,Male,0,0,40,United-States,1
17,,188758,10th,6,Never-married,,Own-child,White,Male,0,0,14,United-States,0
39,Local-gov,187385,Masters,14,Married-civ-spouse,Prof-specialty,Wife,White,Female,0,0,28,United-States,1
20,Private,115057,HS-grad,9,Never-married,Craft-repair,Not-in-family,White,Male,0,0,40,United-States,0
29,Private,42881,Bachelors,13,Married-civ-spouse,Exec-managerial,Wife,White,Female,0,0,40,United-States,1
46,Local-gov,146497,HS-grad,9,Divorced,Prof-specialty,Not-in-family,White,Female,0,0,40,United-States,0
30,Private,174704,11th,7,Married-civ-spouse,Machine-op-inspct,Husband,Black,Male,0,0,40,United-States,0
28,State-gov,189765,Some-college,10,Separated,Adm-clerical,Unmarried,White,Female,0,0,50,United-States,0
50,Private,85815,Assoc-voc,11,Divorced,Prof-specialty,Not-in-family,Asian-Pac-Islander,Male,0,0,38,United-States,1
24,Private,29302,Some-college,10,Never-married,Other-service,Own-child,White,Female,0,0,40,,0
51,Self-emp-inc,274948,Some-college,10,Married-civ-spouse,Craft-repair,Husband,White,Male,0,0,60,United-States,0
32,Private,19447,HS-grad,9,Married-civ-spouse,Sales,Wife,White,Female,0,0,40,United-States,0
19,,440417,Some-college,10,Never-married,,Own-child,White,Female,0,0,15,United-States,0
49,Private,236586,HS-grad,9,Married-civ-spouse,Adm-clerical,Husband,White,Male,0,0,40,United-States,1
33,Private,460408,Bachelors,13,Married-civ-spouse,Prof-specialty,Husband,White,Male,0,0,40,Mexico,0
20,Private,344492,HS-grad,9,Separated,Sales,Own-child,White,Female,0,0,26,United-States,0
43,Private,135606,Masters,14,Divorced,Exec-managerial,Not-in-family,White,Female,0,0,50,United-States,1
28,Private,54670,Assoc-acdm,12,Never-married,Sales,Not-in-family,White,Female,0,0,40,,0
77,Private,213136,Doctorate,16,Widowed,Exec-managerial,Unmarried,White,Male,0,0,40,United-States,0
32,Private,37380,Some-college,10,Divorced,Adm-clerical,Unmarried,White,Female,0,0,38,United-States,0
36,Private,160120,HS-grad,9,Married-civ-spouse,Adm-clerical,Husband,Asian-Pac-Islander,Male,0,0,40,Vietnam,0
47,Private,114882,Assoc-voc,11,Married-civ-spouse,Transport-moving,Husband,White,Male,0,0,40,United-States,0
36,Private,61778,Some-college,10,Married-civ-spouse,Craft-repair,Husband,White,Male,0,0,60,United-States,1
27,Private,279608,5th-6th,3,Married-civ-spouse,Farming-fishing,Husband,White,Male,0,0,40,Mexico,0
26,Private,162872,Assoc-acdm,12,Never-married,Prof-specialty,Not-in-family,White,Female,0,0,40,United-States,0
62,Private,131117,7th-8th,4,Divorced,Tech-support,Unmarried,White,Female,0,0,38,Columbia,0
31,Private,241885,HS-grad,9,Never-married,Farming-fishing,Unmarried,White,Male,0,0,45,United-States,0
43,Private,210013,HS-grad,9,Married-civ-spouse,Craft-repair,Husband,White,Male,0,0,40,United-States,0
29,Self-emp-not-inc,104423,Some-college,10,Married-civ-spouse,Exec-managerial,Other-relative,White,Male,4386,0,45,United-States,1
51,Private,171914,9th,5,Widowed,Craft-repair,Not-in-family,White,Male,0,0,30,United-States,0
29,Private,535740,HS-grad,9,Never-married,Craft-repair,Unmarried,Black,Male,0,0,40,United-States,0
31,Private,203488,Bachelors,13,Married-civ-spouse,Sales,Husband,White,Male,0,1977,45,United-States,1
26,Private,272618,Bachelors,13,Married-civ-spouse,Sales,Husband,White,Male,0,0,55,United-States,0
25,Private,194352,Bachelors,13,Divorced,Prof-specialty,Not-in-family,White,Female,0,0,44,United-States,0
31,Private,145139,Bachelors,13,Married-civ-spouse,Craft-repair,Husband,White,Male,0,0,40,United-States,1
25,Private,344804,HS-grad,9,Married-civ-spouse,Other-service,Husband,White,Male,0,0,50,Mexico,0
57,Private,354923,Bachelors,13,Divorced,Exec-managerial,Not-in-family,White,Female,0,0,45,United-States,0
55,Local-gov,104996,HS-grad,9,Married-civ-spouse,Craft-repair,Husband,White,Male,0,0,15,United-States,0
49,Self-emp-inc,201498,HS-grad,9,Married-civ-spouse,Craft-repair,Husband,White,Male,0,0,40,United-States,0
69,Private,295425,Assoc-acdm,12,Married-civ-spouse,Exec-managerial,Husband,White,Male,0,0,24,United-States,0
37,Local-gov,89491,Masters,14,Divorced,Exec-managerial,Not-in-family,White,Female,0,0,40,United-States,0
34,Private,101345,HS-grad,9,Married-civ-spouse,Other-service,Wife,White,Female,0,0,40,United-States,1
37,Private,40955,Prof-school,15,Married-civ-spouse,Prof-specialty,Husband,White,Male,0,0,50,United-States,1
55,Private,250322,HS-grad,9,Divorced,Adm-clerical,Not-in-family,White,Female,0,0,40,United-States,0
29,Private,142760,HS-grad,9,Never-married,Handlers-cleaners,Not-in-family,Black,Male,0,0,40,United-States,0
65,,76131,HS-grad,9,Never-married,,Unmarried,Asian-Pac-Islander,Female,0,0,40,United-States,0
33,Private,100228,Some-college,10,Never-married,Machine-op-inspct,Not-in-family,Black,Male,0,0,40,United-States,0
40,Private,150471,Assoc-acdm,12,Divorced,Other-service,Not-in-family,White,Female,0,0,40,United-States,0
44,Self-emp-not-inc,567788,5th-6th,3,Married-civ-spouse,Farming-fishing,Husband,White,Male,0,0,40,Mexico,0
25,Private,90752,Bachelors,13,Married-civ-spouse,Adm-clerical,Wife,White,Female,0,0,40,United-States,0
23,,223019,Some-college,10,Never-married,,Own-child,White,Female,0,0,35,United-States,0
38,Private,103474,Bachelors,13,Never-married,Tech-support,Not-in-family,White,Female,0,0,45,United-States,0
46,Private,182533,Bachelors,13,Never-married,Adm-clerical,Unmarried,Asian-Pac-Islander,Female,0,0,40,Philippines,0
24,Private,220426,HS-grad,9,Never-married,Handlers-cleaners,Not-in-family,White,Male,0,0,40,United-States,0
34,Private,55176,Some-college,10,Married-civ-spouse,Tech-support,Husband,White,Male,0,0,40,United-States,1
34,Private,344073,HS-grad,9,Separated,Adm-clerical,Not-in-family,White,Male,0,0,40,United-States,1
22,Private,134746,10th,6,Married-civ-spouse,Sales,Wife,White,Female,0,0,40,United-States,0
39,Private,132879,Some-college,10,Married-civ-spouse,Exec-managerial,Husband,White,Male,0,0,50,United-States,1
49,Private,134797,Some-college,10,Divorced,Adm-clerical,Not-in-family,White,Male,0,0,40,United-States,0
18,,20057,Some-college,10,Never-married,,Not-in-family,Asian-Pac-Islander,Female,0,0,16,United-States,0
44,Private,178385,Masters,14,Married-civ-spouse,Exec-managerial,Husband,Asian-Pac-Islander,Male,0,0,48,India,0
21,Private,243842,HS-grad,9,Married-civ-spouse,Farming-fishing,Husband,White,Male,0,0,40,United-States,0
47,Federal-gov,51664,Some-college,10,Married-civ-spouse,Craft-repair,Husband,White,Male,3908,0,40,United-States,0
30,Private,259058,Masters,14,Divorced,Prof-specialty,Unmarried,White,Male,0,1726,40,United-States,0
32,Private,147654,HS-grad,9,Married-civ-spouse,Craft-repair,Husband,White,Male,0,1902,40,United-States,1
41,Private,194537,Bachelors,13,Divorced,Prof-specialty,Not-in-family,White,Female,0,0,40,United-States,0
33,Private,231043,HS-grad,9,Married-civ-spouse,Craft-repair,Husband,White,Male,0,0,50,United-States,1
45,Private,140644,HS-grad,9,Married-civ-spouse,Sales,Husband,White,Male,0,0,50,United-States,1
45,Self-emp-not-inc,29019,HS-grad,9,Married-civ-spouse,Other-service,Wife,White,Female,0,0,55,United-States,0
44,Private,205822,Some-college,10,Married-civ-spouse,Sales,Husband,White,Male,0,0,40,United-States,1
61,Private,316359,Some-college,10,Divorced,Sales,Not-in-family,White,Female,0,0,40,United-States,0
57,Private,204209,7th-8th,4,Married-civ-spouse,Craft-repair,Husband,White,Male,3103,0,40,United-States,1
32,State-gov,104509,HS-grad,9,Divorced,Other-service,Not-in-family,White,Female,0,0,25,United-States,0
40,Private,163434,HS-grad,9,Never-married,Craft-repair,Not-in-family,White,Male,0,0,50,United-States,0
51,Self-emp-inc,338836,Some-college,10,Married-civ-spouse,Exec-managerial,Husband,White,Male,0,0,40,United-States,1
44,Federal-gov,306440,HS-grad,9,Divorced,Craft-repair,Not-in-family,White,Male,0,0,40,United-States,0
33,Private,54318,HS-grad,9,Married-civ-spouse,Craft-repair,Husband,White,Male,0,0,40,United-States,1
80,,29020,Prof-school,15,Married-civ-spouse,,Husband,White,Male,10605,0,10,United-States,1
32,Private,53260,HS-grad,9,Divorced,Other-service,Unmarried,Other,Female,0,0,28,United-States,0
33,Private,159548,Some-college,10,Divorced,Adm-clerical,Unmarried,Black,Female,0,0,38,United-States,0
23,Private,160398,Some-college,10,Married-spouse-absent,Handlers-cleaners,Unmarried,White,Male,0,0,40,United-States,0
25,Private,159662,HS-grad,9,Married-civ-spouse,Sales,Own-child,White,Male,0,0,26,United-States,1
43,,116632,Some-college,10,Married-civ-spouse,,Husband,White,Male,0,0,45,United-States,1
24,Private,229826,Bachelors,13,Never-married,Transport-moving,Own-child,White,Male,0,0,20,United-States,0
31,Private,307543,10th,6,Never-married,Transport-moving,Own-child,White,Male,0,0,99,Cuba,0
47,Private,146497,Some-college,10,Separated,Adm-clerical,Unmarried,White,Female,0,0,16,Germany,0
47,Private,225065,5th-6th,3,Separated,Sales,Unmarried,White,Female,0,0,40,Mexico,0
59,Local-gov,222081,Bachelors,13,Never-married,Prof-specialty,Other-relative,Black,Female,0,0,35,United-States,0
38,Private,176335,Some-college,10,Married-civ-spouse,Prof-specialty,Husband,White,Male,0,0,40,United-States,1
43,Private,193459,11th,7,Married-civ-spouse,Handlers-cleaners,Husband,White,Male,0,0,40,United-States,0
47,Private,101299,HS-grad,9,Married-civ-spouse,Craft-repair,Husband,White,Male,0,0,40,United-States,0
43,Private,50356,Some-college,10,Married-civ-spouse,Craft-repair,Husband,White,Male,0,1485,50,United-States,0
44,Private,230478,Assoc-acdm,12,Divorced,Exec-managerial,Not-in-family,White,Male,0,0,60,United-States,1
24,Private,138938,Some-college,10,Divorced,Adm-clerical,Not-in-family,White,Female,0,0,40,United-States,0
20,Private,230113,Some-college,10,Never-married,Other-service,Own-child,White,Male,0,0,50,United-States,0
24,State-gov,154432,Bachelors,13,Never-married,Machine-op-inspct,Not-in-family,White,Male,0,0,35,United-States,0
44,Private,151504,Some-college,10,Married-civ-spouse,Sales,Husband,White,Male,0,0,50,United-States,0
37,State-gov,93225,Assoc-acdm,12,Married-civ-spouse,Exec-managerial,Husband,White,Male,0,0,45,United-States,0
27,Private,132805,10th,6,Never-married,Sales,Other-relative,White,Male,0,1980,40,United-States,0
26,Private,259138,11th,7,Married-civ-spouse,Other-service,Wife,White,Female,2407,0,36,United-States,0
29,Private,375078,7th-8th,4,Married-civ-spouse,Other-service,Wife,White,Female,0,0,40,Mexico,0
41,Private,115254,Some-college,10,Divorced,Machine-op-inspct,Unmarried,Black,Female,0,0,40,United-States,0
24,Private,36058,Bachelors,13,Never-married,Sales,Not-in-family,White,Male,0,0,50,United-States,0
24,Local-gov,387108,Some-college,10,Married-civ-spouse,Protective-serv,Husband,Black,Male,0,0,40,United-States,0
49,,271346,Bachelors,13,Married-civ-spouse,,Husband,White,Male,15024,0,60,United-States,1
35,Private,261382,Bachelors,13,Married-civ-spouse,Sales,Husband,White,Male,0,0,50,United-States,0
41,Private,147206,12th,8,Married-civ-spouse,Handlers-cleaners,Husband,White,Male,0,0,40,United-States,1
24,Private,117210,Bachelors,13,Never-married,Exec-managerial,Own-child,White,Male,0,0,36,United-States,0
25,Private,203871,Assoc-voc,11,Married-civ-spouse,Prof-specialty,Wife,White,Female,0,1887,40,United-States,1
45,Self-emp-not-inc,155489,Some-college,10,Married-civ-spouse,Sales,Husband,White,Male,0,0,65,United-States,0
23,Local-gov,212856,Assoc-acdm,12,Never-married,Protective-serv,Own-child,Black,Female,0,0,35,United-States,0
59,Private,193568,HS-grad,9,Divorced,Machine-op-inspct,Own-child,White,Female,0,0,40,United-States,0
28,Private,129882,Some-college,10,Never-married,Adm-clerical,Unmarried,Black,Female,0,0,40,United-States,0
28,Private,169069,HS-grad,9,Never-married,Craft-repair,Own-child,White,Male,0,0,40,United-States,0
68,,191288,7th-8th,4,Widowed,,Not-in-family,White,Female,0,0,15,United-States,0
24,Private,270517,HS-grad,9,Never-married,Other-service,Own-child,White,Female,0,0,40,Mexico,0
69,Private,108196,9th,5,Never-married,Craft-repair,Other-relative,White,Male,2993,0,40,United-States,0
47,State-gov,103743,7th-8th,4,Married-civ-spouse,Transport-moving,Husband,White,Male,0,0,40,United-States,0
30,Private,58597,HS-grad,9,Never-married,Machine-op-inspct,Own-child,White,Male,0,0,44,United-States,0
30,Private,230224,Bachelors,13,Never-married,Exec-managerial,Not-in-family,White,Male,0,0,55,United-States,1
47,Private,212944,HS-grad,9,Married-civ-spouse,Transport-moving,Husband,White,Male,0,0,70,United-States,1
40,Private,163434,Some-college,10,Married-civ-spouse,Handlers-cleaners,Husband,White,Male,0,0,40,United-States,0
24,Private,325744,HS-grad,9,Never-married,Craft-repair,Not-in-family,White,Male,0,0,40,United-States,0
48,Self-emp-not-inc,115971,HS-grad,9,Married-civ-spouse,Sales,Husband,White,Male,0,0,50,United-States,0
40,Private,201495,11th,7,Never-married,Transport-moving,Own-child,White,Male,0,0,35,United-States,0
42,Private,184837,HS-grad,9,Married-civ-spouse,Machine-op-inspct,Wife,White,Female,7298,0,40,United-States,1
43,Local-gov,247514,Masters,14,Divorced,Prof-specialty,Unmarried,White,Male,0,0,40,United-States,0
67,Private,227113,Masters,14,Married-civ-spouse,Prof-specialty,Husband,White,Male,0,2457,40,United-States,0
32,Self-emp-inc,113543,Prof-school,15,Married-civ-spouse,Prof-specialty,Husband,White,Male,0,0,40,United-States,1
24,Private,154571,Assoc-voc,11,Never-married,Sales,Unmarried,Asian-Pac-Islander,Male,0,0,50,South,0
18,Local-gov,294605,Some-college,10,Never-married,Exec-managerial,Own-child,White,Male,0,0,12,United-States,0
66,Private,101607,HS-grad,9,Divorced,Machine-op-inspct,Not-in-family,White,Male,0,0,10,United-States,0
32,Self-emp-not-inc,220740,HS-grad,9,Never-married,Craft-repair,Own-child,White,Male,0,0,60,United-States,0
67,Self-emp-inc,168370,Some-college,10,Married-civ-spouse,Sales,Husband,White,Male,0,0,40,United-States,0
23,,164574,Assoc-acdm,12,Never-married,,Own-child,White,Male,0,0,40,United-States,0
49,Self-emp-inc,154174,Bachelors,13,Married-civ-spouse,Exec-managerial,Husband,White,Male,0,0,50,United-States,1
23,Private,204653,HS-grad,9,Never-married,Handlers-cleaners,Not-in-family,White,Male,0,0,72,Dominican-Republic,0
37,Private,184117,Bachelors,13,Never-married,Adm-clerical,Own-child,White,Female,0,0,40,United-States,0
23,Private,27776,HS-grad,9,Married-civ-spouse,Other-service,Husband,White,Male,0,0,40,United-States,0
53,Local-gov,131258,Prof-school,15,Never-married,Prof-specialty,Not-in-family,White,Female,0,0,50,United-States,1
29,Private,105598,Some-college,10,Divorced,Tech-support,Not-in-family,White,Male,0,0,58,United-States,0
36,Self-emp-not-inc,258289,HS-grad,9,Never-married,Craft-repair,Own-child,White,Male,0,0,35,United-States,0
51,Private,37237,HS-grad,9,Married-civ-spouse,Farming-fishing,Husband,White,Male,0,0,80,United-States,1
21,Private,50411,HS-grad,9,Never-married,Farming-fishing,Not-in-family,White,Male,0,0,40,United-States,0
24,Private,250978,Some-college,10,Never-married,Transport-moving,Not-in-family,Black,Male,0,0,75,United-States,0
43,Private,180599,Prof-school,15,Married-civ-spouse,Prof-specialty,Husband,White,Male,15024,0,60,United-States,1
47,Private,431515,Assoc-voc,11,Married-civ-spouse,Craft-repair,Husband,White,Male,0,0,40,United-States,1
35,,200426,HS-grad,9,Married-civ-spouse,,Wife,White,Female,0,0,12,United-States,0
21,,34443,Some-college,10,Never-married,,Own-child,White,Male,0,0,50,United-States,0
69,State-gov,50468,Prof-school,15,Married-civ-spouse,Adm-clerical,Husband,White,Male,0,0,34,United-States,1
21,Private,232577,Assoc-voc,11,Never-married,Tech-support,Own-child,White,Female,0,0,30,United-States,0
32,Private,317219,Masters,14,Never-married,Prof-specialty,Not-in-family,White,Female,0,1590,40,United-States,0
41,Self-emp-inc,445382,Assoc-acdm,12,Married-civ-spouse,Craft-repair,Husband,White,Male,15024,0,60,United-States,1
41,Private,152958,HS-grad,9,Married-civ-spouse,Craft-repair,Husband,White,Male,0,0,40,United-States,1
32,Private,262153,HS-grad,9,Married-civ-spouse,Machine-op-inspct,Husband,White,Male,0,0,40,United-States,0
30,Private,103649,Some-college,10,Never-married,Other-service,Own-child,Black,Female,0,0,40,United-States,0
59,Private,151616,Masters,14,Married-civ-spouse,Prof-specialty,Husband,White,Male,0,0,55,United-States,0
25,Private,214413,Masters,14,Never-married,Adm-clerical,Own-child,White,Male,0,0,40,United-States,0
28,Private,209205,Masters,14,Married-civ-spouse,Prof-specialty,Husband,White,Male,0,0,45,United-States,1
39,Private,80324,Some-college,10,Married-civ-spouse,Exec-managerial,Husband,White,Male,0,1977,62,United-States,1
32,Private,386806,5th-6th,3,Married-civ-spouse,Craft-repair,Husband,Other,Male,0,0,45,Mexico,1
51,Private,261207,HS-grad,9,Married-civ-spouse,Other-service,Husband,White,Male,0,0,40,Cuba,1
38,Self-emp-not-inc,179824,HS-grad,9,Never-married,Farming-fishing,Not-in-family,White,Male,0,0,50,United-States,0
40,Private,347934,HS-grad,9,Never-married,Other-service,Not-in-family,White,Female,0,0,35,United-States,0
37,Private,77820,Bachelors,13,Married-civ-spouse,Exec-managerial,Husband,White,Male,0,0,45,United-States,1
41,Self-emp-not-inc,26598,HS-grad,9,Divorced,Craft-repair,Not-in-family,White,Male,0,0,40,United-States,0
20,Private,34568,HS-grad,9,Married-civ-spouse,Craft-repair,Husband,White,Male,3781,0,35,United-States,0
58,Private,570562,HS-grad,9,Widowed,Sales,Not-in-family,White,Male,0,0,38,United-States,0
19,,87515,HS-grad,9,Never-married,,Own-child,White,Male,0,0,44,Germany,0
47,Private,54260,Assoc-voc,11,Married-civ-spouse,Exec-managerial,Husband,White,Male,0,1887,60,United-States,1
32,State-gov,111567,HS-grad,9,Married-civ-spouse,Craft-repair,Husband,White,Male,0,0,49,United-States,1
26,Private,122999,Bachelors,13,Never-married,Prof-specialty,Not-in-family,White,Male,0,0,45,United-States,0
26,Private,196805,Some-college,10,Married-civ-spouse,Transport-moving,Husband,Black,Male,0,0,65,United-States,0
20,Private,278155,Some-college,10,Never-married,Adm-clerical,Own-child,White,Male,0,0,40,United-States,0
33,Self-emp-not-inc,48189,HS-grad,9,Married-civ-spouse,Protective-serv,Husband,White,Male,0,0,30,United-States,0
40,Self-emp-not-inc,111971,HS-grad,9,Married-civ-spouse,Craft-repair,Husband,White,Male,0,0,30,United-States,0
27,,204074,HS-grad,9,Never-married,,Not-in-family,White,Male,0,0,40,United-States,0
23,Private,32732,Some-college,10,Married-civ-spouse,Sales,Husband,White,Male,0,0,25,United-States,0
23,Private,115085,HS-grad,9,Never-married,Transport-moving,Not-in-family,White,Male,0,0,45,United-States,0
56,Private,134195,Masters,14,Never-married,Sales,Not-in-family,White,Male,0,0,50,United-States,0
30,State-gov,295612,HS-grad,9,Separated,Adm-clerical,Not-in-family,White,Female,0,0,40,United-States,0
48,Private,355978,Masters,14,Married-civ-spouse,Exec-managerial,Husband,White,Male,0,0,40,United-States,0
22,Private,333910,Some-college,10,Never-married,Sales,Own-child,White,Female,0,0,22,United-States,0
38,Federal-gov,337505,Some-college,10,Married-civ-spouse,Adm-clerical,Husband,Asian-Pac-Islander,Male,0,0,40,Philippines,1
24,Private,214555,Some-college,10,Married-civ-spouse,Handlers-cleaners,Husband,White,Male,0,0,40,United-States,0
61,Private,227266,HS-grad,9,Divorced,Tech-support,Not-in-family,White,Female,0,0,40,United-States,0
35,Private,233786,HS-grad,9,Never-married,Craft-repair,Unmarried,White,Male,0,0,40,United-States,0
39,Private,129150,Bachelors,13,Married-civ-spouse,Tech-support,Husband,White,Male,0,0,50,United-States,1
53,Private,194791,HS-grad,9,Married-civ-spouse,Farming-fishing,Husband,White,Male,0,0,45,United-States,0
42,Private,402367,Some-college,10,Married-civ-spouse,Transport-moving,Husband,Black,Male,7688,0,45,United-States,1
35,Federal-gov,35309,Bachelors,13,Never-married,Tech-support,Not-in-family,Asian-Pac-Islander,Male,0,0,28,,0
31,State-gov,78291,Bachelors,13,Never-married,Prof-specialty,Not-in-family,White,Female,0,0,40,United-States,0
31,Self-emp-inc,149726,HS-grad,9,Married-civ-spouse,Craft-repair,Husband,White,Male,0,0,50,United-States,0
39,Private,167882,12th,8,Never-married,Other-service,Unmarried,Black,Female,0,0,48,Haiti,0
34,,317219,Some-college,10,Married-civ-spouse,,Wife,White,Female,0,0,20,United-States,1
42,Private,240628,Bachelors,13,Married-civ-spouse,Exec-managerial,Wife,White,Female,0,0,40,United-States,1
19,,80978,HS-grad,9,Never-married,,Own-child,White,Female,0,0,25,United-States,0
20,,287681,5th-6th,3,Never-married,,Not-in-family,White,Male,0,0,25,Mexico,0
26,Private,297991,Bachelors,13,Married-civ-spouse,Sales,Not-in-family,Asian-Pac-Islander,Female,0,1977,75,Cambodia,1
25,Private,73289,HS-grad,9,Never-married,Transport-moving,Own-child,White,Male,0,0,40,United-States,0
27,Private,93021,HS-grad,9,Never-married,Adm-clerical,Unmarried,Other,Female,0,0,40,United-States,0
30,Private,248588,12th,8,Divorced,Other-service,Not-in-family,White,Female,0,0,40,United-States,0
26,Private,192506,Bachelors,13,Never-married,Other-service,Not-in-family,Black,Female,0,0,35,United-States,0
51,Local-gov,106365,Assoc-acdm,12,Divorced,Adm-clerical,Unmarried,White,Female,0,0,40,United-States,0
21,Private,143062,Some-college,10,Never-married,Other-service,Own-child,White,Male,0,0,32,United-States,0
17,Self-emp-inc,325171,10th,6,Never-married,Other-service,Own-child,Black,Male,0,0,35,United-States,0
23,Private,214236,HS-grad,9,Never-married,Adm-clerical,Not-in-family,White,Female,0,0,40,United-States,0
18,Private,375515,11th,7,Never-married,Sales,Own-child,White,Female,0,0,20,United-States,0
65,Private,150095,Bachelors,13,Married-civ-spouse,Exec-managerial,Husband,White,Male,0,0,40,United-States,1
33,Private,171876,Some-college,10,Divorced,Other-service,Unmarried,White,Female,0,0,40,United-States,0
56,Local-gov,264436,Some-college,10,Divorced,Exec-managerial,Not-in-family,White,Female,0,0,40,United-States,0
28,Private,119793,Bachelors,13,Never-married,Sales,Not-in-family,White,Male,0,0,40,United-States,0
39,Private,305597,Assoc-voc,11,Married-civ-spouse,Craft-repair,Husband,White,Male,0,0,40,United-States,0
64,Self-emp-not-inc,149698,Prof-school,15,Married-civ-spouse,Prof-specialty,Husband,White,Male,0,0,40,United-States,1
24,Private,201799,Bachelors,13,Never-married,Transport-moving,Own-child,White,Female,0,0,84,United-States,0
41,Private,154714,Assoc-voc,11,Married-civ-spouse,Craft-repair,Husband,White,Male,0,0,40,United-States,1
46,Local-gov,247053,Masters,14,Married-civ-spouse,Prof-specialty,Husband,White,Male,0,0,40,United-States,1
23,Private,126613,Bachelors,13,Never-married,Prof-specialty,Own-child,White,Female,0,0,30,United-States,0
51,Private,30008,HS-grad,9,Married-civ-spouse,Transport-moving,Husband,White,Male,0,0,60,United-States,0
42,,109912,Assoc-acdm,12,Never-married,,Other-relative,White,Female,0,0,40,United-States,0
26,Private,160445,HS-grad,9,Divorced,Craft-repair,Not-in-family,White,Male,0,0,40,United-States,0
30,Private,361742,Some-college,10,Married-civ-spouse,Exec-managerial,Husband,White,Male,0,0,50,United-States,0
48,Private,102585,Masters,14,Divorced,Exec-managerial,Unmarried,White,Female,0,0,40,United-States,0
35,Private,170263,HS-grad,9,Divorced,Exec-managerial,Unmarried,White,Female,0,0,40,United-States,0
49,Self-emp-inc,94606,Doctorate,16,Married-civ-spouse,Prof-specialty,Husband,Black,Male,0,0,60,United-States,1
28,Private,98010,Some-college,10,Married-spouse-absent,Adm-clerical,Own-child,White,Female,0,0,40,United-States,0
29,Private,163167,HS-grad,9,Divorced,Sales,Own-child,White,Male,0,0,40,United-States,0
44,Private,299197,Some-college,10,Never-married,Transport-moving,Not-in-family,White,Male,0,0,45,United-States,0
28,State-gov,175325,HS-grad,9,Married-civ-spouse,Protective-serv,Husband,White,Male,0,0,40,United-States,0
72,,96867,5th-6th,3,Widowed,,Not-in-family,White,Female,0,0,40,United-States,0
48,Private,207058,HS-grad,9,Divorced,Adm-clerical,Unmarried,White,Female,0,0,37,United-States,0
50,Local-gov,320386,Assoc-acdm,12,Divorced,Prof-specialty,Not-in-family,White,Female,0,0,40,United-States,0
21,,169600,Some-college,10,Married-spouse-absent,,Own-child,White,Female,0,0,35,United-States,0
28,Private,96226,HS-grad,9,Married-civ-spouse,Craft-repair,Husband,White,Male,0,0,45,United-States,0
30,Private,94413,Some-college,10,Divorced,Transport-moving,Not-in-family,White,Male,0,0,30,United-States,0
28,Private,184078,12th,8,Divorced,Machine-op-inspct,Not-in-family,White,Female,0,0,40,United-States,0
18,Private,109702,Some-college,10,Never-married,Sales,Own-child,White,Female,0,0,30,United-States,0
27,Private,91501,HS-grad,9,Married-civ-spouse,Tech-support,Wife,White,Female,0,0,40,United-States,0
37,Private,119992,10th,6,Married-civ-spouse,Farming-fishing,Husband,White,Male,0,0,40,United-States,0
62,Private,176811,HS-grad,9,Married-civ-spouse,Craft-repair,Husband,White,Male,0,0,40,United-States,0
54,Private,76344,Bachelors,13,Never-married,Other-service,Not-in-family,White,Female,0,0,50,United-States,0
47,State-gov,224149,Bachelors,13,Divorced,Exec-managerial,Not-in-family,White,Female,0,0,40,United-States,1
18,Private,126125,HS-grad,9,Never-married,Other-service,Own-child,White,Male,0,0,20,United-States,0
20,Local-gov,325493,HS-grad,9,Never-married,Handlers-cleaners,Own-child,Black,Male,0,0,40,United-States,0
37,Private,269722,HS-grad,9,Never-married,Adm-clerical,Own-child,White,Male,0,0,38,United-States,0
19,Private,278870,Some-college,10,Never-married,Handlers-cleaners,Own-child,White,Male,0,0,16,United-States,0
61,Private,194956,HS-grad,9,Married-civ-spouse,Machine-op-inspct,Husband,White,Male,0,0,40,United-States,1
31,,82473,9th,5,Divorced,,Not-in-family,White,Female,0,0,25,United-States,0
52,Self-emp-not-inc,146579,HS-grad,9,Divorced,Sales,Unmarried,Black,Male,0,0,40,United-States,0
53,Private,58535,HS-grad,9,Divorced,Sales,Not-in-family,White,Female,0,0,40,United-States,0
39,Self-emp-not-inc,315640,Bachelors,13,Never-married,Sales,Own-child,Asian-Pac-Islander,Male,0,0,60,Iran,0
31,Private,179415,5th-6th,3,Married-civ-spouse,Other-service,Husband,White,Male,0,0,40,Mexico,0
35,Local-gov,225544,Bachelors,13,Married-civ-spouse,Protective-serv,Husband,White,Male,0,0,48,United-States,0
39,Self-emp-not-inc,267412,Assoc-voc,11,Married-civ-spouse,Farming-fishing,Husband,White,Male,0,0,60,United-States,0
39,Private,243409,HS-grad,9,Married-civ-spouse,Exec-managerial,Husband,White,Male,0,0,60,United-States,1
28,Private,105817,Bachelors,13,Never-married,Adm-clerical,Own-child,White,Male,0,0,40,United-States,0
55,Private,325007,Assoc-acdm,12,Married-civ-spouse,Tech-support,Husband,White,Male,0,0,25,United-States,0
39,Private,167777,11th,7,Married-civ-spouse,Craft-repair,Husband,White,Male,0,0,35,United-States,0
31,Private,236861,HS-grad,9,Married-civ-spouse,Craft-repair,Husband,White,Male,0,0,60,United-States,0
47,Private,44216,HS-grad,9,Divorced,Exec-managerial,Unmarried,White,Female,0,0,45,United-States,0
26,Private,128553,Some-college,10,Never-married,Exec-managerial,Own-child,Black,Female,0,0,40,United-States,0
26,Private,122206,HS-grad,9,Never-married,Craft-repair,Other-relative,White,Male,0,0,40,United-States,0
24,,212300,HS-grad,9,Separated,,Not-in-family,White,Female,0,0,38,United-States,0
49,Private,138370,Masters,14,Married-spouse-absent,Protective-serv,Not-in-family,Asian-Pac-Islander,Male,0,0,40,India,0
37,Private,454024,HS-grad,9,Married-civ-spouse,Other-service,Other-relative,Black,Female,0,0,35,United-States,0
21,Private,391312,HS-grad,9,Never-married,Other-service,Not-in-family,Black,Female,0,0,30,United-States,0
53,Private,129525,Bachelors,13,Married-civ-spouse,Exec-managerial,Husband,White,Male,0,0,50,United-States,1
21,Private,77759,Some-college,10,Never-married,Sales,Own-child,White,Female,0,0,15,United-States,0
26,Private,197292,HS-grad,9,Never-married,Adm-clerical,Not-in-family,White,Female,0,0,50,United-States,0
25,Private,152046,Bachelors,13,Never-married,Prof-specialty,Own-child,White,Female,0,0,40,Guatemala,0
53,Local-gov,163815,11th,7,Married-civ-spouse,Other-service,Husband,White,Male,0,2179,41,United-States,0
38,Private,216385,HS-grad,9,Married-civ-spouse,Machine-op-inspct,Husband,Black,Male,0,1740,40,Haiti,0
32,Private,381583,HS-grad,9,Married-civ-spouse,Craft-repair,Husband,Other,Male,0,0,40,United-States,0
36,Private,133655,HS-grad,9,Married-spouse-absent,Adm-clerical,Unmarried,White,Female,0,0,40,United-States,0
72,Private,131699,Some-college,10,Widowed,Adm-clerical,Not-in-family,White,Female,0,0,6,United-States,0
24,,390608,HS-grad,9,Never-married,,Not-in-family,White,Female,0,0,36,United-States,0
25,Private,281627,Bachelors,13,Never-married,Tech-support,Not-in-family,White,Female,0,1564,30,United-States,1
52,Local-gov,181578,HS-grad,9,Married-civ-spouse,Other-service,Wife,Asian-Pac-Islander,Female,0,0,40,,1
41,Private,191814,HS-grad,9,Married-civ-spouse,Adm-clerical,Own-child,White,Male,0,0,40,United-States,0
32,State-gov,119033,HS-grad,9,Married-civ-spouse,Transport-moving,Husband,White,Male,0,0,40,United-States,1
41,Private,216116,HS-grad,9,Separated,Adm-clerical,Unmarried,Black,Female,0,0,40,,0
23,Private,210443,Bachelors,13,Never-married,Prof-specialty,Own-child,White,Female,0,0,40,United-States,0
24,Private,265567,11th,7,Never-married,Craft-repair,Own-child,White,Male,0,0,35,United-States,0
32,Self-emp-not-inc,173854,Bachelors,13,Divorced,Prof-specialty,Other-relative,White,Male,0,0,35,United-States,1
38,Self-emp-inc,312232,Bachelors,13,Married-civ-spouse,Sales,Husband,White,Male,0,0,55,United-States,1
31,Private,178841,HS-grad,9,Never-married,Adm-clerical,Not-in-family,White,Female,0,0,40,United-States,0
69,,111238,9th,5,Married-civ-spouse,,Husband,White,Male,0,0,20,United-States,0
35,Private,100375,10th,6,Divorced,Craft-repair,Not-in-family,White,Male,0,0,60,United-States,0
28,Private,163320,HS-grad,9,Never-married,Transport-moving,Own-child,White,Male,0,0,40,United-States,0
34,Private,97614,HS-grad,9,Never-married,Craft-repair,Not-in-family,White,Male,0,0,40,United-States,0
52,Private,164530,11th,7,Divorced,Machine-op-inspct,Not-in-family,Black,Female,0,0,20,United-States,0
40,Self-emp-inc,190290,Bachelors,13,Married-civ-spouse,Sales,Husband,White,Male,0,0,40,,1
52,Private,163776,HS-grad,9,Married-civ-spouse,Sales,Husband,White,Male,0,1902,60,United-States,1
58,Private,182123,HS-grad,9,Married-civ-spouse,Machine-op-inspct,Husband,White,Male,0,0,44,United-States,0
29,Private,205499,Some-college,10,Married-civ-spouse,Protective-serv,Husband,White,Male,0,0,45,United-States,0
32,Private,342458,Bachelors,13,Never-married,Prof-specialty,Not-in-family,White,Male,0,0,40,United-States,0
37,Private,115429,HS-grad,9,Married-civ-spouse,Craft-repair,Husband,White,Male,0,0,25,United-States,0
66,,129476,Bachelors,13,Married-civ-spouse,,Husband,White,Male,0,0,6,United-States,0
25,Local-gov,334133,Masters,14,Never-married,Prof-specialty,Own-child,White,Male,0,0,20,United-States,0
24,,214542,Some-college,10,Never-married,,Not-in-family,White,Male,0,0,60,United-States,0
28,Private,197484,HS-grad,9,Never-married,Handlers-cleaners,Own-child,White,Male,0,0,40,United-States,0
56,Self-emp-not-inc,233312,Bachelors,13,Married-civ-spouse,Exec-managerial,Husband,White,Male,0,0,20,Poland,0
34,Private,483777,HS-grad,9,Never-married,Handlers-cleaners,Not-in-family,Black,Male,0,0,40,United-States,0
46,Private,411037,10th,6,Divorced,Sales,Unmarried,White,Female,0,0,35,United-States,0
45,Private,201127,HS-grad,9,Married-civ-spouse,Machine-op-inspct,Husband,White,Male,0,0,40,United-States,0
29,Private,244566,HS-grad,9,Divorced,Machine-op-inspct,Unmarried,White,Male,0,0,40,United-States,0
50,Private,116933,HS-grad,9,Divorced,Sales,Not-in-family,White,Female,0,0,33,United-States,0
49,Private,220978,HS-grad,9,Married-civ-spouse,Craft-repair,Husband,White,Male,0,0,44,United-States,0
47,Self-emp-not-inc,28035,Some-college,10,Married-civ-spouse,Farming-fishing,Husband,White,Male,0,0,86,United-States,0
50,,313445,HS-grad,9,Separated,,Unmarried,Asian-Pac-Islander,Female,0,0,40,Philippines,0
46,Self-emp-not-inc,165754,Doctorate,16,Never-married,Prof-specialty,Not-in-family,White,Female,0,0,45,United-States,0
41,Local-gov,193553,Some-college,10,Married-civ-spouse,Protective-serv,Husband,Black,Male,0,0,64,United-States,1
21,,278130,HS-grad,9,Never-married,,Own-child,White,Male,0,0,40,United-States,0
40,Private,171888,Bachelors,13,Married-civ-spouse,Prof-specialty,Wife,White,Female,0,0,24,United-States,1
42,Self-emp-inc,78765,Some-college,10,Divorced,Exec-managerial,Unmarried,White,Male,0,0,90,United-States,1
28,Private,187479,Some-college,10,Married-civ-spouse,Exec-managerial,Husband,White,Male,0,0,55,United-States,0
35,Private,139770,HS-grad,9,Never-married,Sales,Own-child,White,Female,0,0,29,United-States,0
33,Private,235847,Prof-school,15,Married-civ-spouse,Exec-managerial,Wife,White,Female,0,0,40,United-States,1
34,Private,190040,HS-grad,9,Married-civ-spouse,Adm-clerical,Wife,White,Female,0,0,40,United-States,0
25,Private,403788,HS-grad,9,Never-married,Handlers-cleaners,Not-in-family,Black,Male,0,0,36,United-States,0
39,Private,188148,Some-college,10,Never-married,Handlers-cleaners,Unmarried,Black,Female,0,0,48,United-States,0
42,Self-emp-not-inc,99185,Some-college,10,Married-civ-spouse,Exec-managerial,Husband,White,Male,0,0,40,United-States,1
21,Private,189013,Some-college,10,Never-married,Sales,Own-child,White,Female,0,0,35,United-States,0
37,Private,262409,Masters,14,Divorced,Exec-managerial,Unmarried,White,Female,0,213,45,United-States,0
56,Federal-gov,255386,Some-college,10,Married-civ-spouse,Adm-clerical,Husband,Asian-Pac-Islander,Male,0,0,40,Laos,0
23,Private,124259,Some-college,10,Never-married,Protective-serv,Own-child,Black,Female,0,0,40,United-States,0
30,Private,215182,Bachelors,13,Never-married,Prof-specialty,Not-in-family,White,Male,0,0,40,United-States,0
56,Private,76142,HS-grad,9,Divorced,Other-service,Unmarried,White,Female,0,0,40,United-States,0
30,Private,278502,HS-grad,9,Divorced,Adm-clerical,Unmarried,Black,Female,0,0,62,United-States,0
25,,178960,11th,7,Never-married,,Unmarried,White,Female,0,0,40,United-States,0
30,Private,202450,HS-grad,9,Divorced,Craft-repair,Own-child,White,Male,0,0,40,United-States,0
33,Private,173730,Assoc-voc,11,Married-civ-spouse,Machine-op-inspct,Husband,White,Male,0,0,40,United-States,0
35,Private,265954,Bachelors,13,Never-married,Handlers-cleaners,Not-in-family,Black,Male,0,0,40,United-States,0
36,Private,69251,HS-grad,9,Married-civ-spouse,Other-service,Other-relative,Asian-Pac-Islander,Male,0,0,40,Philippines,0
51,Local-gov,146325,Doctorate,16,Married-civ-spouse,Prof-specialty,Husband,White,Male,0,1887,40,United-States,1
31,Private,117719,HS-grad,9,Married-civ-spouse,Other-service,Husband,White,Male,0,0,40,Portugal,0
53,Private,153052,HS-grad,9,Married-civ-spouse,Craft-repair,Husband,White,Male,0,0,40,United-States,1
37,Private,22494,Some-college,10,Married-spouse-absent,Exec-managerial,Unmarried,White,Female,0,0,41,United-States,0
36,Private,203828,HS-grad,9,Married-civ-spouse,Craft-repair,Husband,White,Male,0,0,40,Italy,0
46,Private,197332,Masters,14,Married-civ-spouse,Prof-specialty,Husband,White,Male,7688,0,46,United-States,1
46,Self-emp-inc,235320,Masters,14,Divorced,Sales,Not-in-family,White,Male,0,0,60,United-States,1
44,Federal-gov,55363,Bachelors,13,Married-civ-spouse,Prof-specialty,Husband,White,Male,0,1887,40,United-States,1
44,Private,222434,HS-grad,9,Married-civ-spouse,Craft-repair,Husband,White,Male,0,0,40,United-States,0
30,Private,261677,9th,5,Never-married,Handlers-cleaners,Unmarried,Black,Male,0,0,40,United-States,0
21,Private,457162,Some-college,10,Never-married,Sales,Own-child,Black,Male,0,0,17,United-States,0
45,Private,196584,Assoc-voc,11,Never-married,Prof-specialty,Not-in-family,White,Female,0,1564,40,United-States,1
38,Private,192337,Masters,14,Married-civ-spouse,Prof-specialty,Husband,White,Male,0,0,40,England,1
30,Private,205407,HS-grad,9,Never-married,Adm-clerical,Unmarried,White,Male,0,0,40,United-States,0
27,Self-emp-not-inc,141795,Some-college,10,Married-civ-spouse,Exec-managerial,Husband,White,Male,0,0,30,United-States,0
42,Local-gov,281315,Bachelors,13,Never-married,Prof-specialty,Not-in-family,White,Male,0,0,50,United-States,0
37,Private,156266,HS-grad,9,Married-civ-spouse,Craft-repair,Husband,Amer-Indian-Eskimo,Male,0,0,40,United-States,0
51,Self-emp-not-inc,24790,Some-college,10,Married-civ-spouse,Exec-managerial,Husband,White,Male,0,0,99,United-States,1
26,Private,134287,Assoc-voc,11,Never-married,Sales,Own-child,White,Female,0,0,35,United-States,0
40,Self-emp-not-inc,209833,Some-college,10,Married-civ-spouse,Craft-repair,Husband,White,Male,0,0,60,United-States,0
38,Private,167882,Some-college,10,Widowed,Other-service,Other-relative,Black,Female,0,0,45,Haiti,0
36,Private,225399,HS-grad,9,Married-civ-spouse,Craft-repair,Husband,White,Male,7298,0,40,United-States,1
26,Private,137367,Some-college,10,Never-married,Handlers-cleaners,Other-relative,Asian-Pac-Islander,Male,0,0,44,Philippines,0
32,Private,187936,10th,6,Never-married,Craft-repair,Not-in-family,Black,Female,0,0,50,United-States,0
23,Private,215115,Bachelors,13,Never-married,Adm-clerical,Not-in-family,White,Female,0,0,40,United-States,0
19,Private,30597,HS-grad,9,Never-married,Sales,Own-child,White,Male,0,0,35,United-States,0
44,Private,190739,HS-grad,9,Never-married,Other-service,Other-relative,Black,Male,0,0,32,United-States,0
63,Private,158609,Assoc-voc,11,Widowed,Adm-clerical,Unmarried,White,Female,0,0,8,United-States,0
37,Private,225821,Assoc-acdm,12,Married-civ-spouse,Prof-specialty,Husband,White,Male,0,1485,40,United-States,1
69,Self-emp-inc,182451,Bachelors,13,Separated,Exec-managerial,Not-in-family,White,Male,0,0,40,United-States,0
36,Private,35945,HS-grad,9,Married-civ-spouse,Exec-managerial,Husband,White,Male,0,0,50,United-States,1
54,Self-emp-not-inc,114758,Masters,14,Married-civ-spouse,Sales,Husband,White,Male,0,0,50,United-States,0
61,Private,185152,11th,7,Widowed,Other-service,Not-in-family,Black,Male,0,0,40,United-States,0
23,Private,210797,Some-college,10,Married-civ-spouse,Craft-repair,Husband,White,Male,0,0,40,United-States,0
76,Private,98695,Some-college,10,Divorced,Adm-clerical,Not-in-family,White,Female,0,0,20,United-States,0
21,Private,353628,10th,6,Separated,Sales,Unmarried,Black,Female,0,0,38,United-States,0
35,Private,308489,Bachelors,13,Married-civ-spouse,Sales,Husband,Black,Male,0,0,50,United-States,0
54,Private,175262,7th-8th,4,Married-civ-spouse,Machine-op-inspct,Husband,White,Male,0,0,40,United-States,0
39,Private,29814,HS-grad,9,Married-civ-spouse,Craft-repair,Husband,White,Male,0,0,40,United-States,0
40,Private,227236,HS-grad,9,Married-civ-spouse,Sales,Husband,White,Male,0,0,50,United-States,0
27,Private,194690,9th,5,Never-married,Other-service,Own-child,White,Male,0,0,50,Mexico,0
20,Private,87546,Some-college,10,Never-married,Sales,Own-child,White,Female,0,0,40,United-States,0
39,Private,248445,5th-6th,3,Married-civ-spouse,Handlers-cleaners,Husband,White,Male,0,0,40,Mexico,0
30,Private,284629,HS-grad,9,Married-civ-spouse,Transport-moving,Husband,White,Male,0,0,40,United-States,0
35,Federal-gov,179262,HS-grad,9,Never-married,Adm-clerical,Unmarried,White,Female,0,0,40,United-States,0
26,Private,50053,Bachelors,13,Never-married,Prof-specialty,Not-in-family,White,Male,0,0,37,United-States,0
56,Private,129836,HS-grad,9,Married-civ-spouse,Other-service,Wife,White,Female,0,0,10,United-States,0
29,Private,264961,HS-grad,9,Never-married,Craft-repair,Own-child,White,Male,0,0,45,United-States,0
34,Self-emp-inc,196385,HS-grad,9,Married-civ-spouse,Exec-managerial,Husband,White,Male,0,0,50,United-States,0
50,Private,196975,HS-grad,9,Married-civ-spouse,Craft-repair,Husband,White,Male,0,0,40,United-States,1
23,Private,204141,Some-college,10,Never-married,Adm-clerical,Own-child,White,Male,0,0,40,United-States,0
36,Private,177907,Some-college,10,Married-civ-spouse,Machine-op-inspct,Husband,White,Male,0,0,65,United-States,0
46,Private,87250,Bachelors,13,Separated,Tech-support,Unmarried,White,Female,0,0,40,United-States,0
22,Local-gov,39236,Some-college,10,Never-married,Prof-specialty,Own-child,White,Female,594,0,25,United-States,0
41,Self-emp-not-inc,129865,HS-grad,9,Married-civ-spouse,Other-service,Husband,White,Male,0,0,60,United-States,0
26,Private,193165,Some-college,10,Married-civ-spouse,Transport-moving,Husband,White,Male,0,0,52,United-States,1
51,Private,123011,HS-grad,9,Married-spouse-absent,Machine-op-inspct,Not-in-family,White,Male,0,0,50,United-States,0
39,Self-emp-not-inc,272671,Bachelors,13,Married-civ-spouse,Exec-managerial,Husband,White,Male,0,0,50,United-States,1
48,Self-emp-not-inc,177783,7th-8th,4,Never-married,Farming-fishing,Not-in-family,White,Male,0,0,50,United-States,0
28,Private,108574,Some-college,10,Married-civ-spouse,Adm-clerical,Wife,White,Female,0,0,15,United-States,0
33,Private,125856,HS-grad,9,Married-civ-spouse,Craft-repair,Husband,White,Male,0,0,40,United-States,0
46,Private,273771,Bachelors,13,Married-civ-spouse,Sales,Husband,White,Male,99999,0,40,United-States,1
40,Private,266631,HS-grad,9,Married-civ-spouse,Craft-repair,Husband,Black,Male,0,0,40,Haiti,0
53,Private,123092,HS-grad,9,Widowed,Machine-op-inspct,Not-in-family,White,Female,0,0,40,United-States,0
55,Private,128045,HS-grad,9,Married-civ-spouse,Other-service,Husband,White,Male,0,0,40,United-States,0
58,Private,214502,9th,5,Married-civ-spouse,Handlers-cleaners,Husband,White,Male,0,0,50,United-States,1
20,Private,191832,12th,8,Never-married,Other-service,Unmarried,White,Male,0,0,40,,0
33,Federal-gov,122220,Some-college,10,Married-civ-spouse,Exec-managerial,Wife,Black,Female,0,0,40,United-States,1
18,Private,56613,Some-college,10,Never-married,Protective-serv,Own-child,White,Female,0,0,20,United-States,0
24,Private,214810,Assoc-voc,11,Never-married,Sales,Not-in-family,White,Female,0,0,35,United-States,0
47,,215620,HS-grad,9,Never-married,,Not-in-family,White,Male,0,0,12,United-States,0
35,Private,261241,HS-grad,9,Divorced,Transport-moving,Not-in-family,White,Male,0,1741,60,United-States,0
23,Local-gov,442359,Bachelors,13,Never-married,Prof-specialty,Not-in-family,White,Female,0,1092,40,United-States,0
17,Private,191535,11th,7,Never-married,Adm-clerical,Own-child,White,Male,0,0,7,United-States,0
49,State-gov,72619,Some-college,10,Divorced,Adm-clerical,Unmarried,White,Female,0,0,50,United-States,0
21,Private,301915,11th,7,Separated,Sales,Not-in-family,Other,Female,0,0,30,Mexico,0
54,Private,28683,HS-grad,9,Married-civ-spouse,Sales,Husband,White,Male,3464,0,40,United-States,0
35,Private,209629,HS-grad,9,Divorced,Exec-managerial,Not-in-family,White,Male,0,0,40,United-States,0
64,,205479,Bachelors,13,Married-civ-spouse,,Husband,White,Male,0,0,50,United-States,1
53,Private,191565,1st-4th,2,Divorced,Other-service,Unmarried,Black,Female,0,0,40,Dominican-Republic,0
51,Private,373448,Some-college,10,Married-civ-spouse,Exec-managerial,Husband,White,Male,0,2002,40,United-States,0
41,Private,247082,HS-grad,9,Divorced,Exec-managerial,Not-in-family,White,Male,0,0,50,United-States,0
26,Private,433906,Assoc-acdm,12,Never-married,Other-service,Not-in-family,White,Male,0,0,40,United-States,0
45,Private,183598,HS-grad,9,Divorced,Adm-clerical,Not-in-family,White,Female,0,0,40,United-States,0
21,Self-emp-not-inc,87169,HS-grad,9,Never-married,Farming-fishing,Own-child,Asian-Pac-Islander,Male,0,0,35,United-States,0
62,Self-emp-not-inc,271464,Masters,14,Separated,Farming-fishing,Not-in-family,White,Male,0,0,30,United-States,0
52,Self-emp-not-inc,135339,Some-college,10,Married-civ-spouse,Craft-repair,Husband,Asian-Pac-Islander,Male,0,0,40,,1
42,Private,445382,Assoc-acdm,12,Divorced,Craft-repair,Not-in-family,White,Male,0,0,40,United-States,0
45,State-gov,127089,Masters,14,Divorced,Exec-managerial,Not-in-family,White,Male,0,0,45,United-States,0
43,Private,188436,Prof-school,15,Divorced,Exec-managerial,Not-in-family,White,Male,0,0,40,United-States,0
20,,371089,HS-grad,9,Never-married,,Own-child,White,Female,0,0,40,United-States,0
41,State-gov,75409,Bachelors,13,Married-civ-spouse,Prof-specialty,Wife,White,Female,0,0,40,United-States,1
27,Private,62737,Assoc-voc,11,Married-civ-spouse,Tech-support,Husband,White,Male,0,0,40,United-States,0
20,Private,280714,Some-college,10,Never-married,Other-service,Own-child,White,Male,0,0,40,United-States,0
43,Private,186144,HS-grad,9,Married-civ-spouse,Craft-repair,Husband,White,Male,0,0,40,United-States,1
62,Local-gov,68268,HS-grad,9,Married-civ-spouse,Transport-moving,Husband,White,Male,0,0,40,United-States,0
27,Private,29807,HS-grad,9,Separated,Handlers-cleaners,Unmarried,White,Female,0,0,40,Japan,0
48,Local-gov,102076,Bachelors,13,Never-married,Adm-clerical,Unmarried,White,Female,0,0,35,United-States,0
21,Private,191444,11th,7,Never-married,Farming-fishing,Unmarried,White,Male,0,0,40,United-States,0
41,Private,175883,HS-grad,9,Married-civ-spouse,Craft-repair,Husband,White,Male,0,0,40,United-States,0
35,Private,385412,Bachelors,13,Never-married,Adm-clerical,Not-in-family,White,Female,0,0,40,United-States,0
37,Private,191137,Assoc-acdm,12,Divorced,Prof-specialty,Unmarried,White,Male,0,0,25,United-States,0
20,Private,166302,HS-grad,9,Never-married,Sales,Own-child,White,Female,0,0,20,United-States,0
19,Private,386378,HS-grad,9,Never-married,Other-service,Not-in-family,White,Male,0,0,35,United-States,0
21,Private,238917,5th-6th,3,Married-civ-spouse,Other-service,Husband,White,Male,0,0,40,Mexico,0
40,Private,185145,Doctorate,16,Married-civ-spouse,Prof-specialty,Husband,White,Male,0,0,40,United-States,1
41,State-gov,118544,Some-college,10,Divorced,Other-service,Own-child,White,Male,0,0,12,United-States,0
27,Local-gov,187746,Bachelors,13,Never-married,Prof-specialty,Own-child,White,Female,3325,0,25,United-States,0
45,Local-gov,255559,HS-grad,9,Never-married,Adm-clerical,Not-in-family,White,Female,0,0,40,United-States,0
53,Local-gov,25820,Assoc-voc,11,Divorced,Exec-managerial,Not-in-family,Amer-Indian-Eskimo,Male,0,0,48,United-States,0
22,Private,51985,Some-college,10,Never-married,Craft-repair,Own-child,White,Male,0,0,30,United-States,0
53,Private,174020,Masters,14,Divorced,Prof-specialty,Unmarried,White,Female,0,1876,38,United-States,0
22,Private,208946,Some-college,10,Never-married,Adm-clerical,Own-child,White,Male,0,0,25,United-States,0
28,Private,210945,Assoc-acdm,12,Married-civ-spouse,Adm-clerical,Wife,Black,Female,0,0,35,Haiti,0
26,Private,416577,HS-grad,9,Married-civ-spouse,Machine-op-inspct,Husband,Black,Male,0,0,45,United-States,0
43,Private,35824,Some-college,10,Separated,Prof-specialty,Unmarried,White,Female,0,0,40,United-States,0
46,Private,164749,Some-college,10,Married-civ-spouse,Exec-managerial,Husband,White,Male,0,0,40,United-States,1
55,Private,259532,7th-8th,4,Married-civ-spouse,Transport-moving,Husband,White,Male,0,0,50,United-States,0
23,Private,278107,HS-grad,9,Married-civ-spouse,Machine-op-inspct,Husband,White,Male,0,1573,30,United-States,0
43,Private,225193,HS-grad,9,Married-civ-spouse,Sales,Husband,White,Male,0,0,40,United-States,0
49,Private,105449,Bachelors,13,Never-married,Priv-house-serv,Not-in-family,White,Male,0,0,25,United-States,0
24,Private,177125,Some-college,10,Married-civ-spouse,Transport-moving,Husband,White,Male,0,0,60,United-States,0
43,Private,156403,10th,6,Married-civ-spouse,Handlers-cleaners,Husband,White,Male,0,0,40,United-States,0
90,Private,87372,Prof-school,15,Married-civ-spouse,Prof-specialty,Husband,White,Male,20051,0,72,United-States,1
44,Private,296728,Masters,14,Married-civ-spouse,Exec-managerial,Husband,White,Male,0,0,40,United-States,1
25,Self-emp-inc,181691,HS-grad,9,Married-civ-spouse,Sales,Husband,White,Male,0,0,60,,0
23,,191444,HS-grad,9,Never-married,,Own-child,White,Male,0,0,40,United-States,0
31,Private,164461,HS-grad,9,Married-civ-spouse,Transport-moving,Husband,White,Male,0,0,73,United-States,0
45,Private,185397,Assoc-acdm,12,Divorced,Craft-repair,Not-in-family,White,Male,0,0,40,United-States,0
23,Private,109952,Some-college,10,Married-civ-spouse,Craft-repair,Husband,White,Male,0,0,60,United-States,0
34,Private,66384,Some-college,10,Never-married,Prof-specialty,Own-child,White,Male,0,0,35,United-States,0
33,Private,191385,Bachelors,13,Never-married,Prof-specialty,Not-in-family,White,Male,0,0,40,Canada,0
27,Private,124614,HS-grad,9,Never-married,Sales,Not-in-family,White,Female,0,0,40,United-States,0
20,Private,236769,Some-college,10,Never-married,Handlers-cleaners,Own-child,White,Male,0,0,40,United-States,0
35,Local-gov,99146,Bachelors,13,Married-civ-spouse,Protective-serv,Husband,White,Male,0,0,50,United-States,0
60,Private,39352,7th-8th,4,Never-married,Transport-moving,Not-in-family,White,Male,0,0,48,United-States,1
36,Private,161141,Masters,14,Married-civ-spouse,Prof-specialty,Husband,White,Male,0,0,50,United-States,1
34,Local-gov,202729,HS-grad,9,Married-civ-spouse,Protective-serv,Husband,White,Male,0,0,40,United-States,0
39,Private,91996,HS-grad,9,Divorced,Other-service,Unmarried,White,Female,0,0,40,United-States,0
58,Private,81038,Some-college,10,Married-civ-spouse,Sales,Husband,White,Male,0,0,12,United-States,0
55,Private,141807,HS-grad,9,Married-spouse-absent,Craft-repair,Other-relative,White,Male,0,0,40,Poland,0
39,Private,192251,Some-college,10,Divorced,Craft-repair,Own-child,White,Female,0,0,50,United-States,1
45,,177775,Assoc-voc,11,Never-married,,Other-relative,White,Female,0,0,32,United-States,0
50,Private,108933,9th,5,Married-civ-spouse,Craft-repair,Husband,White,Male,2885,0,40,United-States,0
29,Private,203833,Bachelors,13,Never-married,Prof-specialty,Not-in-family,Black,Male,0,0,40,United-States,0
43,Federal-gov,19914,Some-college,10,Widowed,Exec-managerial,Unmarried,Amer-Indian-Eskimo,Female,0,0,15,United-States,0
44,Private,207578,Bachelors,13,Married-civ-spouse,Prof-specialty,Husband,White,Male,0,0,35,United-States,1
35,Private,112158,10th,6,Married-civ-spouse,Craft-repair,Husband,White,Male,0,0,40,United-States,0
42,Self-emp-not-inc,220647,Bachelors,13,Married-civ-spouse,Farming-fishing,Husband,White,Male,0,0,45,United-States,0
57,State-gov,32694,Doctorate,16,Married-civ-spouse,Prof-specialty,Husband,White,Male,0,0,40,United-States,1
24,,41356,Some-college,10,Never-married,,Not-in-family,White,Female,0,0,40,United-States,0
37,Private,98776,HS-grad,9,Married-civ-spouse,Farming-fishing,Husband,White,Male,0,0,15,United-States,0
57,Private,127728,7th-8th,4,Married-civ-spouse,Transport-moving,Husband,White,Male,0,0,44,United-States,1
66,Private,302072,Assoc-acdm,12,Divorced,Adm-clerical,Unmarried,White,Female,0,0,40,United-States,0
22,Private,200973,Assoc-acdm,12,Never-married,Other-service,Not-in-family,White,Female,0,0,12,United-States,0
44,Private,166740,Assoc-voc,11,Married-civ-spouse,Tech-support,Husband,White,Male,0,0,45,United-States,0
34,Private,345360,Bachelors,13,Married-civ-spouse,Tech-support,Husband,White,Male,0,0,40,England,0
22,Private,83315,HS-grad,9,Never-married,Adm-clerical,Unmarried,White,Male,0,0,40,United-States,0
32,Private,235862,Some-college,10,Divorced,Exec-managerial,Not-in-family,White,Female,0,0,45,United-States,0
40,Private,182302,HS-grad,9,Divorced,Transport-moving,Not-in-family,White,Male,0,0,40,United-States,0
33,Private,110592,Bachelors,13,Married-civ-spouse,Prof-specialty,Husband,White,Male,0,0,50,United-States,1
21,Private,154556,Some-college,10,Never-married,Other-service,Own-child,White,Male,0,0,15,,0
18,Never-worked,162908,11th,7,Never-married,,Own-child,White,Male,0,0,35,United-States,0
20,Private,221095,HS-grad,9,Never-married,Craft-repair,Other-relative,Black,Male,0,0,40,United-States,0
28,Private,294936,HS-grad,9,Married-civ-spouse,Transport-moving,Husband,White,Male,4064,0,45,United-States,0
47,Private,216999,Bachelors,13,Married-civ-spouse,Exec-managerial,Husband,White,Male,0,0,50,United-States,0
52,,108211,7th-8th,4,Married-civ-spouse,,Husband,White,Male,0,0,40,United-States,0
51,Private,249644,Some-college,10,Divorced,Craft-repair,Not-in-family,White,Male,0,0,48,United-States,1
55,Private,112529,5th-6th,3,Never-married,Transport-moving,Not-in-family,Black,Male,0,0,40,United-States,0
40,Private,245073,7th-8th,4,Never-married,Other-service,Not-in-family,White,Male,0,0,20,United-States,0
44,Private,109912,Doctorate,16,Married-civ-spouse,Exec-managerial,Wife,White,Female,15024,0,32,United-States,1
23,Private,154641,HS-grad,9,Never-married,Handlers-cleaners,Own-child,White,Male,0,0,40,United-States,0
21,Private,203055,Some-college,10,Never-married,Machine-op-inspct,Unmarried,White,Male,0,0,40,United-States,0
48,Private,250736,HS-grad,9,Married-civ-spouse,Transport-moving,Husband,Black,Male,0,0,99,United-States,0
66,,177351,Bachelors,13,Married-civ-spouse,,Husband,White,Male,0,2174,40,United-States,1
33,Local-gov,147654,Assoc-voc,11,Married-civ-spouse,Prof-specialty,Husband,White,Male,0,0,60,United-States,0
45,Local-gov,170099,Assoc-acdm,12,Married-civ-spouse,Handlers-cleaners,Husband,White,Male,0,0,40,United-States,0
42,Private,194537,HS-grad,9,Divorced,Machine-op-inspct,Unmarried,White,Female,0,0,40,United-States,0
41,Self-emp-not-inc,223763,Masters,14,Married-civ-spouse,Craft-repair,Husband,White,Male,0,0,65,United-States,0
55,Private,109075,11th,7,Married-civ-spouse,Machine-op-inspct,Husband,Black,Male,5013,0,48,United-States,0
31,Private,144124,Some-college,10,Divorced,Prof-specialty,Not-in-family,White,Female,0,0,40,United-States,0
27,Private,114158,Assoc-voc,11,Never-married,Adm-clerical,Own-child,White,Female,0,0,35,United-States,0
50,Private,176227,Bachelors,13,Married-civ-spouse,Exec-managerial,Husband,White,Male,0,0,40,,1
49,,350759,HS-grad,9,Married-civ-spouse,,Husband,White,Male,0,0,40,United-States,0
37,Private,99374,10th,6,Married-civ-spouse,Transport-moving,Husband,White,Male,0,0,55,United-States,0
22,Private,310197,7th-8th,4,Married-civ-spouse,Handlers-cleaners,Husband,White,Male,0,0,40,United-States,0
46,Private,129007,Bachelors,13,Married-civ-spouse,Sales,Husband,White,Male,0,1977,40,United-States,1
28,Private,192257,Bachelors,13,Married-civ-spouse,Prof-specialty,Husband,White,Male,0,0,40,Japan,0
48,Private,144844,HS-grad,9,Married-civ-spouse,Craft-repair,Husband,White,Male,0,0,40,United-States,0
66,Private,140576,7th-8th,4,Married-civ-spouse,Craft-repair,Husband,White,Male,0,0,40,United-States,0
21,Private,112906,Assoc-voc,11,Never-married,Other-service,Own-child,White,Female,0,0,44,United-States,0
59,,160662,HS-grad,9,Married-civ-spouse,,Husband,White,Male,2407,0,60,United-States,0
72,,195181,HS-grad,9,Married-civ-spouse,,Husband,White,Male,0,0,32,United-States,0
24,Private,117767,Assoc-acdm,12,Never-married,Sales,Own-child,White,Male,0,0,20,United-States,0
25,Private,192149,Bachelors,13,Never-married,Adm-clerical,Own-child,White,Female,0,0,40,United-States,0
38,Private,255941,Masters,14,Never-married,Exec-managerial,Not-in-family,White,Female,10520,0,50,United-States,1
40,Self-emp-inc,37997,Some-college,10,Married-civ-spouse,Farming-fishing,Husband,White,Male,0,0,50,United-States,0
43,Private,253759,HS-grad,9,Divorced,Adm-clerical,Unmarried,Black,Female,0,0,45,United-States,0
26,Private,164170,Some-college,10,Never-married,Sales,Other-relative,Asian-Pac-Islander,Female,0,0,35,Philippines,0
36,Private,196123,Masters,14,Married-civ-spouse,Prof-specialty,Husband,White,Male,0,0,43,United-States,1
20,Private,317443,Some-college,10,Never-married,Adm-clerical,Own-child,Black,Female,0,0,15,United-States,0
34,Private,148226,HS-grad,9,Never-married,Machine-op-inspct,Unmarried,Black,Female,0,0,48,United-States,0
63,Private,181153,HS-grad,9,Married-civ-spouse,Sales,Husband,White,Male,0,0,35,United-States,0
30,Private,144064,HS-grad,9,Married-civ-spouse,Exec-managerial,Husband,White,Male,0,0,62,United-States,0
31,Private,22201,HS-grad,9,Married-civ-spouse,Adm-clerical,Husband,Amer-Indian-Eskimo,Male,0,0,40,United-States,1
46,Private,128796,Bachelors,13,Married-civ-spouse,Exec-managerial,Husband,White,Male,0,0,44,United-States,1
56,Self-emp-not-inc,186651,11th,7,Widowed,Other-service,Unmarried,White,Female,0,0,50,United-States,0
31,Private,364657,Some-college,10,Married-civ-spouse,Adm-clerical,Husband,White,Male,0,0,45,United-States,1
21,Private,117210,HS-grad,9,Never-married,Machine-op-inspct,Own-child,White,Male,0,0,40,United-States,0
28,Private,184477,Assoc-voc,11,Divorced,Craft-repair,Not-in-family,White,Male,0,0,60,United-States,0
44,Private,355728,Some-college,10,Separated,Exec-managerial,Not-in-family,White,Male,0,1980,45,England,0
37,State-gov,211286,Bachelors,13,Divorced,Prof-specialty,Not-in-family,White,Female,0,0,50,United-States,0
51,Local-gov,143865,10th,6,Widowed,Other-service,Not-in-family,White,Female,0,0,24,United-States,0
38,Private,100295,7th-8th,4,Married-civ-spouse,Machine-op-inspct,Wife,White,Female,0,0,50,Canada,1
38,Private,111398,Bachelors,13,Married-civ-spouse,Prof-specialty,Wife,White,Female,7688,0,40,United-States,1
50,Self-emp-not-inc,343242,Some-college,10,Married-civ-spouse,Transport-moving,Husband,White,Male,0,0,55,United-States,0
38,Private,331395,7th-8th,4,Married-civ-spouse,Farming-fishing,Husband,White,Male,3942,0,84,Portugal,0
21,Private,189888,HS-grad,9,Never-married,Handlers-cleaners,Not-in-family,White,Male,3325,0,60,United-States,0
55,Self-emp-not-inc,193374,HS-grad,9,Divorced,Craft-repair,Not-in-family,White,Male,0,0,40,United-States,0
64,Private,192884,Prof-school,15,Married-civ-spouse,Exec-managerial,Husband,White,Male,0,0,60,United-States,0
30,State-gov,54318,11th,7,Married-civ-spouse,Transport-moving,Husband,White,Male,0,0,40,United-States,0
45,Self-emp-not-inc,181307,Doctorate,16,Separated,Prof-specialty,Not-in-family,White,Male,0,1408,40,United-States,0
24,Private,157332,Assoc-voc,11,Divorced,Tech-support,Not-in-family,White,Female,0,0,40,United-States,0
85,Self-emp-inc,155981,Bachelors,13,Widowed,Exec-managerial,Not-in-family,White,Male,0,0,40,United-States,1
23,Private,335067,Bachelors,13,Never-married,Prof-specialty,Not-in-family,White,Male,0,0,30,United-States,0
57,Self-emp-not-inc,190554,10th,6,Divorced,Exec-managerial,Own-child,White,Male,0,0,60,United-States,1
37,Private,112264,HS-grad,9,Married-civ-spouse,Transport-moving,Husband,White,Male,0,0,40,United-States,0
26,Private,306225,Bachelors,13,Never-married,Exec-managerial,Not-in-family,Asian-Pac-Islander,Female,0,0,40,Poland,0
30,Local-gov,289442,HS-grad,9,Never-married,Protective-serv,Not-in-family,White,Male,0,0,40,United-States,0
44,Private,335248,Some-college,10,Divorced,Adm-clerical,Not-in-family,White,Female,0,0,40,United-States,0
43,Private,118001,7th-8th,4,Separated,Farming-fishing,Not-in-family,Black,Male,0,0,40,United-States,0
44,Private,321824,Doctorate,16,Married-civ-spouse,Prof-specialty,Husband,White,Male,0,0,20,United-States,0
34,,286689,Masters,14,Never-married,,Not-in-family,White,Male,4650,0,30,United-States,0
54,,108233,Assoc-acdm,12,Separated,,Not-in-family,Black,Female,0,0,20,United-States,0
31,Private,379046,HS-grad,9,Never-married,Handlers-cleaners,Own-child,Asian-Pac-Islander,Female,0,0,40,Vietnam,0
18,Private,45316,11th,7,Never-married,Other-service,Own-child,White,Female,0,0,20,United-States,0
26,Private,168236,HS-grad,9,Married-civ-spouse,Adm-clerical,Husband,White,Male,0,0,40,United-States,0
55,Private,143372,HS-grad,9,Divorced,Sales,Unmarried,Black,Female,0,0,40,United-States,0
45,Private,88061,11th,7,Married-spouse-absent,Machine-op-inspct,Unmarried,Asian-Pac-Islander,Female,0,0,40,South,0
30,Private,154297,10th,6,Never-married,Machine-op-inspct,Unmarried,Black,Female,0,0,40,United-States,0
25,Private,203833,10th,6,Never-married,Farming-fishing,Not-in-family,Black,Male,0,0,35,Haiti,0
50,Private,139793,Some-college,10,Divorced,Adm-clerical,Unmarried,White,Female,3418,0,38,United-States,0
35,Private,306678,Some-college,10,Married-civ-spouse,Craft-repair,Husband,White,Male,0,0,52,United-States,0
31,State-gov,158688,Assoc-voc,11,Married-civ-spouse,Sales,Husband,White,Male,0,0,40,United-States,1
22,Private,173736,HS-grad,9,Never-married,Craft-repair,Not-in-family,White,Male,0,0,50,United-States,0
54,Self-emp-not-inc,139023,Some-college,10,Married-civ-spouse,Sales,Husband,White,Male,0,0,40,United-States,0
42,Private,397346,HS-grad,9,Never-married,Craft-repair,Not-in-family,White,Male,3325,0,40,United-States,0
50,Private,194397,Bachelors,13,Divorced,Exec-managerial,Not-in-family,White,Female,0,0,40,United-States,0
47,Private,144351,Bachelors,13,Married-civ-spouse,Exec-managerial,Husband,White,Male,0,0,45,United-States,1
32,Private,362259,Bachelors,13,Never-married,Exec-managerial,Not-in-family,White,Female,0,0,40,United-States,0
42,Private,134509,Some-college,10,Never-married,Transport-moving,Unmarried,Black,Female,0,0,40,United-States,0
54,Private,161147,HS-grad,9,Never-married,Adm-clerical,Own-child,White,Female,2174,0,40,United-States,0
53,Private,136080,HS-grad,9,Divorced,Priv-house-serv,Not-in-family,White,Female,0,0,50,United-States,0
56,Private,109015,Some-college,10,Married-civ-spouse,Exec-managerial,Wife,White,Female,7688,0,50,United-States,1
22,Private,117606,Bachelors,13,Never-married,Adm-clerical,Own-child,White,Female,0,0,32,United-States,0
51,Private,148431,HS-grad,9,Married-civ-spouse,Craft-repair,Husband,White,Male,0,0,40,United-States,0
27,Private,181291,HS-grad,9,Never-married,Adm-clerical,Own-child,White,Female,0,0,35,Italy,0
50,Private,153931,HS-grad,9,Divorced,Adm-clerical,Not-in-family,White,Female,0,0,40,United-States,0
22,Private,150175,Some-college,10,Never-married,Adm-clerical,Own-child,White,Female,0,0,20,United-States,0
31,Private,178615,Bachelors,13,Married-civ-spouse,Prof-specialty,Husband,White,Male,0,0,40,United-States,0
37,Local-gov,175979,Bachelors,13,Divorced,Prof-specialty,Other-relative,White,Female,0,0,60,United-States,0
37,Self-emp-inc,51264,Assoc-voc,11,Married-civ-spouse,Sales,Husband,White,Male,0,0,40,United-States,1
37,Private,34146,HS-grad,9,Married-civ-spouse,Craft-repair,Husband,White,Male,0,0,68,United-States,0
46,Private,265105,Bachelors,13,Married-civ-spouse,Prof-specialty,Husband,White,Male,0,0,50,United-States,1
52,Private,357596,HS-grad,9,Divorced,Adm-clerical,Unmarried,White,Male,0,0,40,United-States,0
35,Private,287658,Some-college,10,Never-married,Adm-clerical,Unmarried,Black,Male,0,0,40,United-States,0
90,Private,206667,Masters,14,Married-civ-spouse,Prof-specialty,Wife,White,Female,0,0,40,United-States,1
22,Private,210781,Bachelors,13,Never-married,Adm-clerical,Own-child,White,Female,0,0,35,United-States,0
22,Private,171176,HS-grad,9,Never-married,Other-service,Not-in-family,White,Female,0,0,48,,0
20,Private,94057,Some-college,10,Never-married,Other-service,Own-child,White,Male,0,0,15,United-States,0
53,Self-emp-inc,188067,Some-college,10,Widowed,Sales,Unmarried,White,Female,0,0,40,United-States,0
45,Private,238386,Assoc-voc,11,Married-civ-spouse,Machine-op-inspct,Husband,White,Male,0,0,40,United-States,1
24,Private,215243,Bachelors,13,Never-married,Adm-clerical,Not-in-family,White,Female,0,0,42,United-States,0
17,,198797,11th,7,Never-married,,Own-child,White,Male,0,0,20,Peru,0
37,Private,179731,HS-grad,9,Never-married,Other-service,Unmarried,White,Female,0,0,35,United-States,0
22,Private,188569,Some-college,10,Never-married,Adm-clerical,Not-in-family,White,Female,0,0,20,United-States,0
46,Private,159869,Bachelors,13,Married-civ-spouse,Exec-managerial,Husband,White,Male,0,0,40,United-States,1
61,Private,149653,HS-grad,9,Married-civ-spouse,Exec-managerial,Husband,White,Male,0,0,50,United-States,0
18,Private,201901,11th,7,Never-married,Sales,Own-child,White,Female,0,0,10,United-States,0
33,Self-emp-not-inc,266674,Some-college,10,Married-civ-spouse,Craft-repair,Husband,White,Male,7298,0,56,United-States,1
25,Private,121789,Some-college,10,Never-married,Sales,Not-in-family,White,Male,0,0,38,United-States,0
22,Private,113703,Some-college,10,Never-married,Sales,Other-relative,White,Male,0,0,20,United-States,0
32,Self-emp-not-inc,168782,9th,5,Married-civ-spouse,Craft-repair,Husband,White,Male,0,0,32,United-States,0
35,Private,54159,HS-grad,9,Married-civ-spouse,Craft-repair,Husband,White,Male,0,0,38,United-States,0
25,Private,313930,11th,7,Never-married,Craft-repair,Not-in-family,White,Male,0,0,40,Mexico,0
74,Self-emp-not-inc,392886,HS-grad,9,Widowed,Farming-fishing,Not-in-family,White,Female,0,0,14,United-States,0
38,Private,289653,Bachelors,13,Divorced,Sales,Unmarried,White,Male,0,0,45,United-States,1
21,Private,195571,Some-college,10,Never-married,Adm-clerical,Own-child,White,Female,0,0,25,United-States,0
17,Private,56536,11th,7,Never-married,Sales,Own-child,White,Female,1055,0,18,India,0
28,Private,405793,Assoc-acdm,12,Married-civ-spouse,Tech-support,Husband,White,Male,0,0,45,United-States,1
69,Private,182862,HS-grad,9,Never-married,Transport-moving,Not-in-family,White,Male,15831,0,40,United-States,1
40,Private,166662,Prof-school,15,Married-civ-spouse,Prof-specialty,Husband,White,Male,15024,0,45,United-States,1
54,Private,225599,Masters,14,Married-civ-spouse,Prof-specialty,Husband,Asian-Pac-Islander,Male,7298,0,40,India,1
45,,144354,9th,5,Separated,,Own-child,Black,Male,0,0,40,United-States,0
34,State-gov,85218,Masters,14,Never-married,Prof-specialty,Unmarried,Black,Female,0,0,24,United-States,0
35,Private,181165,HS-grad,9,Divorced,Sales,Not-in-family,White,Female,0,0,40,United-States,0
61,,198686,Assoc-acdm,12,Married-civ-spouse,,Husband,White,Male,0,0,2,United-States,1
25,Private,137645,Bachelors,13,Never-married,Sales,Not-in-family,Black,Female,0,0,40,United-States,0
52,Private,230205,Some-college,10,Never-married,Adm-clerical,Not-in-family,Black,Female,0,2001,32,United-States,0
26,Private,106856,Assoc-voc,11,Never-married,Adm-clerical,Not-in-family,White,Female,0,0,40,United-States,0
33,Private,132601,Some-college,10,Married-civ-spouse,Exec-managerial,Husband,White,Male,0,0,45,United-States,0
37,Federal-gov,287031,Masters,14,Married-civ-spouse,Tech-support,Husband,White,Male,0,0,50,United-States,1
43,Private,185015,5th-6th,3,Married-spouse-absent,Priv-house-serv,Other-relative,White,Female,0,0,40,El-Salvador,0
30,Private,460408,Some-college,10,Married-civ-spouse,Sales,Husband,White,Male,0,1672,45,United-States,0
39,Private,70995,Bachelors,13,Married-civ-spouse,Transport-moving,Husband,White,Male,15024,0,99,United-States,1
43,Self-emp-not-inc,180985,Bachelors,13,Separated,Craft-repair,Unmarried,White,Male,0,0,35,United-States,0
56,Self-emp-inc,170287,Bachelors,13,Married-civ-spouse,Exec-managerial,Husband,White,Male,0,0,40,United-States,0
37,Local-gov,343052,HS-grad,9,Separated,Adm-clerical,Unmarried,White,Female,0,0,40,United-States,0
40,Private,145166,HS-grad,9,Married-civ-spouse,Craft-repair,Husband,White,Male,4064,0,40,United-States,0
22,Private,64520,12th,8,Never-married,Transport-moving,Unmarried,White,Male,0,0,30,United-States,0
30,Private,97453,HS-grad,9,Divorced,Sales,Unmarried,White,Female,0,0,54,United-States,0
65,Private,237024,1st-4th,2,Married-civ-spouse,Other-service,Husband,White,Male,0,0,35,Mexico,0
32,,285131,Assoc-acdm,12,Never-married,,Unmarried,White,Male,0,0,20,United-States,0
62,State-gov,162678,Bachelors,13,Married-civ-spouse,Exec-managerial,Husband,White,Male,0,0,40,United-States,0
22,Private,63105,HS-grad,9,Never-married,Prof-specialty,Own-child,Black,Male,0,0,40,United-States,0
39,Private,185099,Bachelors,13,Married-civ-spouse,Prof-specialty,Husband,White,Male,0,0,48,United-States,1
36,Private,269722,Bachelors,13,Married-civ-spouse,Exec-managerial,Husband,White,Male,0,0,55,United-States,1
39,Private,259716,HS-grad,9,Divorced,Machine-op-inspct,Unmarried,White,Female,0,0,40,Mexico,0
21,Private,409230,HS-grad,9,Never-married,Craft-repair,Not-in-family,White,Male,0,0,40,Guatemala,0
49,Private,120121,Doctorate,16,Married-civ-spouse,Prof-specialty,Husband,White,Male,7688,0,45,United-States,1
45,Private,111706,1st-4th,2,Never-married,Machine-op-inspct,Unmarried,Asian-Pac-Islander,Female,0,0,40,Vietnam,0
40,Local-gov,306495,Bachelors,13,Married-civ-spouse,Prof-specialty,Husband,White,Male,0,0,35,United-States,0
34,Private,271933,Masters,14,Never-married,Exec-managerial,Unmarried,White,Female,0,0,50,United-States,0
44,Local-gov,68318,Masters,14,Never-married,Prof-specialty,Own-child,White,Female,0,0,55,United-States,0
27,Private,328981,HS-grad,9,Never-married,Machine-op-inspct,Unmarried,Black,Male,0,0,40,United-States,0
57,Private,191983,Some-college,10,Married-civ-spouse,Protective-serv,Husband,White,Male,0,0,50,United-States,0
41,Local-gov,248406,HS-grad,9,Separated,Transport-moving,Own-child,White,Male,0,0,40,United-States,0
43,State-gov,107439,Some-college,10,Never-married,Other-service,Not-in-family,Black,Female,0,0,30,United-States,0
33,Private,178587,Some-college,10,Separated,Prof-specialty,Unmarried,White,Female,0,0,37,United-States,0
18,Private,473449,Some-college,10,Never-married,Handlers-cleaners,Own-child,White,Male,0,0,30,United-States,0
52,Private,161482,Some-college,10,Divorced,Adm-clerical,Not-in-family,White,Female,0,0,40,United-States,0
45,State-gov,191001,Bachelors,13,Married-civ-spouse,Adm-clerical,Husband,White,Male,7688,0,40,United-States,1
24,Private,225724,Bachelors,13,Never-married,Adm-clerical,Own-child,White,Female,0,0,20,United-States,0
30,Private,37210,Assoc-voc,11,Married-civ-spouse,Craft-repair,Husband,White,Male,0,0,40,United-States,0
44,Self-emp-not-inc,158555,Some-college,10,Married-civ-spouse,Exec-managerial,Husband,White,Male,0,0,50,United-States,1
59,Private,159770,Assoc-acdm,12,Married-civ-spouse,Exec-managerial,Husband,White,Male,0,0,40,United-States,1
46,Private,180695,Some-college,10,Never-married,Adm-clerical,Own-child,White,Female,0,0,40,United-States,0
72,Self-emp-not-inc,103368,Some-college,10,Married-civ-spouse,Farming-fishing,Husband,White,Male,0,0,21,United-States,0
19,Self-emp-not-inc,242965,Some-college,10,Never-married,Other-service,Own-child,White,Female,0,0,24,United-States,0
28,Private,215955,Bachelors,13,Married-civ-spouse,Exec-managerial,Husband,White,Male,3103,0,40,United-States,1
85,Self-emp-not-inc,166027,HS-grad,9,Widowed,Sales,Not-in-family,White,Female,0,0,50,United-States,0
26,Private,172013,HS-grad,9,Never-married,Craft-repair,Own-child,White,Male,0,0,40,United-States,0
40,Private,248094,HS-grad,9,Married-civ-spouse,Transport-moving,Husband,White,Male,0,0,40,United-States,0
66,,231315,Assoc-acdm,12,Widowed,,Unmarried,White,Female,0,0,3,United-States,0
26,Private,108658,HS-grad,9,Never-married,Machine-op-inspct,Not-in-family,White,Male,0,0,40,United-States,0
58,Local-gov,153914,HS-grad,9,Widowed,Adm-clerical,Not-in-family,White,Female,0,0,30,United-States,0
31,Private,315128,Some-college,10,Never-married,Adm-clerical,Not-in-family,White,Female,0,0,52,United-States,0
37,Private,203828,9th,5,Married-civ-spouse,Craft-repair,Husband,White,Male,0,0,40,United-States,0
24,Private,456430,HS-grad,9,Married-civ-spouse,Craft-repair,Husband,White,Male,0,0,50,United-States,0
28,Private,189346,HS-grad,9,Divorced,Craft-repair,Not-in-family,White,Male,0,0,45,United-States,0
30,Private,115426,Bachelors,13,Married-civ-spouse,Sales,Husband,White,Male,0,0,40,United-States,1
29,Private,66095,Some-college,10,Married-civ-spouse,Tech-support,Husband,White,Male,0,0,50,United-States,0
46,Private,171095,Assoc-acdm,12,Divorced,Sales,Unmarried,White,Female,0,0,38,United-States,0
48,Private,118831,HS-grad,9,Divorced,Handlers-cleaners,Unmarried,Asian-Pac-Islander,Female,0,0,40,South,0
42,Private,177989,HS-grad,9,Married-civ-spouse,Craft-repair,Husband,White,Male,0,0,40,United-States,0
29,Private,103111,HS-grad,9,Never-married,Other-service,Own-child,White,Male,0,0,30,Canada,0
33,Self-emp-not-inc,100580,Some-college,10,Married-civ-spouse,Other-service,Wife,White,Female,0,0,10,United-States,0
25,Private,234190,Some-college,10,Never-married,Sales,Not-in-family,White,Male,0,0,35,United-States,0
39,Self-emp-not-inc,103110,Bachelors,13,Married-civ-spouse,Prof-specialty,Husband,White,Male,0,0,50,United-States,0
36,Private,109133,HS-grad,9,Married-civ-spouse,Craft-repair,Husband,White,Male,0,0,40,United-States,0
45,Private,205424,Bachelors,13,Never-married,Prof-specialty,Not-in-family,White,Male,0,0,40,United-States,1
55,,170994,HS-grad,9,Never-married,,Not-in-family,White,Female,0,0,40,United-States,0
46,Private,185870,Bachelors,13,Married-civ-spouse,Sales,Husband,White,Male,0,1902,40,United-States,1
31,Private,142038,HS-grad,9,Married-civ-spouse,Craft-repair,Wife,White,Female,0,0,45,United-States,0
24,Private,241185,HS-grad,9,Never-married,Sales,Not-in-family,White,Female,0,0,48,United-States,0
63,Private,205246,HS-grad,9,Married-civ-spouse,Machine-op-inspct,Husband,Black,Male,0,0,40,United-States,0
18,,98549,HS-grad,9,Never-married,,Own-child,White,Female,0,1602,35,United-States,0
25,Private,262885,11th,7,Never-married,Other-service,Unmarried,Black,Female,0,0,32,United-States,0
41,Self-emp-inc,136986,Masters,14,Married-civ-spouse,Exec-managerial,Husband,White,Male,0,0,40,United-States,0
36,Private,167415,HS-grad,9,Divorced,Craft-repair,Unmarried,White,Male,0,0,40,United-States,0
61,,394534,HS-grad,9,Married-civ-spouse,,Husband,Black,Male,0,0,6,United-States,0
51,Private,153064,HS-grad,9,Married-civ-spouse,Transport-moving,Husband,White,Male,5013,0,40,United-States,0
58,Self-emp-inc,78634,11th,7,Married-civ-spouse,Transport-moving,Husband,White,Male,0,0,60,United-States,0
39,Private,25803,Some-college,10,Married-civ-spouse,Sales,Husband,White,Male,0,0,55,United-States,0
38,Self-emp-not-inc,36270,HS-grad,9,Married-spouse-absent,Farming-fishing,Unmarried,White,Male,0,0,60,United-States,0
20,Private,191910,HS-grad,9,Never-married,Protective-serv,Own-child,White,Male,0,0,40,United-States,0
50,Local-gov,308764,HS-grad,9,Widowed,Transport-moving,Unmarried,White,Female,0,0,40,United-States,0
43,Private,245525,Bachelors,13,Married-civ-spouse,Handlers-cleaners,Husband,White,Male,0,0,38,United-States,0
33,Private,191335,Assoc-acdm,12,Married-civ-spouse,Craft-repair,Husband,White,Male,0,1902,50,United-States,1
36,Private,342642,Masters,14,Never-married,Exec-managerial,Not-in-family,White,Male,0,0,15,United-States,0
37,Private,365739,Assoc-acdm,12,Married-civ-spouse,Tech-support,Husband,White,Male,0,0,40,United-States,1
51,Private,254230,Some-college,10,Married-civ-spouse,Exec-managerial,Husband,White,Male,0,0,40,United-States,1
56,State-gov,175057,Bachelors,13,Married-civ-spouse,Exec-managerial,Husband,White,Male,0,0,40,United-States,0
31,Self-emp-inc,72744,HS-grad,9,Divorced,Other-service,Unmarried,White,Male,0,0,30,United-States,0
42,Local-gov,189956,Bachelors,13,Divorced,Prof-specialty,Unmarried,Black,Female,0,0,30,United-States,0
41,Private,277488,7th-8th,4,Married-civ-spouse,Farming-fishing,Husband,White,Male,0,0,36,United-States,0
37,Self-emp-inc,152414,Prof-school,15,Married-civ-spouse,Prof-specialty,Husband,White,Male,0,0,60,United-States,1
20,Private,247115,Some-college,10,Never-married,Adm-clerical,Unmarried,Black,Female,0,0,35,United-States,0
37,Private,161141,Assoc-voc,11,Married-civ-spouse,Craft-repair,Husband,White,Male,0,0,40,Portugal,1
42,Private,70037,Masters,14,Never-married,Prof-specialty,Not-in-family,White,Male,0,0,50,United-States,0
41,Self-emp-inc,130126,Some-college,10,Married-civ-spouse,Farming-fishing,Husband,White,Male,0,0,60,United-States,1
22,State-gov,151991,Some-college,10,Never-married,Tech-support,Own-child,White,Male,0,0,20,United-States,0
90,Local-gov,153602,HS-grad,9,Married-civ-spouse,Other-service,Husband,White,Male,6767,0,40,United-States,0
30,Private,101345,Bachelors,13,Never-married,Sales,Not-in-family,White,Female,0,0,40,United-States,0
22,Private,35663,HS-grad,9,Never-married,Other-service,Not-in-family,White,Female,0,0,40,United-States,0
36,Federal-gov,930948,Some-college,10,Separated,Adm-clerical,Unmarried,Black,Female,6497,0,56,United-States,0
38,Private,295127,Some-college,10,Married-civ-spouse,Machine-op-inspct,Husband,White,Male,0,0,40,United-States,0
22,Private,187052,HS-grad,9,Never-married,Adm-clerical,Own-child,White,Female,0,0,40,United-States,0
60,Local-gov,232769,11th,7,Married-civ-spouse,Transport-moving,Husband,White,Male,0,0,20,United-States,0
34,Private,384150,Bachelors,13,Married-civ-spouse,Exec-managerial,Husband,White,Male,0,0,40,United-States,1
63,,176827,Some-college,10,Married-civ-spouse,,Husband,White,Male,0,0,30,United-States,1
21,,520231,Some-college,10,Never-married,,Own-child,White,Female,0,0,40,United-States,0
39,Federal-gov,127048,Some-college,10,Never-married,Exec-managerial,Unmarried,White,Female,0,0,40,United-States,0
46,Private,141058,HS-grad,9,Married-civ-spouse,Craft-repair,Husband,White,Male,7298,0,40,United-States,1
41,Private,196344,1st-4th,2,Married-civ-spouse,Sales,Husband,White,Male,0,0,50,Mexico,0
38,Private,26987,HS-grad,9,Divorced,Other-service,Unmarried,White,Female,0,0,40,United-States,0
71,,128529,HS-grad,9,Widowed,,Not-in-family,White,Female,0,0,20,United-States,0
21,State-gov,204425,Some-college,10,Never-married,Exec-managerial,Own-child,White,Female,0,0,20,United-States,0
26,Self-emp-not-inc,223705,HS-grad,9,Divorced,Other-service,Unmarried,White,Female,0,0,40,Columbia,0
48,Federal-gov,483261,Some-college,10,Never-married,Adm-clerical,Not-in-family,Black,Male,0,0,40,United-States,0
62,Private,192866,Some-college,10,Widowed,Other-service,Not-in-family,White,Female,0,0,20,United-States,0
23,Private,212617,Bachelors,13,Never-married,Other-service,Not-in-family,White,Male,0,0,66,Ecuador,0
44,Self-emp-not-inc,234767,Masters,14,Married-civ-spouse,Prof-specialty,Husband,White,Male,0,0,30,United-States,1
21,Private,198992,HS-grad,9,Never-married,Sales,Not-in-family,White,Female,0,0,33,United-States,0
33,Private,23871,HS-grad,9,Divorced,Other-service,Unmarried,White,Female,0,0,30,United-States,0
33,Private,69311,HS-grad,9,Never-married,Handlers-cleaners,Not-in-family,White,Male,0,0,40,United-States,0
40,Private,170214,HS-grad,9,Married-civ-spouse,Transport-moving,Husband,White,Male,0,0,40,United-States,1
38,Self-emp-not-inc,192939,HS-grad,9,Married-civ-spouse,Craft-repair,Husband,White,Male,0,0,50,United-States,0
53,Local-gov,132304,Some-college,10,Divorced,Adm-clerical,Not-in-family,White,Female,0,0,40,United-States,0
39,Private,202937,Masters,14,Never-married,Prof-specialty,Not-in-family,White,Female,0,0,40,United-States,1
61,Self-emp-inc,227232,Bachelors,13,Separated,Sales,Not-in-family,White,Female,0,0,30,United-States,0
43,Private,161240,Assoc-voc,11,Married-civ-spouse,Craft-repair,Husband,White,Male,0,0,60,United-States,0
41,Private,216968,Bachelors,13,Never-married,Handlers-cleaners,Not-in-family,Black,Male,0,0,40,,0
58,Private,241056,Some-college,10,Divorced,Adm-clerical,Unmarried,White,Female,0,0,46,United-States,0
19,Private,55284,HS-grad,9,Never-married,Sales,Own-child,White,Female,0,0,35,United-States,0
37,Private,148143,HS-grad,9,Never-married,Machine-op-inspct,Unmarried,Black,Female,0,0,40,United-States,0
50,Private,266945,HS-grad,9,Married-civ-spouse,Machine-op-inspct,Wife,White,Female,3137,0,40,El-Salvador,0
41,Private,104892,Masters,14,Married-civ-spouse,Exec-managerial,Husband,White,Male,0,0,40,United-States,1
50,State-gov,24185,Bachelors,13,Married-civ-spouse,Exec-managerial,Husband,White,Male,0,0,38,United-States,1
27,Private,188909,HS-grad,9,Never-married,Handlers-cleaners,Unmarried,Black,Female,0,0,40,United-States,0
36,Private,185405,HS-grad,9,Married-civ-spouse,Adm-clerical,Husband,White,Male,0,0,50,United-States,1
47,Private,167625,Masters,14,Divorced,Prof-specialty,Unmarried,White,Female,0,0,40,United-States,1
43,Federal-gov,233851,HS-grad,9,Married-civ-spouse,Adm-clerical,Wife,White,Female,0,0,40,United-States,1
31,Private,171184,Some-college,10,Divorced,Exec-managerial,Not-in-family,White,Female,0,0,40,Dominican-Republic,0
51,Private,76044,Masters,14,Divorced,Prof-specialty,Unmarried,Other,Male,4787,0,35,Mexico,1
43,Private,233130,Bachelors,13,Divorced,Sales,Not-in-family,White,Male,0,0,40,United-States,1
65,,221881,11th,7,Married-civ-spouse,,Husband,White,Male,0,0,40,Mexico,0
47,Private,106942,7th-8th,4,Separated,Other-service,Not-in-family,White,Female,0,0,38,United-States,0
38,Private,234962,HS-grad,9,Married-civ-spouse,Handlers-cleaners,Husband,White,Male,2829,0,30,Mexico,0
25,Private,221757,HS-grad,9,Married-civ-spouse,Machine-op-inspct,Husband,White,Male,0,0,40,United-States,0
20,Private,190231,9th,5,Never-married,Machine-op-inspct,Own-child,White,Female,0,0,11,Nicaragua,0
20,Private,225811,HS-grad,9,Never-married,Sales,Own-child,White,Female,0,0,23,United-States,0
35,Private,98776,HS-grad,9,Never-married,Exec-managerial,Not-in-family,White,Male,0,0,60,United-States,0
30,Private,254905,HS-grad,9,Married-civ-spouse,Machine-op-inspct,Husband,White,Male,0,0,40,United-States,0
27,,180553,HS-grad,9,Married-civ-spouse,,Wife,White,Female,0,0,40,United-States,1
22,Private,53702,10th,6,Married-civ-spouse,Handlers-cleaners,Husband,White,Male,0,0,40,United-States,0
43,Self-emp-inc,151089,HS-grad,9,Married-civ-spouse,Sales,Husband,White,Male,0,0,50,United-States,0
57,Private,201159,HS-grad,9,Widowed,Sales,Not-in-family,White,Female,0,0,30,United-States,0
66,Private,298834,Some-college,10,Married-civ-spouse,Protective-serv,Husband,White,Male,0,0,40,Canada,0
55,Private,132887,HS-grad,9,Married-civ-spouse,Transport-moving,Husband,Black,Male,3411,0,40,Jamaica,0
21,State-gov,39236,Some-college,10,Never-married,Tech-support,Not-in-family,White,Female,0,0,50,United-States,0
21,Private,89991,Some-college,10,Never-married,Adm-clerical,Own-child,White,Female,0,0,40,United-States,0
51,Private,197656,Some-college,10,Married-civ-spouse,Exec-managerial,Husband,White,Male,0,0,45,United-States,1
48,Local-gov,177018,Masters,14,Married-civ-spouse,Prof-specialty,Husband,White,Male,0,0,50,United-States,1
32,Private,210541,Bachelors,13,Divorced,Sales,Unmarried,White,Female,0,0,30,United-States,0
29,Self-emp-inc,168221,Bachelors,13,Married-civ-spouse,Exec-managerial,Husband,White,Male,0,1740,70,United-States,0
38,Self-emp-not-inc,223242,Some-college,10,Married-spouse-absent,Other-service,Unmarried,White,Female,0,0,40,United-States,0
29,Private,136077,HS-grad,9,Married-civ-spouse,Sales,Husband,White,Male,0,0,60,United-States,1
22,,305423,Some-college,10,Never-married,,Own-child,White,Male,0,0,36,United-States,0
36,Federal-gov,125933,Bachelors,13,Never-married,Prof-specialty,Own-child,White,Male,0,2258,40,United-States,0
34,Private,136862,1st-4th,2,Never-married,Other-service,Other-relative,White,Female,0,0,40,Guatemala,0
42,Private,29702,10th,6,Married-civ-spouse,Machine-op-inspct,Husband,White,Male,0,0,40,United-States,0
20,Private,194686,Some-college,10,Never-married,Handlers-cleaners,Other-relative,White,Male,0,0,15,United-States,0
20,Private,37932,HS-grad,9,Never-married,Other-service,Not-in-family,White,Male,0,0,45,United-States,0
54,Private,223660,HS-grad,9,Married-civ-spouse,Exec-managerial,Husband,White,Male,0,0,55,United-States,1
19,,137578,Some-college,10,Never-married,,Own-child,White,Male,0,0,16,United-States,0
18,Private,39222,11th,7,Never-married,Handlers-cleaners,Own-child,White,Male,0,0,30,United-States,0
51,Self-emp-not-inc,160724,Bachelors,13,Married-civ-spouse,Sales,Husband,Asian-Pac-Islander,Male,0,2415,40,China,1
22,Private,138513,Some-college,10,Never-married,Craft-repair,Own-child,White,Male,0,0,40,United-States,0
49,Self-emp-inc,86701,Some-college,10,Married-civ-spouse,Craft-repair,Husband,Asian-Pac-Islander,Male,0,0,56,United-States,1
33,Self-emp-not-inc,112952,Some-college,10,Never-married,Craft-repair,Own-child,White,Male,0,0,48,United-States,0
32,Self-emp-not-inc,121058,HS-grad,9,Married-civ-spouse,Farming-fishing,Husband,White,Male,0,0,60,United-States,0
37,State-gov,318891,Some-college,10,Divorced,Adm-clerical,Unmarried,White,Female,0,0,40,United-States,0
36,Private,110013,Masters,14,Never-married,Sales,Not-in-family,White,Female,0,0,40,United-States,0
21,Private,163870,10th,6,Married-civ-spouse,Other-service,Husband,White,Male,3908,0,40,United-States,0
28,Private,185957,HS-grad,9,Married-civ-spouse,Adm-clerical,Wife,White,Female,0,0,40,United-States,0
54,Local-gov,287831,Some-college,10,Married-civ-spouse,Adm-clerical,Wife,Black,Female,0,0,55,United-States,1
20,Private,215247,Some-college,10,Never-married,Adm-clerical,Own-child,White,Female,0,0,20,United-States,0
68,Private,357233,HS-grad,9,Widowed,Handlers-cleaners,Other-relative,White,Female,0,0,10,United-States,0
50,Private,231495,HS-grad,9,Married-civ-spouse,Other-service,Husband,White,Male,0,0,40,United-States,0
23,,69510,Bachelors,13,Never-married,,Not-in-family,White,Male,0,0,50,United-States,0
37,Private,149297,HS-grad,9,Never-married,Handlers-cleaners,Not-in-family,Amer-Indian-Eskimo,Male,0,0,30,United-States,0
25,Private,248990,10th,6,Married-civ-spouse,Machine-op-inspct,Husband,White,Male,0,0,40,Guatemala,0
22,Private,168187,Some-college,10,Never-married,Other-service,Unmarried,White,Female,0,0,50,United-States,0
41,Local-gov,216116,HS-grad,9,Divorced,Protective-serv,Unmarried,Black,Female,0,0,40,United-States,1
52,Private,180142,Masters,14,Married-civ-spouse,Tech-support,Husband,White,Male,0,0,45,United-States,0
18,Private,423052,HS-grad,9,Never-married,Machine-op-inspct,Not-in-family,White,Female,0,0,30,United-States,0
31,Private,141288,Some-college,10,Never-married,Adm-clerical,Not-in-family,White,Female,0,0,40,United-States,0
47,Private,217509,HS-grad,9,Widowed,Priv-house-serv,Not-in-family,Asian-Pac-Islander,Female,0,0,45,Thailand,0
51,,117847,HS-grad,9,Married-civ-spouse,,Husband,White,Male,0,0,99,United-States,0
27,Private,194472,HS-grad,9,Never-married,Priv-house-serv,Not-in-family,White,Female,0,0,60,United-States,0
22,Private,362589,Assoc-acdm,12,Never-married,Sales,Not-in-family,White,Female,0,0,15,United-States,0
31,Local-gov,236487,Bachelors,13,Never-married,Prof-specialty,Not-in-family,White,Female,0,0,40,Germany,0
23,Private,91658,Some-college,10,Divorced,Handlers-cleaners,Own-child,White,Male,0,0,40,United-States,0
24,State-gov,215797,Bachelors,13,Never-married,Tech-support,Not-in-family,White,Female,0,0,40,United-States,0
32,Private,216145,Some-college,10,Never-married,Craft-repair,Not-in-family,White,Male,4650,0,45,United-States,0
53,Self-emp-inc,148532,Bachelors,13,Married-civ-spouse,Sales,Husband,White,Male,0,0,60,United-States,1
23,Private,32950,Some-college,10,Never-married,Sales,Not-in-family,White,Male,0,0,40,United-States,0
23,Private,240137,5th-6th,3,Never-married,Handlers-cleaners,Not-in-family,White,Male,0,0,55,Mexico,0
40,Private,166088,Assoc-voc,11,Widowed,Adm-clerical,Unmarried,White,Female,0,0,30,United-States,0
44,Private,161819,HS-grad,9,Married-civ-spouse,Machine-op-inspct,Husband,White,Male,0,0,40,United-States,1
20,Private,109813,11th,7,Never-married,Tech-support,Other-relative,White,Male,0,0,40,United-States,0
28,Private,319768,Masters,14,Married-civ-spouse,Sales,Husband,White,Male,0,0,45,France,1
38,Self-emp-not-inc,423616,HS-grad,9,Married-civ-spouse,Sales,Wife,White,Female,0,0,24,United-States,1
52,Self-emp-inc,415037,Some-college,10,Divorced,Exec-managerial,Not-in-family,White,Male,0,0,65,United-States,1
38,Private,497788,HS-grad,9,Married-civ-spouse,Craft-repair,Husband,White,Male,0,0,50,United-States,0
45,Self-emp-not-inc,176814,Doctorate,16,Married-civ-spouse,Prof-specialty,Husband,White,Male,15024,0,40,United-States,1
63,Local-gov,57674,Masters,14,Married-civ-spouse,Prof-specialty,Husband,White,Male,0,0,48,United-States,0
29,Private,144784,HS-grad,9,Never-married,Other-service,Not-in-family,Black,Female,0,0,40,United-States,0
41,Private,118853,Some-college,10,Married-civ-spouse,Sales,Husband,White,Male,0,0,40,United-States,0
59,Private,146013,Some-college,10,Married-civ-spouse,Sales,Husband,White,Male,4064,0,40,United-States,0
21,Private,305874,Some-college,10,Married-civ-spouse,Craft-repair,Husband,White,Male,0,0,54,United-States,0
53,Private,104258,10th,6,Married-civ-spouse,Craft-repair,Husband,White,Male,0,0,40,United-States,0
55,Private,202652,Bachelors,13,Never-married,Exec-managerial,Not-in-family,White,Female,0,0,35,United-States,0
47,Self-emp-not-inc,107231,Doctorate,16,Married-civ-spouse,Prof-specialty,Husband,White,Male,0,0,35,United-States,1
40,Private,174515,HS-grad,9,Widowed,Machine-op-inspct,Unmarried,White,Female,0,0,40,United-States,0
46,Private,101320,Bachelors,13,Separated,Prof-specialty,Unmarried,White,Female,0,0,42,United-States,1
35,Private,248694,HS-grad,9,Divorced,Craft-repair,Not-in-family,White,Male,0,0,40,United-States,0
44,Private,438696,Bachelors,13,Never-married,Sales,Not-in-family,White,Male,0,0,45,United-States,0
56,Private,41100,Masters,14,Divorced,Exec-managerial,Not-in-family,White,Female,0,0,40,United-States,1
27,Private,278736,5th-6th,3,Married-civ-spouse,Craft-repair,Husband,White,Male,0,0,40,Mexico,0
35,Private,295939,HS-grad,9,Married-civ-spouse,Machine-op-inspct,Husband,White,Male,0,0,40,United-States,0
34,Private,117963,Masters,14,Married-civ-spouse,Prof-specialty,Husband,White,Male,0,0,43,United-States,1
20,Private,71475,Some-college,10,Never-married,Adm-clerical,Own-child,White,Female,0,0,40,United-States,0
30,Private,29662,Assoc-acdm,12,Married-civ-spouse,Other-service,Wife,White,Female,0,0,25,United-States,1
51,Private,113045,Masters,14,Widowed,Exec-managerial,Unmarried,White,Male,15020,0,40,United-States,1
45,Private,247379,Some-college,10,Married-civ-spouse,Exec-managerial,Husband,White,Male,0,0,50,United-States,0
23,Private,256628,7th-8th,4,Married-civ-spouse,Transport-moving,Husband,White,Male,0,0,32,United-States,0
57,State-gov,229270,Bachelors,13,Married-civ-spouse,Exec-managerial,Husband,Other,Male,0,1579,37,United-States,0
49,Private,193047,HS-grad,9,Married-civ-spouse,Craft-repair,Husband,White,Male,0,0,45,United-States,1
32,Private,286675,Some-college,10,Never-married,Exec-managerial,Other-relative,White,Male,0,0,40,United-States,0
45,Private,105381,Some-college,10,Divorced,Machine-op-inspct,Not-in-family,White,Female,0,0,40,United-States,0
40,Private,187164,HS-grad,9,Married-civ-spouse,Exec-managerial,Husband,White,Male,0,1672,45,United-States,0
38,Private,359001,Assoc-voc,11,Married-civ-spouse,Prof-specialty,Husband,White,Male,0,0,42,United-States,0
37,Private,95654,10th,6,Divorced,Exec-managerial,Unmarried,White,Female,0,0,35,United-States,0
38,State-gov,34180,Some-college,10,Married-civ-spouse,Exec-managerial,Husband,White,Male,0,0,40,United-States,0
30,Self-emp-inc,321990,Masters,14,Married-civ-spouse,Exec-managerial,Husband,White,Male,15024,0,60,,1
38,,204668,Assoc-voc,11,Separated,,Unmarried,White,Female,0,0,25,United-States,0
46,Private,42972,Masters,14,Married-civ-spouse,Prof-specialty,Wife,White,Female,0,0,22,United-States,1
17,Private,278414,11th,7,Never-married,Other-service,Own-child,White,Male,0,0,15,United-States,0
31,Private,116508,HS-grad,9,Married-civ-spouse,Machine-op-inspct,Husband,White,Male,0,0,48,United-States,0
47,Private,155489,HS-grad,9,Married-civ-spouse,Transport-moving,Husband,White,Male,7688,0,55,United-States,1
23,Private,209483,Bachelors,13,Never-married,Adm-clerical,Own-child,White,Female,0,0,50,United-States,0
20,Private,227554,Some-college,10,Married-spouse-absent,Sales,Own-child,Black,Female,0,0,18,United-States,0
62,,176753,HS-grad,9,Married-civ-spouse,,Husband,White,Male,0,0,40,United-States,0
35,Private,63921,5th-6th,3,Married-civ-spouse,Handlers-cleaners,Husband,White,Male,0,0,40,Mexico,0
23,State-gov,71996,Bachelors,13,Never-married,Adm-clerical,Own-child,Asian-Pac-Islander,Female,0,0,52,United-States,0
65,Private,118779,HS-grad,9,Married-civ-spouse,Craft-repair,Husband,White,Male,0,0,30,United-States,0
34,Private,178623,Bachelors,13,Married-civ-spouse,Prof-specialty,Wife,Black,Female,0,0,35,United-States,0
37,Private,186191,HS-grad,9,Married-civ-spouse,Other-service,Husband,White,Male,0,0,45,,0
41,Private,122033,Some-college,10,Never-married,Exec-managerial,Unmarried,Black,Female,0,0,99,United-States,0
88,Private,30102,Bachelors,13,Never-married,Exec-managerial,Not-in-family,White,Male,0,1816,50,,0
35,Private,509462,Bachelors,13,Never-married,Exec-managerial,Not-in-family,White,Female,0,0,45,United-States,0
68,Private,168794,Preschool,1,Never-married,Machine-op-inspct,Not-in-family,White,Male,0,0,10,United-States,0
58,Local-gov,36091,Masters,14,Never-married,Exec-managerial,Not-in-family,Amer-Indian-Eskimo,Female,0,0,40,United-States,0
46,Private,110171,Some-college,10,Married-civ-spouse,Craft-repair,Husband,White,Male,7688,0,40,United-States,1
27,Private,37359,Bachelors,13,Never-married,Prof-specialty,Not-in-family,White,Male,0,0,40,,0
45,Private,243743,Bachelors,13,Married-civ-spouse,Exec-managerial,Husband,White,Male,0,0,60,United-States,1
65,Private,88145,1st-4th,2,Married-civ-spouse,Handlers-cleaners,Husband,Other,Male,0,0,40,,0
45,Private,249935,Bachelors,13,Married-civ-spouse,Farming-fishing,Husband,White,Male,0,0,60,United-States,0
61,Private,101265,Some-college,10,Divorced,Adm-clerical,Unmarried,White,Female,0,0,43,United-States,0
22,Self-emp-not-inc,249046,Some-college,10,Never-married,Other-service,Own-child,White,Male,0,0,35,United-States,0
50,Private,172175,Prof-school,15,Married-civ-spouse,Prof-specialty,Husband,White,Male,0,0,50,United-States,1
32,Private,73621,Some-college,10,Divorced,Exec-managerial,Unmarried,White,Female,0,0,42,United-States,0
32,Self-emp-inc,377836,Assoc-voc,11,Married-civ-spouse,Exec-managerial,Husband,White,Male,0,0,40,United-States,0
45,Local-gov,213334,Masters,14,Never-married,Prof-specialty,Not-in-family,White,Female,0,0,45,United-States,0
41,Local-gov,173051,Some-college,10,Divorced,Other-service,Unmarried,White,Female,0,0,45,United-States,0
52,Private,99682,Some-college,10,Married-civ-spouse,Sales,Wife,White,Female,0,0,52,Canada,1
26,,102400,HS-grad,9,Married-civ-spouse,,Own-child,White,Male,0,0,40,United-States,0
18,Private,335065,7th-8th,4,Never-married,Sales,Own-child,White,Male,0,0,30,Mexico,0
55,Local-gov,293104,Some-college,10,Married-civ-spouse,Prof-specialty,Husband,White,Male,0,0,40,United-States,0
62,,302142,HS-grad,9,Married-civ-spouse,,Husband,White,Male,2961,0,30,United-States,0
47,Private,192053,HS-grad,9,Divorced,Transport-moving,Not-in-family,White,Male,0,1590,40,United-States,0
26,Private,208122,Some-college,10,Divorced,Handlers-cleaners,Not-in-family,White,Male,0,0,45,United-States,0
24,Private,51973,Bachelors,13,Never-married,Adm-clerical,Not-in-family,White,Female,0,0,45,United-States,0
30,Local-gov,235271,Bachelors,13,Married-civ-spouse,Prof-specialty,Husband,White,Male,0,0,50,United-States,1
57,Private,223214,HS-grad,9,Married-civ-spouse,Sales,Husband,White,Male,0,0,50,United-States,0
30,Private,446894,HS-grad,9,Married-civ-spouse,Handlers-cleaners,Husband,White,Male,0,0,30,United-States,0
46,Private,31411,11th,7,Married-civ-spouse,Other-service,Wife,White,Female,0,0,40,,0
46,State-gov,165852,Some-college,10,Married-civ-spouse,Exec-managerial,Husband,White,Male,0,0,40,United-States,1
19,Private,106306,Some-college,10,Never-married,Craft-repair,Own-child,White,Female,0,0,20,United-States,0
61,Private,339358,5th-6th,3,Married-civ-spouse,Farming-fishing,Other-relative,White,Female,0,0,45,Mexico,0
25,Private,215384,11th,7,Never-married,Other-service,Not-in-family,White,Male,0,0,40,United-States,0
46,Private,358585,Some-college,10,Divorced,Craft-repair,Unmarried,White,Male,0,0,40,United-States,1
29,Private,148431,Assoc-acdm,12,Married-civ-spouse,Sales,Wife,Other,Female,7688,0,45,United-States,1
22,Private,182163,HS-grad,9,Separated,Sales,Unmarried,White,Female,0,0,40,United-States,0
17,,171461,10th,6,Never-married,,Own-child,White,Female,0,0,20,United-States,0
68,Private,146011,HS-grad,9,Widowed,Craft-repair,Not-in-family,White,Female,3273,0,42,United-States,0
27,Private,204984,Some-college,10,Married-civ-spouse,Adm-clerical,Husband,White,Male,0,1579,40,United-States,0
26,Private,184303,5th-6th,3,Married-spouse-absent,Priv-house-serv,Other-relative,White,Female,0,0,8,El-Salvador,0
45,State-gov,32186,Bachelors,13,Separated,Prof-specialty,Not-in-family,White,Female,0,0,40,United-States,0
42,Private,173704,Masters,14,Married-civ-spouse,Prof-specialty,Husband,White,Male,0,0,40,United-States,0
25,,52151,Some-college,10,Married-civ-spouse,,Husband,White,Male,0,0,2,United-States,0
48,Self-emp-not-inc,196707,Doctorate,16,Married-civ-spouse,Prof-specialty,Husband,White,Male,99999,0,60,United-States,1
19,Private,251579,Some-college,10,Never-married,Other-service,Own-child,White,Male,0,0,14,United-States,0
35,Private,360814,9th,5,Divorced,Craft-repair,Not-in-family,White,Male,0,0,45,United-States,0
40,Private,198873,Prof-school,15,Married-civ-spouse,Prof-specialty,Wife,White,Female,15024,0,30,United-States,1
26,Private,193945,Assoc-acdm,12,Never-married,Tech-support,Not-in-family,White,Male,0,0,45,United-States,0
33,Private,102130,Assoc-voc,11,Divorced,Sales,Not-in-family,White,Male,0,0,50,United-States,0
57,Private,262681,Some-college,10,Widowed,Exec-managerial,Not-in-family,White,Male,0,0,60,United-States,0
47,Private,274883,HS-grad,9,Married-civ-spouse,Transport-moving,Husband,White,Male,0,0,40,United-States,0
32,Private,207400,HS-grad,9,Never-married,Machine-op-inspct,Unmarried,Black,Female,0,0,40,United-States,0
28,Private,183151,11th,7,Married-civ-spouse,Handlers-cleaners,Husband,White,Male,7688,0,40,United-States,1
52,Private,117295,1st-4th,2,Married-civ-spouse,Exec-managerial,Husband,White,Male,0,0,50,United-States,1
78,,109498,9th,5,Widowed,,Unmarried,White,Male,0,0,40,United-States,0
56,Private,90017,7th-8th,4,Married-civ-spouse,Machine-op-inspct,Husband,White,Male,0,0,40,Portugal,0
56,Private,135458,HS-grad,9,Divorced,Tech-support,Not-in-family,Black,Female,0,0,40,United-States,0
42,Private,255847,HS-grad,9,Married-civ-spouse,Machine-op-inspct,Husband,White,Male,4386,0,48,United-States,1
37,Private,403344,HS-grad,9,Married-civ-spouse,Craft-repair,Husband,White,Male,0,0,40,United-States,0
38,,295166,HS-grad,9,Married-civ-spouse,,Husband,Black,Male,0,0,40,United-States,0
45,Federal-gov,76008,Bachelors,13,Married-civ-spouse,Exec-managerial,Husband,White,Male,0,0,50,United-States,1
25,Private,116044,HS-grad,9,Never-married,Tech-support,Not-in-family,White,Male,0,0,40,United-States,0
50,Private,46401,Bachelors,13,Married-spouse-absent,Sales,Not-in-family,White,Female,0,0,20,Germany,0
36,Private,185692,7th-8th,4,Married-civ-spouse,Farming-fishing,Husband,White,Male,0,0,35,United-States,0
