medinc,houseage,averooms,avebedrms,population,aveoccup,latitude,longitude,target
4.3397,24.0,6.508045977011494,1.0988505747126436,1582.0,3.636781609195402,34.06,-117.46,1.956
2.375,12.0,4.606914212548015,1.0601792573623559,2588.0,3.313700384122919,34.09,-117.44,1.138
1.9,15.0,6.742574257425742,1.2623762376237624,378.0,1.8712871287128714,33.63,-117.72,1.625
4.2115,34.0,5.474747474747475,0.9444444444444444,561.0,2.8333333333333335,38.35,-122.0,1.189
3.0938,6.0,4.979679144385027,1.0385026737967915,2320.0,2.481283422459893,35.41,-118.9,1.008
2.9013,19.0,6.090909090909091,1.1076555023923444,1257.0,3.007177033492823,36.65,-119.74,0.895
2.4821,26.0,4.125,1.1182432432432432,620.0,2.0945945945945947,32.76,-117.12,1.236
1.5433,11.0,4.462068965517242,1.0827586206896551,713.0,2.4586206896551723,36.32,-119.65,0.504
2.0549,44.0,3.8976833976833976,1.1872586872586872,1243.0,2.3996138996139,37.35,-121.89,1.938
2.662,13.0,7.1078838174273855,1.4107883817427387,643.0,2.66804979253112,37.57,-119.82,0.924
2.775,24.0,3.1007423117709436,1.0742311770943795,1492.0,1.5821845174973488,34.02,-118.5,2.917
1.5357,35.0,4.810495626822157,1.1370262390670554,1145.0,3.3381924198250728,35.34,-119.02,0.565
4.4387,20.0,5.563876651982379,1.0469897209985315,3637.0,2.670337738619677,37.94,-122.29,1.9
4.4219,34.0,5.850220264317181,1.0748898678414096,795.0,3.502202643171806,34.4,-118.98,3.381
1.6887,44.0,4.465587044534413,1.0728744939271255,760.0,3.076923076923077,33.94,-118.26,0.996
4.15,19.0,6.180451127819549,1.0075187969924813,457.0,3.43609022556391,38.51,-121.3,1.575
6.706,49.0,6.802020202020202,1.0565656565656565,1317.0,2.6606060606060606,34.11,-118.1,3.514
2.6597,38.0,4.336842105263158,0.9789473684210527,304.0,3.2,38.87,-121.69,0.86
2.3319,15.0,5.488745980707395,1.0707395498392283,2097.0,3.3713826366559485,32.68,-115.48,0.912
1.9028,51.0,4.0561224489795915,1.0561224489795917,949.0,2.420918367346939,37.8,-122.23,1.279
6.2917,14.0,7.310262529832936,1.0167064439140812,1570.0,3.747016706443914,34.04,-117.21,2.247
4.2312,16.0,5.771754636233951,1.042796005706134,1684.0,2.4022824536376604,32.82,-117.05,1.97
3.7891,10.0,3.750556792873051,1.1469933184855234,902.0,2.0089086859688194,33.16,-117.35,2.063
2.6812,43.0,5.843023255813954,1.1627906976744187,492.0,2.86046511627907,37.98,-121.27,0.728
3.8,31.0,4.791744840525328,0.9662288930581614,1507.0,2.827392120075047,38.25,-122.64,1.626
3.5789,28.0,5.278438030560272,1.0084889643463497,1559.0,2.646859083191851,32.73,-117.09,1.203
3.9519,15.0,6.907496012759171,1.1148325358851674,2046.0,3.263157894736842,32.64,-116.99,1.935
6.0884,33.0,5.819148936170213,1.0070921985815602,659.0,2.3368794326241136,37.41,-122.11,4.329
2.0817,35.0,4.481481481481482,1.0722222222222222,2010.0,3.7222222222222223,33.9,-118.21,1.046
2.6781,33.0,3.9130434782608696,1.1358695652173914,1416.0,1.923913043478261,34.05,-118.35,3.288
1.6111,15.0,4.252032520325203,1.146341463414634,1123.0,3.043360433604336,33.94,-117.24,1.139
2.9653,28.0,6.5546875,1.2578125,666.0,2.6015625,33.6,-114.65,0.949
3.2135,4.0,5.764026402640264,1.0041254125412542,2801.0,2.311056105610561,34.91,-120.42,2.127
2.6091,21.0,3.7839541547277937,1.1369627507163325,5546.0,3.1782234957020057,33.9,-118.33,1.639
4.0878,36.0,5.051798561151079,0.9553956834532374,2965.0,4.266187050359712,34.25,-119.15,1.868
9.2175,35.0,6.268733850129199,0.9276485788113695,937.0,2.4211886304909562,33.62,-117.91,5.00001
2.6506,14.0,4.813486370157819,0.9971305595408895,1350.0,1.9368723098995695,36.92,-121.74,1.646
3.2898,49.0,4.293216630196937,0.9518599562363238,1329.0,2.9080962800875274,34.17,-118.13,2.0
3.2024,40.0,5.373068432671082,1.0529801324503312,1646.0,3.6335540838852096,33.93,-118.3,1.28
3.1194,33.0,4.195991091314031,1.0623608017817372,1518.0,3.3808463251670378,33.98,-118.35,1.528
2.9773,37.0,4.43125,1.1104166666666666,2021.0,4.210416666666666,33.96,-118.2,1.646
3.9063,52.0,4.569696969696969,1.0606060606060606,447.0,2.709090909090909,37.76,-122.18,0.938
1.9667,44.0,4.866197183098592,1.091549295774648,613.0,4.316901408450704,34.04,-118.17,1.339
1.6632,27.0,4.864457831325301,1.069277108433735,1380.0,4.156626506024097,35.35,-118.99,0.498
3.2216,48.0,4.853403141361256,0.9424083769633508,1126.0,2.9476439790575917,34.19,-118.15,1.616
2.625,23.0,4.728888888888889,0.9822222222222222,1047.0,2.3266666666666667,36.8,-119.72,0.715
3.5073,42.0,4.251351351351351,1.0405405405405406,1859.0,2.5121621621621624,33.85,-118.32,2.348
5.5983,24.0,7.266816143497758,1.0336322869955157,1567.0,3.513452914798206,34.27,-118.75,2.333
2.4414,21.0,4.795148247978437,1.0754716981132075,1446.0,3.8975741239892185,36.86,-120.51,0.719
4.32,29.0,4.788643533123029,0.9842271293375394,1086.0,3.4258675078864353,33.76,-117.98,1.969
5.0758,35.0,6.378,1.054,1727.0,3.454,34.05,-117.91,2.111
4.3333,31.0,4.8384279475982535,1.039301310043668,1151.0,5.026200873362446,34.01,-118.09,1.495
6.8075,18.0,7.454436450839329,1.0287769784172662,2703.0,3.241007194244604,34.17,-118.75,3.259
3.6895,14.0,5.316441441441442,1.125,2648.0,2.981981981981982,37.12,-121.65,2.393
3.9063,32.0,5.404109589041096,0.9726027397260274,836.0,2.863013698630137,37.64,-122.09,1.842
1.6429,46.0,3.8341625207296848,1.0364842454394694,1552.0,2.57379767827529,34.03,-118.33,1.25
1.8971,41.0,5.261333333333333,1.064,1107.0,2.952,36.76,-119.82,0.669
7.736,21.0,7.0,1.0469208211143695,913.0,2.6774193548387095,37.11,-121.95,3.977
3.6037,5.0,3.5841836734693877,1.3137755102040816,725.0,1.8494897959183674,37.78,-122.39,1.875
1.7344,35.0,4.4491525423728815,1.0677966101694916,918.0,3.889830508474576,33.93,-118.35,1.469
2.5833,26.0,5.05511811023622,0.9409448818897638,820.0,3.2283464566929134,36.9,-119.98,0.623
2.5096,33.0,4.559322033898305,0.940677966101695,656.0,2.7796610169491527,40.78,-124.18,0.722
15.0001,52.0,9.20496894409938,1.062111801242236,531.0,3.298136645962733,34.07,-118.33,5.00001
3.5455,34.0,5.637614678899083,0.9862385321100917,1035.0,4.747706422018348,33.84,-117.95,1.8
0.9722,10.0,2.6923076923076925,1.0769230769230769,125.0,3.2051282051282053,37.8,-122.27,1.375
1.7079,10.0,4.748449345279118,1.1729841488628532,3141.0,2.1647139903514816,33.76,-116.95,0.959
3.5987,19.0,6.167259786476868,1.0782918149466192,911.0,3.2419928825622777,36.57,-119.59,1.317
1.8426,40.0,4.926900584795321,1.0029239766081872,949.0,2.7748538011695905,37.76,-122.17,0.948
2.5143,52.0,4.971938775510204,1.1020408163265305,767.0,1.9566326530612246,34.05,-117.19,1.176
7.7234,10.0,8.016901408450705,1.019718309859155,1221.0,3.4394366197183097,34.13,-117.67,3.041
2.3558,18.0,11.209523809523809,2.1333333333333333,181.0,1.723809523809524,38.99,-122.7,1.347
3.7198,13.0,5.692156862745098,1.0,1844.0,3.615686274509804,34.13,-117.38,1.129
2.8125,42.0,4.402985074626866,0.9589552238805971,877.0,3.2723880597014925,37.77,-122.18,0.973
7.4947,4.0,7.311042590094431,1.054345731354789,16122.0,3.1069570244748506,33.89,-117.74,3.663
4.2396,48.0,5.62962962962963,1.0522875816993464,1118.0,2.4357298474945535,34.17,-118.33,2.451
3.375,42.0,5.095541401273885,1.0907643312101911,1668.0,2.656050955414013,34.14,-118.07,2.604
3.1739,52.0,3.985276073619632,1.0466257668711656,1819.0,2.2319018404907975,33.78,-118.16,2.229
3.3431,20.0,6.383720930232558,1.172093023255814,1421.0,3.3046511627906976,39.32,-123.11,1.375
4.6053,6.0,6.132550335570469,1.0033557046979866,1993.0,3.3439597315436242,37.66,-121.06,1.501
3.3687,45.0,5.594174757281554,0.9980582524271845,1470.0,2.854368932038835,34.0,-117.38,1.238
2.189,40.0,5.217582417582418,1.098901098901099,1772.0,3.8945054945054944,34.07,-117.19,0.725
3.2388,20.0,4.137791286727457,1.0759878419452888,1637.0,1.6585612968591692,34.16,-118.39,2.563
4.45,15.0,5.047218628719276,1.036869340232859,2957.0,1.9126778783958602,37.93,-122.05,1.849
2.92,37.0,4.091139240506329,1.0658227848101265,650.0,1.6455696202531647,32.81,-117.26,3.265
2.6417,13.0,5.8215297450424925,1.1997167138810199,1796.0,2.543909348441926,38.2,-120.57,1.223
5.9714,35.0,6.23015873015873,1.0158730158730158,1248.0,3.3015873015873014,37.31,-122.02,3.325
3.1406,43.0,4.715883668903803,1.0201342281879195,1299.0,2.9060402684563758,37.76,-122.5,3.162
5.049,52.0,6.382470119521912,1.0557768924302788,667.0,2.6573705179282867,34.18,-118.29,3.235
4.8051,21.0,5.857142857142857,1.0533910533910533,1874.0,2.704184704184704,39.0,-121.04,1.743
4.5395,21.0,5.866253321523472,1.0664304694419842,3193.0,2.828166519043401,33.84,-118.04,2.56
2.8603,52.0,5.169082125603865,1.0821256038647342,567.0,2.739130434782609,37.73,-122.39,1.89
3.0,18.0,4.456140350877193,0.9122807017543859,393.0,3.4473684210526314,36.96,-120.16,1.563
4.3,34.0,5.990066225165563,1.0496688741721854,863.0,2.857615894039735,37.33,-121.94,3.305
4.6364,11.0,3.9457013574660635,0.918552036199095,422.0,1.909502262443439,33.82,-118.19,1.563
1.645,10.0,4.561752988047809,1.1673306772908367,726.0,2.8924302788844622,34.13,-117.23,0.687
3.4083,36.0,5.43298969072165,0.9896907216494846,832.0,2.859106529209622,38.53,-121.42,0.718
2.7284,26.0,6.004901960784314,0.9754901960784313,717.0,3.514705882352941,33.98,-117.6,2.25
3.6875,11.0,5.486486486486487,1.0994208494208495,3095.0,2.9874517374517375,34.08,-117.38,1.126
2.8125,39.0,6.766871165644171,1.0736196319018405,446.0,2.736196319018405,37.26,-121.93,2.913
3.7206,39.0,3.691891891891892,1.0135135135135136,1237.0,3.343243243243243,34.03,-118.39,2.309
3.4028,32.0,3.075892857142857,1.0982142857142858,1202.0,2.6830357142857144,33.84,-117.95,1.837
2.275,21.0,5.4574898785425106,1.1700404858299596,1208.0,2.445344129554656,41.95,-124.14,1.224
3.0,43.0,5.916334661354582,1.0756972111553784,653.0,2.601593625498008,38.44,-121.56,1.417
2.3229,16.0,5.205357142857143,1.0446428571428572,2372.0,3.5297619047619047,33.85,-117.28,1.18
2.3713,18.0,3.526605504587156,1.0293577981651376,1096.0,2.0110091743119267,37.35,-121.94,2.44
2.1354,29.0,5.096085409252669,1.0676156583629892,1314.0,2.3380782918149468,40.57,-124.14,0.751
2.83,22.0,6.1923076923076925,1.158371040723982,1168.0,2.6425339366515836,41.12,-121.47,0.887
3.1964,36.0,4.151724137931034,1.0344827586206897,645.0,4.448275862068965,33.92,-118.21,1.154
2.2969,17.0,4.930163447251115,1.1277860326894502,2016.0,2.9955423476968797,33.79,-117.23,0.893
2.6078,23.0,5.760299625468165,1.142322097378277,730.0,2.7340823970037453,38.42,-120.65,1.167
1.7574,43.0,4.410958904109589,1.1287671232876713,1409.0,3.8602739726027395,37.94,-121.26,0.517
3.0742,24.0,5.049468085106383,1.0292553191489362,5162.0,2.7457446808510637,38.06,-122.51,1.188
5.0508,32.0,7.575688073394495,1.1009174311926606,1185.0,2.717889908256881,38.59,-121.36,2.257
6.2742,20.0,7.055813953488372,1.0488372093023255,1669.0,3.8813953488372093,37.32,-121.79,2.413
3.6898,15.0,5.98292220113852,1.191650853889943,1633.0,3.098671726755218,32.86,-116.91,1.31
2.8542,52.0,5.457831325301205,0.9939759036144579,257.0,1.5481927710843373,38.56,-121.44,1.394
5.0653,35.0,5.602836879432624,0.9432624113475178,926.0,3.2836879432624113,33.93,-118.31,1.58
2.5804,16.0,3.7257861635220126,1.129559748427673,1555.0,1.9559748427672956,37.31,-121.91,2.163
2.8565,12.0,4.863881401617251,0.9595687331536388,2650.0,3.5714285714285716,37.73,-120.95,0.927
10.7339,35.0,8.570048309178745,0.9903381642512077,588.0,2.8405797101449277,37.57,-122.36,5.00001
2.2188,52.0,3.6040100250626566,1.1829573934837092,1018.0,2.5513784461152884,33.74,-118.29,3.067
2.1702,27.0,5.008196721311475,1.1098360655737705,1407.0,2.3065573770491805,35.12,-120.59,1.797
3.6681,34.0,5.326760563380281,0.9098591549295775,966.0,2.72112676056338,36.79,-119.71,0.82
12.3804,52.0,9.122715404699738,1.0339425587467364,1192.0,3.112271540469974,37.82,-122.23,5.00001
6.0198,16.0,7.344262295081967,0.9836065573770492,1221.0,4.00327868852459,37.23,-121.79,2.896
2.9321,14.0,4.778058007566204,1.021437578814628,2551.0,3.2168978562421184,34.02,-118.08,1.442
2.6302,33.0,6.071428571428571,1.1071428571428572,717.0,3.6581632653061225,35.27,-118.83,0.813
4.5766,18.0,6.088541666666667,0.96875,614.0,3.1979166666666665,38.56,-121.32,1.087
5.0782,28.0,5.747983870967742,1.0,1287.0,2.594758064516129,33.94,-117.95,2.641
4.5112,16.0,4.414285714285715,1.0114285714285713,730.0,2.085714285714286,33.84,-117.87,1.39
2.0714,18.0,5.813253012048193,1.144578313253012,1643.0,2.4743975903614457,36.31,-119.31,0.926
4.5062,20.0,4.336134453781512,0.9621848739495799,658.0,2.764705882352941,37.39,-121.96,2.193
5.9582,21.0,6.176938369781312,0.9602385685884692,1688.0,3.355864811133201,33.72,-117.95,2.88
2.8062,27.0,5.06544502617801,1.2041884816753927,1456.0,3.81151832460733,34.09,-118.15,1.928
2.6833,8.0,5.439024390243903,1.1280487804878048,427.0,2.6036585365853657,38.57,-120.72,1.188
5.8635,24.0,7.226315789473684,1.1394736842105264,1076.0,2.831578947368421,34.45,-119.79,3.487
7.2648,14.0,7.298913043478261,0.9510869565217391,650.0,3.532608695652174,33.51,-117.64,3.632
1.5132,28.0,2.567219152854512,1.0718232044198894,716.0,1.3186003683241252,34.02,-118.49,4.5
1.9233,41.0,3.4140127388535033,1.0541401273885351,1111.0,3.538216560509554,34.07,-118.28,2.071
1.9848,38.0,3.8285714285714287,1.1333333333333333,1535.0,2.9238095238095236,33.8,-118.19,1.604
1.9125,44.0,4.969230769230769,1.2197802197802199,1348.0,2.9626373626373628,33.98,-118.29,0.972
3.9699,14.0,5.375397667020149,1.0335807705903146,6301.0,2.2272887946270767,34.23,-118.96,2.17
3.1908,15.0,5.665768194070081,0.9649595687331537,957.0,2.579514824797844,40.26,-122.2,1.379
6.1324,20.0,8.220930232558139,1.3255813953488371,282.0,3.2790697674418605,37.54,-120.82,1.648
2.3365,34.0,4.46606334841629,1.1221719457013575,902.0,4.081447963800905,33.95,-118.27,0.98
3.5714,38.0,4.491176470588235,0.9764705882352941,1303.0,3.8323529411764707,34.28,-118.45,1.52
3.1765,52.0,4.119791666666667,1.0434027777777777,1135.0,1.9704861111111112,34.08,-118.36,2.25
5.979,19.0,6.860557768924303,1.0225763612217795,2374.0,3.152722443559097,33.91,-118.0,2.852
4.8214,21.0,6.690355329949239,1.0253807106598984,618.0,3.1370558375634516,37.32,-120.45,1.178
2.87,33.0,4.938095238095238,1.1333333333333333,911.0,2.169047619047619,33.94,-117.41,1.176
4.1375,43.0,5.070610687022901,1.0458015267175573,1145.0,2.185114503816794,33.99,-118.36,2.871
5.1145,34.0,5.1469194312796205,0.9636650868878357,1810.0,2.859399684044234,34.28,-118.31,2.199
3.6902,41.0,5.221311475409836,1.040983606557377,1290.0,2.6434426229508197,36.99,-122.01,2.33
5.3773,27.0,5.836330935251799,1.0881294964028776,1572.0,2.827338129496403,33.84,-118.37,3.79
1.7188,26.0,4.93646408839779,1.0055248618784531,1548.0,4.276243093922652,36.98,-120.65,0.495
3.7147,32.0,3.430913348946136,0.9754098360655737,5116.0,5.990632318501171,33.73,-117.9,1.641
1.1645,44.0,5.151943462897527,1.1519434628975265,1159.0,4.095406360424028,33.99,-118.3,0.982
6.5587,27.0,6.227642276422764,0.9214092140921409,1071.0,2.902439024390244,34.12,-117.65,2.39
1.6,39.0,3.747967479674797,1.048780487804878,381.0,3.097560975609756,37.79,-122.25,1.125
2.5517,52.0,5.845117845117845,1.2053872053872055,638.0,2.1481481481481484,38.05,-122.23,1.471
1.4375,48.0,5.017191977077364,1.1174785100286533,935.0,2.679083094555874,37.75,-122.17,0.9
3.7232,33.0,4.353474320241692,1.0181268882175227,1233.0,3.7250755287009065,33.76,-117.94,1.762
1.6125,52.0,3.135135135135135,1.364864864864865,286.0,1.9324324324324325,37.78,-122.4,1.125
8.7382,34.0,6.4421487603305785,1.0041322314049588,600.0,2.479338842975207,37.36,-122.22,5.00001
2.5313,36.0,6.261904761904762,1.7380952380952381,88.0,2.0952380952380953,38.15,-121.99,1.625
5.0353,12.0,4.6575539568345325,1.0553956834532374,2516.0,1.8100719424460432,37.56,-122.29,3.058
3.4821,34.0,4.757188498402556,1.0415335463258786,1389.0,4.437699680511182,34.29,-118.42,1.603
2.1889,29.0,4.548654244306419,1.0766045548654244,1374.0,2.8447204968944098,38.63,-121.47,0.693
3.3214,42.0,4.454828660436137,1.0529595015576323,1269.0,3.953271028037383,33.96,-118.04,1.488
4.4561,28.0,5.464367816091954,1.07816091954023,1068.0,2.4551724137931035,37.92,-122.08,2.5
1.6172,9.0,3.6578947368421053,0.9894736842105263,810.0,4.2631578947368425,37.29,-120.32,0.563
3.0043,6.0,5.724757952973721,1.0919778699861686,3062.0,2.1175656984785616,33.71,-117.02,1.347
2.0272,18.0,4.546985815602837,1.0381205673758864,3622.0,3.2109929078014185,37.68,-121.04,0.927
3.8194,25.0,6.180769230769231,1.0769230769230769,899.0,3.457692307692308,32.58,-117.07,1.344
2.4375,36.0,2.814814814814815,0.9601139601139601,1508.0,4.296296296296297,33.99,-118.18,1.548
4.5987,29.0,4.930894308943089,0.926829268292683,654.0,2.658536585365854,32.79,-117.2,2.556
6.6453,25.0,6.618249534450651,0.9832402234636871,1600.0,2.97951582867784,33.78,-118.03,2.701
3.125,16.0,5.380070546737214,1.0582010582010581,3407.0,3.004409171075838,36.8,-119.83,0.808
2.125,47.0,4.528052805280528,1.3036303630363035,1237.0,4.082508250825082,37.79,-122.24,0.955
4.1411,43.0,5.266798418972332,1.098814229249012,1015.0,2.005928853754941,34.06,-118.41,5.00001
2.375,26.0,6.48,1.08,86.0,3.44,37.65,-122.12,1.375
5.308,33.0,5.712250712250713,1.1168091168091168,1043.0,2.9715099715099713,34.44,-119.15,2.979
3.5179,36.0,6.013888888888889,0.9537037037037037,763.0,3.5324074074074074,34.05,-117.97,1.614
3.8304,35.0,5.647163120567376,0.9645390070921985,1858.0,3.2943262411347516,34.1,-117.89,1.759
3.725,35.0,4.114285714285714,1.0523809523809524,1161.0,2.7642857142857142,34.02,-118.41,3.1
2.3654,14.0,4.931623931623932,1.150997150997151,1269.0,3.6153846153846154,33.89,-117.58,1.079
4.7708,48.0,5.427777777777778,1.0777777777777777,446.0,2.477777777777778,37.77,-122.16,1.563
3.2596,36.0,5.288732394366197,1.0187793427230047,1018.0,2.3896713615023475,38.59,-121.38,0.987
4.6806,23.0,5.674418604651163,1.0518783542039356,1467.0,2.62432915921288,34.44,-119.81,2.889
1.7067,49.0,4.304878048780488,1.0152439024390243,901.0,2.7469512195121952,33.98,-118.32,1.186
5.8721,16.0,6.410187667560321,0.9892761394101877,1419.0,3.804289544235925,37.4,-121.86,2.678
3.625,45.0,4.917808219178082,1.2808219178082192,662.0,2.267123287671233,33.96,-118.39,3.294
2.6884,24.0,3.6370967741935485,1.0451612903225806,3985.0,3.213709677419355,34.08,-118.1,2.046
3.925,52.0,4.635944700460829,1.055299539170507,1314.0,3.0276497695852536,34.13,-118.19,1.804
1.4911,18.0,6.215859030837004,1.4537444933920705,494.0,2.1762114537444934,40.75,-122.31,0.758
3.1205,30.0,4.132530120481928,0.9718875502008032,753.0,3.0240963855421685,36.97,-122.0,2.405
0.4999,15.0,11.596491228070175,2.56140350877193,131.0,2.2982456140350878,40.43,-123.32,0.567
4.4239,16.0,4.896551724137931,1.1551724137931034,689.0,1.9798850574712643,37.9,-122.52,2.671
3.141,27.0,4.45,1.445,416.0,2.08,33.87,-117.96,1.675
2.6133,49.0,5.163755458515284,1.1004366812227073,1131.0,2.46943231441048,38.11,-122.25,1.031
4.4628,26.0,6.059561128526646,0.9905956112852664,1001.0,3.1379310344827585,34.65,-120.48,1.344
3.7422,16.0,5.042124542124542,1.054945054945055,857.0,1.5695970695970696,33.61,-117.74,2.298
2.2925,7.0,6.12907045589106,1.1882770870337478,3559.0,2.107164002368265,33.77,-116.99,1.131
2.8365,32.0,5.371900826446281,1.0606060606060606,1145.0,3.1542699724517904,38.76,-121.77,0.879
2.8106,26.0,4.1106719367588935,1.1067193675889329,2096.0,4.142292490118577,33.82,-118.3,1.844
1.91,46.0,5.0,1.0041322314049588,523.0,2.1611570247933884,39.36,-121.7,0.639
3.75,19.0,4.4731457800511505,1.0383631713554988,969.0,2.4782608695652173,33.84,-117.95,1.734
2.2083,47.0,5.167785234899329,1.0827740492170022,1126.0,2.519015659955257,37.5,-120.84,0.973
5.1064,16.0,4.142141863699583,1.1082058414464535,6270.0,1.7440890125173854,33.96,-118.43,2.832
2.7694,17.0,3.8629715165511933,1.1077752117013087,3069.0,2.3625866050808315,37.65,-122.08,1.619
4.0721,52.0,6.298076923076923,1.2644230769230769,689.0,3.3125,34.1,-118.26,3.5
2.2569,20.0,5.604,1.12,668.0,2.672,39.74,-122.13,0.943
7.9029,37.0,6.247572815533981,0.9563106796116505,510.0,2.4757281553398056,37.45,-122.13,5.00001
3.5781,44.0,5.262962962962963,1.1037037037037036,609.0,2.2555555555555555,37.71,-122.13,1.8
3.0081,5.0,4.699029126213592,1.1359223300970873,1302.0,2.1067961165048543,34.66,-120.46,1.352
4.4861,47.0,4.678466076696165,0.9498525073746312,1077.0,3.1769911504424777,33.96,-118.31,1.404
3.4233,29.0,4.263888888888889,1.077020202020202,1674.0,2.1136363636363638,37.34,-121.94,2.293
3.9091,38.0,5.9021739130434785,1.1875,830.0,2.255434782608696,34.02,-118.43,5.00001
3.5781,49.0,4.419437340153452,0.8951406649616368,1146.0,2.9309462915601023,37.35,-121.88,1.93
2.3464,30.0,4.141618497109826,1.1473988439306357,1110.0,3.208092485549133,34.08,-118.14,1.917
4.6611,16.0,5.840449438202247,0.9662921348314607,1417.0,3.1842696629213485,36.95,-121.82,3.493
2.6316,34.0,5.4120603015075375,1.2914572864321607,478.0,2.4020100502512562,34.14,-118.02,2.528
1.5076,24.0,3.192563081009296,1.0876494023904382,1566.0,2.0796812749003983,33.77,-118.2,1.458
1.9741,26.0,4.4135135135135135,1.027027027027027,890.0,2.4054054054054053,41.04,-124.1,0.979
2.7321,18.0,5.20258064516129,1.0296774193548388,1948.0,2.5135483870967743,40.9,-124.1,0.926
2.4545,23.0,5.404255319148936,0.9929078014184397,358.0,2.5390070921985815,38.19,-121.09,1.05
4.0417,23.0,10.639455782312925,2.0272108843537415,339.0,2.306122448979592,38.94,-119.98,0.993
2.6994,16.0,4.303411131059246,0.8994614003590664,1053.0,1.8904847396768403,38.01,-121.25,1.125
6.1509,20.0,6.492307692307692,1.0307692307692307,1008.0,3.1015384615384614,33.06,-117.29,3.387
1.7159,43.0,4.121580547112462,1.012158054711246,796.0,2.419452887537994,34.02,-118.36,1.897
3.1731,47.0,3.958904109589041,1.0342465753424657,1272.0,2.904109589041096,34.03,-118.32,1.215
4.8152,21.0,6.349072512647555,1.0320404721753795,1722.0,2.903878583473862,33.19,-117.21,2.185
4.2296,35.0,4.598790322580645,1.0201612903225807,1005.0,2.026209677419355,32.8,-117.25,2.75
1.6685,28.0,3.7382075471698113,0.9716981132075472,1362.0,3.2122641509433962,38.43,-122.7,1.141
6.7257,37.0,6.912650602409639,1.0,933.0,2.8102409638554215,37.45,-122.13,5.00001
5.1002,30.0,5.50199203187251,1.1812749003984064,1581.0,3.149402390438247,37.24,-122.27,3.194
2.1549,22.0,5.0224586288416075,1.0898345153664302,2405.0,2.842789598108747,33.81,-117.26,1.465
5.7248,39.0,7.679775280898877,1.1713483146067416,1782.0,2.502808988764045,36.55,-121.91,3.988
2.6563,26.0,4.29489291598023,1.1235584843492588,1401.0,2.3080724876441514,37.68,-122.08,1.841
1.9832,26.0,4.92814371257485,1.06187624750499,1068.0,2.1317365269461077,34.16,-117.28,1.221
3.3871,3.0,5.4960686204431735,1.104360257326662,3804.0,2.719085060757684,34.49,-117.29,1.118
6.0358,32.0,5.475352112676056,1.0105633802816902,779.0,2.742957746478873,37.25,-121.93,2.601
4.0,4.0,5.268041237113402,1.0738831615120275,1164.0,2.0,33.16,-117.23,2.281
1.24,24.0,2.967984934086629,1.0922787193973635,1630.0,3.0696798493408664,34.41,-119.86,3.25
4.1379,22.0,4.683168316831683,1.0940594059405941,1015.0,2.512376237623762,33.8,-118.06,2.125
3.0694,44.0,5.385852090032154,1.0192926045016077,806.0,2.5916398713826365,37.95,-122.34,1.353
4.0833,41.0,6.598591549295775,1.1126760563380282,396.0,2.788732394366197,36.06,-119.0,0.813
1.7756,19.0,5.009708737864078,1.0323624595469256,1227.0,3.970873786407767,37.28,-120.47,0.733
6.6312,31.0,6.791332263242376,0.9903691813804173,1694.0,2.7191011235955056,33.79,-118.09,3.601
3.3785,44.0,4.395833333333333,1.109375,1605.0,4.1796875,34.09,-118.18,1.849
6.005,30.0,6.657794676806084,1.0228136882129277,731.0,2.779467680608365,37.7,-122.09,2.639
8.1124,52.0,6.6231884057971016,1.0193236714975846,1153.0,2.785024154589372,34.11,-118.14,5.00001
5.249,52.0,5.904255319148936,0.9929078014184397,656.0,2.326241134751773,33.73,-118.31,3.519
11.5199,3.0,7.682926829268292,0.9349593495934959,337.0,2.7398373983739837,33.69,-118.01,5.00001
3.0293,28.0,3.9799764428739692,1.0812720848056536,1849.0,2.177856301531213,32.8,-117.23,2.417
2.4929,15.0,4.171428571428572,1.0461538461538462,1766.0,3.8813186813186813,33.87,-117.87,1.585
2.8097,11.0,5.621559633027523,1.1330275229357798,3571.0,2.7301223241590216,34.86,-118.34,1.3
1.9946,31.0,4.265993265993266,1.0740740740740742,545.0,1.835016835016835,38.32,-122.27,2.068
6.2503,2.0,8.408163265306122,1.1884353741496598,4438.0,3.019047619047619,38.66,-121.13,2.225
1.9423,22.0,2.6218487394957983,0.8991596638655462,583.0,4.899159663865547,33.9,-118.22,0.984
6.822,41.0,4.982352941176471,1.0176470588235293,344.0,2.023529411764706,33.87,-118.43,5.00001
1.8444,20.0,5.059850374064838,1.0648379052369077,983.0,2.451371571072319,36.97,-120.05,0.471
2.9489,39.0,5.4125874125874125,1.1293706293706294,815.0,2.8496503496503496,38.99,-122.0,0.675
2.8448,31.0,4.356807511737089,0.9976525821596244,795.0,1.8661971830985915,34.15,-118.43,3.606
1.8242,18.0,5.945859872611465,1.3503184713375795,802.0,2.554140127388535,41.95,-122.64,0.535
5.1155,34.0,5.43213728549142,0.9578783151326054,2227.0,3.4742589703588145,33.81,-118.02,2.009
4.38,40.0,5.8164794007490634,0.947565543071161,724.0,2.7116104868913857,37.68,-122.12,1.964
4.1316,52.0,5.174647887323943,0.9661971830985916,711.0,2.0028169014084507,34.44,-119.71,4.43
3.0114,16.0,7.8474576271186445,1.6016949152542372,238.0,2.016949152542373,33.68,-116.25,3.667
8.9021,18.0,7.283783783783784,1.0405405405405406,555.0,2.5,37.37,-122.12,5.00001
0.9274,38.0,4.3428571428571425,0.8571428571428571,65.0,1.8571428571428572,38.53,-121.4,0.675
6.358,26.0,6.835416666666666,1.10625,1145.0,2.3854166666666665,37.58,-122.4,5.00001
3.5179,12.0,5.021396396396397,1.045045045045045,2471.0,2.7826576576576576,33.04,-117.28,2.527
1.7609,24.0,6.233463035019455,1.6575875486381324,751.0,2.922178988326848,39.24,-120.02,0.993
2.6864,30.0,7.15445321307779,1.5896279594137541,1769.0,1.9943630214205186,35.44,-120.95,2.836
4.0298,44.0,6.0476190476190474,0.9166666666666666,791.0,2.3541666666666665,36.32,-119.31,1.09
2.1964,30.0,2.3439153439153437,0.8994708994708994,903.0,4.777777777777778,33.93,-118.22,1.25
2.8676,30.0,6.205882352941177,1.2411764705882353,629.0,3.7,37.95,-121.22,0.769
3.4706,20.0,5.274253731343284,1.0335820895522387,1822.0,3.3992537313432836,32.8,-117.17,1.576
2.2059,35.0,2.7484909456740443,0.9979879275653923,2160.0,4.346076458752515,33.98,-118.23,1.5
6.6361,17.0,7.557562076749436,1.0857787810383748,1222.0,2.7584650112866815,32.82,-116.75,3.086
1.0486,31.0,5.974522292993631,1.515923566878981,425.0,2.7070063694267517,41.32,-123.85,0.367
1.8385,14.0,5.237924865831842,1.073345259391771,1633.0,2.92128801431127,36.33,-119.63,0.675
2.4695,26.0,4.801687763713081,0.9704641350210971,1455.0,3.069620253164557,39.08,-121.54,0.58
2.6316,46.0,6.229508196721311,1.3442622950819672,807.0,2.2049180327868854,38.5,-122.94,1.17
3.0461,16.0,5.336734693877551,1.2474489795918366,877.0,2.2372448979591835,33.6,-117.7,2.169
6.244,31.0,6.828947368421052,0.9429824561403509,1121.0,2.4583333333333335,38.62,-121.31,2.4
3.1319,2.0,5.473090277777778,1.0980902777777777,2489.0,2.1605902777777777,33.7,-117.15,1.115
2.5792,16.0,4.9147058823529415,1.0411764705882354,935.0,2.75,35.12,-120.61,1.638
2.474,17.0,5.729681978798586,1.0936395759717314,1408.0,2.487632508833922,37.97,-120.3,1.201
3.6953,13.0,4.388402625820569,1.0240700218818382,2064.0,2.2582056892778994,38.33,-122.71,1.576
2.0547,34.0,3.1375212224108657,1.132427843803056,1351.0,2.293718166383701,34.06,-118.31,4.1
3.1851,31.0,4.357605177993528,1.0695792880258899,1598.0,2.585760517799353,33.83,-118.3,2.402
5.102,15.0,6.534988713318285,1.1241534988713318,1164.0,2.6275395033860045,32.85,-117.19,4.175
2.7188,26.0,6.828,1.232,761.0,3.044,41.07,-121.11,0.481
1.6896,21.0,3.527363184079602,1.0912106135986732,1812.0,3.0049751243781095,32.75,-117.11,1.0
1.8616,37.0,5.042801556420233,1.1517509727626458,569.0,2.2140077821011674,39.75,-121.63,0.705
4.7,43.0,4.9748603351955305,0.9553072625698324,663.0,1.8519553072625698,34.44,-119.72,2.938
2.3879,14.0,3.980477223427332,1.0151843817787418,1867.0,4.049891540130152,36.5,-121.43,1.298
7.2905,23.0,6.401663695781343,1.0314913844325608,3895.0,2.3143196672608437,37.89,-122.47,5.00001
2.5284,11.0,3.478527607361963,1.1288343558282208,620.0,3.803680981595092,33.12,-117.09,1.225
5.2452,4.0,5.945010183299389,1.0244399185336048,1592.0,3.2423625254582484,37.46,-121.14,1.619
2.3886,14.0,4.805714285714286,1.0380952380952382,1297.0,2.4704761904761905,32.76,-117.07,1.381
2.5625,52.0,4.947368421052632,1.063157894736842,578.0,2.0280701754385966,36.62,-121.92,2.354
3.2315,35.0,6.698757763975156,1.5124223602484472,768.0,2.3850931677018634,38.54,-123.02,1.369
3.069,20.0,5.2378318584070795,1.0763274336283186,2306.0,2.5508849557522124,33.73,-116.96,0.87
8.1001,27.0,7.301455301455301,0.9812889812889813,1391.0,2.891891891891892,33.67,-117.93,3.365
2.7826,21.0,4.232018561484919,1.037122969837587,962.0,2.2320185614849186,32.77,-117.04,1.438
8.1564,52.0,7.7026315789473685,1.0578947368421052,1021.0,2.6868421052631577,37.81,-122.22,3.901
2.5754,23.0,5.30064308681672,1.1704180064308682,1793.0,2.882636655948553,33.2,-117.35,1.697
1.9667,2.0,5.715976331360947,1.5976331360946745,233.0,1.378698224852071,34.42,-118.56,4.5
5.5,45.0,6.482558139534884,1.058139534883721,949.0,2.758720930232558,33.97,-118.34,1.882
5.3558,14.0,6.4555403556771545,1.0041039671682626,1880.0,2.5718194254445965,34.17,-118.9,3.138
2.1944,33.0,4.567415730337078,1.0617977528089888,1062.0,2.9831460674157304,33.93,-117.93,1.396
2.7222,25.0,5.528301886792453,1.2547169811320755,1117.0,2.634433962264151,41.86,-123.26,0.646
2.4811,17.0,5.202401372212693,1.012006861063465,1319.0,2.262435677530017,39.21,-121.08,1.118
2.24,30.0,3.9302325581395348,1.0588235294117647,1593.0,2.179206566347469,32.64,-117.07,1.295
2.3542,43.0,4.921428571428572,1.0,708.0,2.5285714285714285,38.53,-121.48,1.039
3.0324,28.0,5.066246056782334,1.0094637223974763,1158.0,3.6529968454258674,36.22,-119.08,0.556
6.5745,35.0,5.698717948717949,1.0576923076923077,732.0,2.3461538461538463,33.89,-118.38,3.793
2.8971,50.0,5.507462686567164,1.0417910447761194,1109.0,3.31044776119403,34.03,-118.32,1.278
4.1576,26.0,5.175925925925926,1.0169753086419753,2020.0,3.117283950617284,34.21,-118.86,2.118
4.375,28.0,6.656742556917688,1.0893169877408055,1654.0,2.8966725043782837,37.99,-122.28,1.933
6.1655,52.0,7.072727272727272,1.0654545454545454,708.0,2.5745454545454547,37.44,-122.15,5.00001
2.8569,52.0,4.703315881326352,1.1465968586387434,1243.0,2.169284467713787,37.78,-122.44,3.722
6.6478,21.0,7.030921052631579,1.013157894736842,4552.0,2.9947368421052634,37.55,-121.95,3.334
2.2545,18.0,3.3413685847589423,1.104199066874028,4332.0,3.368584758942457,34.07,-118.25,1.925
4.5122,36.0,6.379679144385027,1.0588235294117647,1176.0,3.144385026737968,33.93,-117.43,1.133
2.3816,16.0,6.055954088952654,1.12051649928264,1516.0,2.1750358680057387,38.15,-120.46,1.16
10.4519,43.0,6.899328859060403,0.9731543624161074,394.0,2.6442953020134228,34.05,-118.4,5.00001
6.077,34.0,5.718840579710145,1.063768115942029,843.0,2.4434782608695653,33.88,-118.39,4.727
1.9655,40.0,4.478468899521531,1.1084529505582137,2357.0,3.759170653907496,33.95,-118.29,1.023
3.996,25.0,5.643598615916955,1.0173010380622838,1834.0,3.1730103806228374,37.68,-121.02,1.145
3.0903,10.0,5.988235294117647,1.035294117647059,1932.0,3.788235294117647,38.72,-121.42,0.919
6.2946,34.0,6.330112721417069,1.001610305958132,1717.0,2.7648953301127213,37.59,-122.41,4.5
1.7019,26.0,4.326315789473684,1.2,448.0,4.71578947368421,33.75,-117.87,3.5
3.2813,47.0,5.485714285714286,1.2634920634920634,1178.0,3.7396825396825397,37.74,-122.41,2.296
5.2939,35.0,6.08314606741573,1.002247191011236,1224.0,2.750561797752809,34.24,-118.49,2.442
5.0086,36.0,5.101190476190476,0.9285714285714286,448.0,2.6666666666666665,37.38,-122.08,3.667
7.8383,52.0,7.726351351351352,0.9966216216216216,829.0,2.800675675675676,34.17,-118.27,5.00001
4.575,36.0,5.625,0.9852941176470589,306.0,2.25,37.36,-121.97,2.476
2.675,18.0,6.0263691683569975,1.2292089249492901,2051.0,4.1602434077079105,33.21,-117.35,1.171
3.8125,35.0,4.902985074626866,0.8805970149253731,328.0,2.4477611940298507,37.62,-122.04,2.042
8.5491,20.0,6.763698630136986,1.047945205479452,703.0,2.4075342465753424,33.81,-118.38,4.103
2.6,52.0,5.270142180094787,1.0355450236966826,1006.0,2.3838862559241707,37.84,-122.27,1.326
3.8839,35.0,6.931547619047619,1.1875,966.0,2.875,34.19,-118.58,2.249
2.6619,32.0,5.349299065420561,1.0677570093457944,2742.0,3.203271028037383,37.6,-120.87,0.862
3.5313,48.0,5.419889502762431,0.9834254143646409,704.0,1.9447513812154695,38.57,-121.45,1.479
4.2802,14.0,6.325670498084291,1.0689655172413792,633.0,2.425287356321839,39.04,-121.06,1.948
3.2969,38.0,4.733812949640288,0.9460431654676259,671.0,2.4136690647482015,33.84,-117.92,2.2
4.9688,4.0,6.333333333333333,1.0493827160493827,1341.0,2.759259259259259,34.06,-117.13,1.632
10.3653,22.0,7.3364705882352945,1.0305882352941176,1147.0,2.6988235294117646,37.29,-122.03,5.00001
4.9844,52.0,4.541666666666667,0.8333333333333334,86.0,3.5833333333333335,34.08,-118.24,1.875
6.1287,4.0,6.791896869244936,1.0810313075506446,10450.0,3.2074892572130143,34.01,-117.75,2.896
2.56,16.0,4.395061728395062,0.9074074074074074,355.0,2.191358024691358,34.91,-120.45,1.5
15.0001,52.0,8.483018867924528,0.9622641509433962,813.0,3.0679245283018868,34.07,-118.33,5.00001
3.7837,14.0,4.275177304964539,1.0070921985815602,2165.0,3.0709219858156027,32.91,-117.14,1.603
0.536,26.0,6.0,1.0,5.0,1.6666666666666667,33.62,-114.62,2.75
3.0964,31.0,4.5667953667953665,1.0108108108108107,2999.0,2.3158301158301158,37.69,-122.07,1.905
2.4864,41.0,4.88785046728972,1.1168224299065421,1890.0,2.94392523364486,36.6,-121.85,1.404
5.5551,9.0,6.709507042253521,1.0651408450704225,1518.0,2.6725352112676055,35.55,-117.68,1.425
5.3269,19.0,9.142857142857142,1.2142857142857142,101.0,3.607142857142857,34.02,-117.53,3.75
3.1654,25.0,5.267605633802817,0.9295774647887324,564.0,2.647887323943662,38.6,-121.28,1.116
1.8224,44.0,3.7506702412868633,1.03485254691689,1419.0,3.804289544235925,34.04,-118.2,1.438
5.4548,35.0,5.585714285714285,1.0285714285714285,425.0,3.0357142857142856,34.19,-118.56,2.014
3.9063,18.0,5.740139211136891,1.0417633410672853,1269.0,2.9443155452436196,35.47,-120.66,1.848
2.6625,36.0,3.8871473354231973,0.9717868338557993,577.0,1.8087774294670846,32.74,-117.25,2.482
4.025,16.0,4.90748031496063,1.063976377952756,2805.0,2.7608267716535435,38.0,-122.29,1.732
2.6354,43.0,4.071808510638298,0.949468085106383,1509.0,4.013297872340425,33.91,-118.19,1.281
2.1107,16.0,5.9106529209622,1.6254295532646048,1427.0,4.903780068728523,36.21,-121.12,0.762
3.0,18.0,4.542615140285865,1.0359978824775014,6071.0,3.213869772366331,36.68,-121.8,1.622
3.4896,9.0,5.9620596205962055,1.1436314363143631,938.0,2.5420054200542004,38.68,-121.2,1.438
4.8611,39.0,5.514814814814815,1.0444444444444445,743.0,2.751851851851852,33.88,-118.38,4.561
5.1506,20.0,6.201727328809377,1.0906847624922886,3083.0,1.9019123997532388,36.55,-121.87,3.875
6.8462,32.0,6.273764258555133,0.935361216730038,768.0,2.920152091254753,37.38,-121.82,3.209
7.5,8.0,6.564885496183206,0.9465648854961832,1111.0,2.826972010178117,36.85,-119.88,2.562
1.9038,16.0,5.456445993031359,1.0662020905923344,652.0,2.2717770034843205,39.92,-122.17,0.608
3.8846,40.0,5.647887323943662,0.9929577464788732,1054.0,2.4741784037558685,38.4,-122.82,2.159
4.8311,15.0,6.3478260869565215,1.0644122383252819,2240.0,3.607085346215781,34.03,-117.62,1.76
6.3302,39.0,7.54,1.068,1265.0,2.53,37.82,-122.2,3.628
5.5,16.0,5.097323600973236,1.094890510948905,963.0,2.343065693430657,33.66,-117.94,2.241
4.9792,35.0,4.9058441558441555,0.8896103896103896,853.0,2.7694805194805197,33.86,-118.3,2.513
3.8,46.0,5.659025787965616,0.9914040114613181,791.0,2.2664756446991405,40.78,-124.16,0.818
3.0938,46.0,5.371428571428571,0.9959183673469387,452.0,1.8448979591836734,38.56,-121.43,1.378
6.1288,18.0,8.154545454545454,1.290909090909091,263.0,2.390909090909091,34.23,-118.66,3.5
3.0341,11.0,4.854469854469855,1.0467775467775469,2430.0,2.525987525987526,38.43,-122.74,1.423
5.8374,36.0,5.438202247191011,0.9644194756554307,1463.0,2.7397003745318353,33.91,-118.38,2.896
2.2543,29.0,3.136729222520107,0.9892761394101877,1398.0,3.74798927613941,33.78,-118.19,1.563
1.8818,35.0,3.6591639871382635,0.977491961414791,1128.0,3.627009646302251,33.99,-118.28,1.0
3.1062,29.0,4.6183206106870225,1.0725190839694656,863.0,3.2938931297709924,36.92,-121.74,1.56
2.1746,20.0,4.711111111111111,1.0464646464646465,1856.0,3.7494949494949497,39.74,-122.01,0.587
1.3362,18.0,4.822299651567945,1.083623693379791,1429.0,4.979094076655052,32.57,-117.06,0.95
5.01,20.0,17.54609929078014,4.432624113475177,338.0,2.397163120567376,37.65,-118.99,1.955
3.3462,32.0,5.715672676837725,1.0471567267683772,2590.0,3.592233009708738,35.37,-118.91,0.676
1.5812,39.0,3.837920489296636,0.9877675840978594,902.0,2.758409785932722,33.96,-118.26,0.94
5.1893,34.0,6.307865168539326,1.09438202247191,1152.0,2.58876404494382,37.76,-122.47,4.203
4.7396,25.0,5.453389830508475,0.9491525423728814,727.0,3.080508474576271,38.73,-121.44,1.355
4.3977,31.0,7.441520467836257,1.090643274853801,956.0,2.7953216374269005,32.76,-117.0,2.268
3.0057,32.0,4.212686567164179,0.9365671641791045,1378.0,5.141791044776119,34.05,-117.64,0.969
1.1875,48.0,5.492063492063492,1.4603174603174602,129.0,2.0476190476190474,35.38,-119.02,0.638
3.5066,24.0,5.648471615720524,1.0720524017467248,1617.0,3.53056768558952,32.66,-117.06,1.334
4.3,27.0,4.7063953488372094,1.0232558139534884,831.0,2.4156976744186047,36.61,-121.92,2.264
1.625,8.0,7.6,0.95,1275.0,63.75,33.97,-117.33,1.625
3.9792,16.0,5.838074398249453,0.9934354485776805,1536.0,3.361050328227571,36.81,-119.68,0.889
1.5474,44.0,4.674931129476584,1.137741046831956,1396.0,3.8457300275482096,32.71,-117.13,0.833
1.8095,31.0,4.129094412331407,1.0057803468208093,2276.0,4.3853564547206165,33.9,-118.23,1.008
3.2303,17.0,4.783613445378151,0.9642857142857143,1149.0,2.4138655462184873,39.17,-121.02,1.495
3.0833,41.0,4.384615384615385,0.9903846153846154,1244.0,3.9871794871794872,33.95,-118.19,1.648
3.7361,45.0,5.233333333333333,1.0933333333333333,1321.0,4.403333333333333,33.94,-118.2,1.718
4.1121,40.0,5.436440677966102,1.0423728813559323,594.0,2.516949152542373,34.24,-118.37,2.292
2.5417,43.0,4.6594827586206895,1.0969827586206897,1208.0,2.603448275862069,36.97,-122.01,2.609
2.6964,24.0,3.0085836909871246,1.0343347639484979,1976.0,4.240343347639485,33.99,-118.22,1.632
3.963,28.0,5.427893738140417,0.976280834914611,2672.0,2.5351043643263758,32.8,-116.98,1.644
4.6607,4.0,5.012295081967213,1.1270491803278688,505.0,2.069672131147541,33.51,-117.69,1.73
4.9464,26.0,5.689655172413793,0.9787798408488063,1285.0,3.4084880636604775,37.54,-122.04,2.238
2.4167,20.0,4.808917197452229,0.9363057324840764,457.0,2.910828025477707,39.0,-121.44,0.67
13.3036,50.0,7.660766961651918,1.0029498525073746,964.0,2.8436578171091447,34.04,-118.49,5.00001
2.2993,13.0,6.241144414168938,1.2002724795640327,1799.0,2.4509536784741144,40.52,-121.92,0.995
2.425,52.0,5.590804597701149,1.1379310344827587,928.0,2.1333333333333333,39.22,-121.07,1.211
3.2516,16.0,5.064777327935222,1.0769230769230769,1211.0,2.451417004048583,32.86,-116.84,2.021
5.0923,16.0,7.176351351351351,1.204054054054054,3836.0,2.591891891891892,33.91,-117.98,2.572
4.4583,30.0,5.784070796460177,1.0035398230088495,1714.0,3.033628318584071,38.0,-121.82,1.31
4.0929,33.0,4.73953488372093,0.8883720930232558,938.0,4.362790697674418,37.34,-121.84,1.65
2.4167,22.0,3.618361153262519,1.0364188163884673,5534.0,4.198786039453718,34.15,-119.18,1.92
2.2269,17.0,5.020435967302452,1.055858310626703,1714.0,2.335149863760218,38.74,-120.83,1.283
7.6229,35.0,7.2251461988304095,1.0204678362573099,881.0,2.5760233918128654,37.39,-122.1,5.00001
4.2733,22.0,5.224764468371467,1.098250336473755,1830.0,2.4629878869448185,37.67,-122.06,1.807
3.526,17.0,5.733606557377049,1.0956284153005464,1656.0,2.262295081967213,35.32,-120.84,1.839
3.0804,35.0,4.528239202657807,1.0033222591362125,1786.0,5.9335548172757475,37.75,-122.45,3.134
9.5271,16.0,8.459251101321586,1.0418502202643172,2777.0,3.0583700440528636,37.84,-122.0,5.00001
2.5673,48.0,3.6839622641509435,1.0353773584905661,1469.0,3.464622641509434,37.35,-121.89,1.775
1.4589,27.0,3.51255230125523,1.1182008368200838,2415.0,2.526150627615063,34.02,-118.35,0.875
4.2083,32.0,6.9655172413793105,1.2758620689655173,144.0,2.4827586206896552,37.77,-121.61,1.25
4.0391,15.0,6.297709923664122,0.9923664122137404,334.0,2.549618320610687,32.72,-116.99,1.695
5.5545,16.0,6.2075,1.1075,1357.0,3.3925,33.57,-117.66,2.142
6.6739,45.0,5.7926829268292686,1.0170731707317073,751.0,1.8317073170731708,34.13,-118.34,5.00001
3.6875,42.0,5.637254901960785,1.053921568627451,708.0,3.4705882352941178,33.89,-118.09,1.715
5.1773,52.0,6.358558558558559,1.0342342342342343,1177.0,2.120720720720721,37.84,-122.24,3.895
2.5183,15.0,5.487544483985765,0.9911032028469751,1040.0,1.8505338078291815,38.71,-121.17,2.933
4.2851,34.0,5.767988252569751,1.0073421439060206,2315.0,3.3994126284875184,32.62,-117.05,1.445
4.1731,26.0,5.1545741324921135,0.9936908517350158,909.0,2.867507886435331,38.37,-122.8,2.572
2.9143,27.0,5.334500875656743,1.0595446584938704,1407.0,2.4640980735551663,40.77,-124.14,0.996
0.7591,16.0,3.42,1.084,486.0,1.944,33.74,-118.28,3.5
4.5352,26.0,4.807017543859649,0.9605263157894737,954.0,2.0921052631578947,37.75,-122.46,3.742
4.2593,39.0,5.0119760479041915,0.9970059880239521,1817.0,2.720059880239521,37.65,-122.48,2.274
2.5111,49.0,4.886792452830188,0.9643605870020965,1290.0,2.7044025157232703,36.75,-119.75,0.554
2.9896,12.0,5.016863406408095,1.0590219224283306,1440.0,2.4283305227655987,38.56,-121.34,1.186
1.6184,52.0,2.17039586919105,1.0602409638554218,2309.0,3.974182444061962,34.06,-118.28,2.25
10.1154,5.0,8.093425605536332,1.0784313725490196,2427.0,2.7993079584775087,33.65,-118.05,4.777
3.0503,25.0,4.041284403669724,1.1577981651376146,2178.0,1.998165137614679,33.77,-118.17,2.25
2.4717,37.0,4.748633879781421,1.1010928961748634,936.0,2.557377049180328,37.77,-120.85,0.771
2.4922,31.0,5.011811023622047,1.031496062992126,686.0,2.7007874015748032,33.93,-117.43,1.094
2.7232,12.0,7.289308176100629,1.3144654088050314,523.0,3.289308176100629,33.84,-117.26,1.232
3.3713,35.0,4.780748663101604,1.0106951871657754,777.0,2.0775401069518717,32.79,-117.19,2.384
3.7315,20.0,7.368303571428571,1.7388392857142858,1085.0,2.421875,37.58,-118.74,1.593
2.2007,21.0,3.617610062893082,1.0088050314465409,2487.0,3.128301886792453,36.61,-121.84,1.128
3.276,27.0,5.750788643533123,1.135646687697161,907.0,2.861198738170347,38.53,-122.82,1.729
5.2396,26.0,5.737057220708447,1.0095367847411445,2352.0,3.204359673024523,37.52,-121.96,2.239
5.0111,16.0,6.1577574967405475,1.075619295958279,4911.0,3.201434159061278,34.01,-117.83,2.129
1.8625,52.0,6.411764705882353,1.1911764705882353,197.0,2.8970588235294117,37.77,-120.85,0.854
6.5861,26.0,5.954206602768903,0.9946751863684771,2824.0,3.007454739084132,33.82,-118.33,4.178
1.125,31.0,3.7004160887656035,1.1262135922330097,1398.0,1.9389736477115118,37.96,-121.3,1.104
4.0619,17.0,5.979605263157895,1.0144736842105264,4758.0,3.1302631578947366,38.27,-122.01,1.266
4.875,42.0,5.347985347985348,1.0586080586080586,829.0,3.0366300366300365,34.09,-118.1,2.273
5.0824,23.0,5.508948545861298,1.0604026845637584,2530.0,2.829977628635347,37.52,-121.97,2.309
6.148,17.0,7.133587786259542,1.1870229007633588,831.0,3.1717557251908395,34.11,-117.62,2.439
3.9583,7.0,4.7421602787456445,1.0069686411149825,1429.0,2.489547038327526,32.74,-116.95,1.417
2.3169,13.0,5.568286445012788,1.0879795396419438,4266.0,2.1820971867007675,33.75,-116.91,1.234
4.6914,7.0,6.808510638297872,1.0148936170212766,1522.0,3.2382978723404254,34.51,-117.25,1.422
3.0737,45.0,4.96983758700696,1.0,1318.0,3.0580046403712298,37.95,-122.35,1.116
2.3359,24.0,4.994082840236686,1.0946745562130178,1564.0,3.084812623274162,37.1,-119.49,0.924
4.4167,28.0,4.282846715328467,1.1094890510948905,785.0,1.4324817518248176,34.09,-118.39,4.25
3.625,33.0,10.909090909090908,2.227272727272727,63.0,2.8636363636363638,40.63,-120.35,2.0
2.1029,46.0,3.7325581395348837,1.1744186046511629,401.0,4.662790697674419,34.06,-118.2,1.094
3.0469,20.0,5.656,1.008,337.0,2.696,39.74,-122.16,0.85
4.4063,13.0,16.05701754385965,3.3771929824561404,567.0,2.486842105263158,34.27,-116.89,1.526
5.0012,8.0,5.528095238095238,1.0195238095238095,5696.0,2.7123809523809523,35.32,-119.08,1.063
3.4005,34.0,5.099773242630386,1.0430839002267573,1544.0,3.5011337868480727,34.1,-118.0,1.763
5.9224,24.0,6.349397590361446,1.0068846815834767,1898.0,3.2667814113597244,34.18,-118.94,2.394
3.23,11.0,11.90079365079365,2.246031746031746,1825.0,2.414021164021164,35.76,-120.93,1.543
3.2717,36.0,5.236180904522613,1.0050251256281406,1097.0,2.7562814070351758,32.73,-117.04,1.307
2.9808,38.0,5.670588235294118,1.1176470588235294,928.0,3.6392156862745098,36.79,-120.08,0.896
6.1426,32.0,6.621973929236499,0.9702048417132216,1381.0,2.5716945996275604,33.63,-117.9,4.507
4.0368,33.0,5.308457711442786,0.9651741293532339,600.0,2.985074626865672,34.08,-117.75,1.391
7.5,31.0,7.611650485436893,1.046116504854369,1190.0,2.8883495145631066,37.29,-122.01,5.00001
6.4333,16.0,6.198952879581152,1.0034904013961605,2120.0,3.699825479930192,34.02,-117.87,2.715
3.0208,12.0,6.1,1.211111111111111,209.0,2.3222222222222224,33.94,-116.71,0.663
2.5663,19.0,3.9004267425320056,1.0753911806543386,1396.0,1.9857752489331437,34.1,-118.13,1.975
3.5393,15.0,5.460504201680672,1.030252100840336,1569.0,2.6369747899159663,37.35,-120.59,0.88
3.066,17.0,5.346303501945525,1.0817120622568093,1174.0,2.2840466926070038,39.71,-121.71,1.026
4.0068,16.0,3.7360594795539033,1.0272614622057001,1769.0,2.192069392812887,37.39,-122.01,2.495
1.5972,24.0,5.438502673796791,1.213903743315508,568.0,3.037433155080214,34.07,-117.47,1.125
3.6995,38.0,5.288503253796096,0.9587852494577006,1308.0,2.8373101952277655,34.1,-118.06,2.601
3.38,28.0,4.064233576642335,1.0744525547445256,1534.0,2.2394160583941605,37.58,-122.33,2.854
6.1244,40.0,5.2404181184668985,0.9407665505226481,689.0,2.4006968641114983,37.47,-122.24,3.088
2.0469,39.0,3.5305291723202172,1.0881953867028493,2178.0,2.955223880597015,33.73,-118.28,2.345
6.4335,7.0,7.383081896551724,1.2672413793103448,4446.0,2.3954741379310347,32.83,-117.08,2.606
6.2308,2.0,8.801007556675064,1.3738035264483628,5964.0,3.0045340050377836,33.87,-117.64,2.579
2.4925,28.0,3.6754491017964073,1.0347305389221557,1932.0,2.31377245508982,33.92,-118.13,1.772
2.8155,27.0,4.257352941176471,1.0275735294117647,2012.0,3.698529411764706,33.99,-118.12,1.768
3.9489,21.0,4.753794266441822,1.0927487352445193,1435.0,2.4198988195615514,34.04,-118.45,3.602
8.1888,37.0,7.235138705416116,1.1003963011889035,1925.0,2.542932628797886,34.09,-118.53,5.00001
2.2946,34.0,4.161716171617162,1.0396039603960396,1027.0,3.3894389438943895,33.95,-118.27,0.888
2.6485,18.0,4.235249042145594,1.1080459770114943,2883.0,2.2091954022988505,38.59,-121.41,1.145
5.2066,4.0,10.5,1.4456521739130435,311.0,3.380434782608696,33.51,-117.32,5.00001
3.5885,18.0,5.236538461538461,1.0173076923076922,1150.0,2.2115384615384617,38.43,-122.68,1.919
3.5167,6.0,6.407602956705386,1.2006335797254488,3094.0,3.267159450897571,34.45,-117.44,1.309
1.721,42.0,2.708256880733945,1.1192660550458715,1605.0,2.944954128440367,34.05,-118.3,2.143
15.0001,52.0,8.710144927536232,1.0289855072463767,408.0,2.9565217391304346,34.07,-118.41,5.00001
2.875,37.0,5.802666666666667,1.1146666666666667,1301.0,3.469333333333333,32.7,-117.08,0.989
2.625,16.0,5.573248407643312,1.2802547770700636,300.0,1.910828025477707,36.96,-121.99,3.773
3.7366,20.0,5.321944809461235,0.9789750328515112,2870.0,3.771353482260184,32.71,-117.02,1.218
3.1607,42.0,3.6772727272727272,1.1863636363636363,1454.0,3.3045454545454547,34.08,-118.28,1.82
4.9766,10.0,6.887147335423197,1.031347962382445,1064.0,3.335423197492163,34.87,-120.4,1.996
10.0481,30.0,8.061728395061728,1.0432098765432098,980.0,3.0246913580246915,37.4,-122.2,5.00001
3.8295,13.0,6.186046511627907,1.0046511627906978,719.0,3.344186046511628,32.72,-116.99,1.496
3.9187,25.0,5.07469244288225,1.0764499121265378,3580.0,3.145869947275923,37.31,-121.97,3.149
2.7431,51.0,3.857142857142857,1.0025974025974025,880.0,2.2857142857142856,37.78,-122.47,3.071
2.7031,36.0,4.512269938650307,1.1042944785276074,1182.0,3.625766871165644,37.32,-121.87,1.758
4.4085,8.0,5.745810055865922,0.9916201117318436,2268.0,3.1675977653631286,38.85,-121.19,1.394
2.1827,52.0,4.344230769230769,1.0326923076923078,957.0,1.8403846153846153,38.45,-122.71,1.888
3.3629,8.0,4.115044247787611,1.0584070796460177,1511.0,2.674336283185841,33.75,-117.92,1.375
3.6788,5.0,5.04269801980198,1.1837871287128714,2933.0,1.8149752475247525,38.61,-121.53,1.788
6.8088,20.0,6.737878787878788,1.0015151515151515,2062.0,3.124242424242424,37.26,-121.9,2.833
2.4776,43.0,4.569832402234637,1.0782122905027933,494.0,2.7597765363128492,37.74,-122.17,1.016
4.0223,33.0,5.047520661157025,1.0289256198347108,1601.0,3.3078512396694215,34.3,-118.43,1.46
2.517,23.0,5.101604278074866,1.0240641711229947,984.0,2.6310160427807485,37.99,-120.3,1.535
4.8703,37.0,4.854227405247814,0.9766763848396501,1011.0,2.947521865889213,34.21,-118.44,1.851
2.5211,46.0,3.6847935548841892,1.0755287009063443,4153.0,4.182275931520644,34.11,-118.2,1.629
3.235,12.0,6.094650205761317,1.0905349794238683,757.0,3.1152263374485596,33.64,-117.19,2.107
3.0222,17.0,4.576470588235294,1.2823529411764707,1392.0,2.0470588235294116,37.68,-121.78,1.725
4.0341,26.0,5.162186379928316,1.1881720430107527,2681.0,2.402329749103943,33.66,-117.91,2.433
2.1964,51.0,4.052631578947368,1.0175438596491229,488.0,2.1403508771929824,36.97,-122.03,2.344
2.1766,36.0,2.8355555555555556,1.1177777777777778,1502.0,3.3377777777777777,34.08,-118.3,2.056
2.5795,52.0,3.5154975530179446,1.1435562805872757,895.0,1.4600326264274062,37.81,-122.25,3.5
2.2768,42.0,4.088888888888889,1.1296296296296295,892.0,3.303703703703704,32.78,-117.17,1.452
2.2961,35.0,4.119705340699816,1.0902394106813997,1794.0,3.303867403314917,34.04,-118.38,2.077
4.2917,37.0,5.14859437751004,0.9799196787148594,852.0,3.4216867469879517,33.93,-118.31,1.279
3.9659,8.0,4.360613810741688,1.0230179028132993,886.0,2.265984654731458,34.41,-119.53,2.974
7.4542,16.0,6.483333333333333,1.0666666666666667,512.0,1.7066666666666668,37.42,-122.23,5.00001
5.5514,26.0,6.618518518518519,1.0185185185185186,801.0,2.966666666666667,33.72,-117.99,2.557
1.625,48.0,2.31055900621118,1.0848861283643891,1610.0,3.3333333333333335,34.1,-118.33,2.375
2.3103,47.0,4.529569892473118,1.0887096774193548,835.0,2.2446236559139785,38.04,-122.27,1.345
1.7958,17.0,4.146449704142012,1.0103550295857988,2768.0,4.094674556213017,32.56,-117.06,1.404
4.5208,5.0,3.5477386934673367,1.020100502512563,839.0,4.21608040201005,33.99,-118.23,1.65
11.1978,32.0,7.270343580470163,1.0316455696202531,2768.0,2.5027124773960217,34.1,-118.47,5.00001
5.4459,17.0,5.88470066518847,1.0598669623059866,1392.0,3.0864745011086474,34.28,-118.72,2.239
3.5588,50.0,5.177458033573141,1.0479616306954436,1111.0,2.6642685851318944,37.78,-122.48,3.464
1.8162,50.0,3.5025641025641026,0.9692307692307692,459.0,2.353846153846154,37.64,-120.99,0.7
2.8247,15.0,4.953029759770527,1.0354965937612048,6583.0,2.360344209394048,33.15,-117.04,1.5
2.4359,48.0,2.7782340862423,1.002053388090349,1945.0,3.9938398357289526,34.04,-118.29,1.237
3.6719,48.0,5.485106382978723,1.1914893617021276,782.0,3.3276595744680852,37.72,-122.43,2.598
2.2788,46.0,4.490054249547921,1.061482820976492,2121.0,3.8354430379746836,34.1,-118.23,1.529
3.7043,17.0,5.677966101694915,1.0554699537750385,1939.0,2.987673343605547,38.03,-121.97,1.398
7.333,23.0,7.811188811188811,0.9440559440559441,854.0,2.986013986013986,37.68,-121.88,3.372
5.0634,52.0,4.732558139534884,0.986046511627907,1193.0,2.7744186046511627,37.73,-122.45,2.642
1.5174,43.0,4.609004739336493,0.9786729857819905,1492.0,3.5355450236966823,36.76,-119.77,0.546
2.625,18.0,5.620300751879699,1.218045112781955,1280.0,2.406015037593985,33.95,-116.53,0.682
3.8465,17.0,5.134993446920053,1.0642201834862386,4419.0,2.895806028833552,34.1,-117.84,1.807
1.7197,34.0,4.377777777777778,1.0571428571428572,1156.0,3.6698412698412697,35.37,-118.97,0.489
3.55,20.0,4.777777777777778,1.0138888888888888,575.0,3.9930555555555554,33.84,-117.52,1.11
3.1912,33.0,5.288753799392097,1.0395136778115501,638.0,1.939209726443769,36.63,-121.93,3.198
2.8421,25.0,3.747292418772563,1.0577617328519855,1060.0,1.9133574007220218,32.81,-117.26,2.278
6.0701,23.0,7.390804597701149,1.0620689655172413,1411.0,3.2436781609195404,34.05,-117.16,1.499
4.5726,32.0,5.864457831325301,1.069277108433735,1786.0,5.379518072289157,33.73,-117.88,1.775
3.3542,52.0,5.725888324873097,1.0507614213197969,450.0,2.284263959390863,38.3,-122.3,1.546
2.4375,15.0,4.851926977687627,1.0537525354969575,1810.0,1.8356997971602433,33.22,-117.32,1.089
4.3603,16.0,5.819371727748691,1.1884816753926701,628.0,1.643979057591623,33.49,-117.65,2.488
7.5975,16.0,7.11614730878187,1.0084985835694051,795.0,2.2521246458923514,33.0,-117.24,3.691
4.6667,4.0,6.892030848329049,1.1134777818582446,8805.0,3.2335659199412414,33.97,-117.29,1.606
5.4386,33.0,6.178343949044586,1.0414012738853504,877.0,2.7929936305732483,37.28,-121.96,2.804
2.6536,22.0,4.993927125506073,1.1234817813765183,1567.0,3.172064777327935,34.08,-117.19,0.847
3.9306,24.0,6.228915662650603,1.0421686746987953,951.0,2.8644578313253013,40.52,-122.39,0.859
4.0109,23.0,5.440633245382585,0.9920844327176781,1302.0,3.4353562005277043,33.21,-117.34,1.457
2.1903,34.0,2.6158357771260996,0.9325513196480938,1443.0,4.231671554252199,33.94,-118.21,1.625
2.6818,35.0,4.38801261829653,1.0378548895899053,726.0,2.2902208201892744,32.75,-117.14,1.594
6.4588,35.0,5.586605080831409,0.9838337182448037,949.0,2.191685912240185,37.41,-122.14,4.371
2.925,46.0,6.194805194805195,1.0454545454545454,429.0,2.7857142857142856,37.75,-122.16,1.429
4.5962,19.0,7.12280701754386,0.9692982456140351,782.0,3.4298245614035086,33.71,-117.96,3.045
2.2482,19.0,4.524978089395267,1.077125328659071,2680.0,2.3488168273444345,34.14,-117.25,1.145
7.6091,43.0,5.640506329113924,1.1088607594936708,960.0,2.430379746835443,34.09,-118.6,4.385
2.9063,27.0,6.025125628140704,1.1256281407035176,463.0,2.3266331658291457,38.07,-120.55,0.922
1.9688,44.0,3.56140350877193,1.0935672514619883,1175.0,3.435672514619883,34.02,-118.16,1.739
1.8,5.0,3.6666666666666665,0.9607843137254902,207.0,4.0588235294117645,33.75,-117.86,1.542
3.5096,31.0,5.64055944055944,1.0,2585.0,3.6153846153846154,32.61,-117.05,1.399
2.2262,25.0,6.457013574660634,1.1131221719457014,772.0,3.493212669683258,36.2,-119.32,0.645
5.6447,36.0,5.3261455525606465,0.9730458221024259,1348.0,3.6334231805929917,37.39,-122.01,2.526
1.8277,30.0,2.623205741626794,1.1543062200956937,2197.0,2.6279904306220097,34.1,-118.32,1.375
5.4851,31.0,5.525651144435675,1.0118389897395421,2755.0,2.1744277821625886,37.91,-122.5,4.411
2.5025,38.0,4.708971553610503,0.986870897155361,1320.0,2.888402625820569,37.79,-121.22,1.019
3.3594,45.0,3.82312591866732,1.0553650171484565,3359.0,1.6457618814306711,34.07,-118.35,2.875
2.0658,29.0,3.575438596491228,1.0140350877192983,2070.0,3.6315789473684212,34.04,-118.31,2.146
2.3111,19.0,3.8727858293075683,1.0644122383252819,1855.0,2.9871175523349436,34.24,-118.47,2.554
3.5214,50.0,4.1225626740947074,1.0598885793871866,1179.0,1.6420612813370474,33.76,-118.14,3.981
4.1573,19.0,6.162629757785467,1.0484429065743945,1677.0,2.9013840830449826,34.63,-118.18,2.281
2.4432,37.0,2.8667992047713717,0.9960238568588469,998.0,1.9840954274353877,34.09,-118.34,2.0
3.1417,15.0,4.658823529411765,1.0549019607843138,1197.0,2.347058823529412,36.8,-119.73,0.746
2.5474,13.0,8.21376811594203,2.177536231884058,756.0,2.739130434782609,35.47,-118.61,0.784
1.4676,17.0,5.497076023391813,1.3654970760233918,798.0,2.3333333333333335,39.08,-122.8,0.65
3.9464,33.0,5.507518796992481,0.9849624060150376,731.0,2.7481203007518795,34.38,-119.06,2.303
2.8295,38.0,4.506887052341598,1.0068870523415978,3299.0,4.5440771349862255,34.05,-118.18,1.265
2.8977,19.0,5.0726744186046515,1.186046511627907,2818.0,4.09593023255814,34.09,-117.63,1.262
4.0806,6.0,5.716269841269841,1.0277777777777777,1432.0,2.8412698412698414,36.32,-119.27,1.102
6.2475,12.0,7.4213197969543145,1.098984771573604,1193.0,3.027918781725888,33.31,-117.22,3.313
3.0526,28.0,8.13076923076923,1.9153846153846155,288.0,2.2153846153846155,36.16,-121.39,1.469
5.752,35.0,5.728571428571429,1.0,802.0,2.8642857142857143,33.95,-118.12,2.91
4.225,12.0,9.979166666666666,1.8611111111111112,395.0,2.7430555555555554,38.87,-120.0,1.276
5.0662,46.0,6.224056603773585,1.0566037735849056,938.0,2.2122641509433962,37.3,-121.89,3.316
7.3719,22.0,7.104591836734694,1.125,1086.0,2.770408163265306,33.66,-117.95,3.374
2.2094,20.0,2.1652490886998783,1.088699878493317,1749.0,2.1251518833535843,34.06,-118.3,0.75
5.8343,15.0,6.598726114649682,0.9490445859872612,395.0,2.515923566878981,32.95,-117.26,5.00001
4.2061,16.0,3.4104938271604937,1.0925925925925926,499.0,1.5401234567901234,37.36,-122.01,2.536
3.0757,39.0,4.524663677130045,1.0022421524663676,1221.0,2.7376681614349776,37.8,-122.21,1.51
3.7813,21.0,4.615176151761518,0.907859078590786,902.0,2.4444444444444446,32.81,-117.22,3.625
4.2381,43.0,4.8053097345132745,0.9690265486725663,715.0,3.163716814159292,37.35,-121.88,1.935
3.4145,35.0,5.9608728367193375,1.2310007524454476,3431.0,2.581640331075997,35.54,-117.29,0.404
5.4221,15.0,5.076794657762938,1.0717863105175292,3861.0,3.2228714524207014,37.66,-122.46,2.847
3.4605,49.0,4.044155844155844,1.051948051948052,1173.0,3.0467532467532465,37.72,-122.44,2.65
2.09,34.0,3.7880794701986753,0.9768211920529801,1271.0,4.208609271523179,32.69,-117.11,0.918
1.0469,42.0,4.274193548387097,0.9919354838709677,390.0,3.1451612903225805,34.06,-117.33,0.67
2.5587,37.0,4.738853503184713,1.070063694267516,1455.0,3.089171974522293,38.12,-121.27,0.878
2.4338,49.0,4.703933747412008,1.031055900621118,1621.0,3.3561076604554865,37.77,-122.2,1.024
3.8421,37.0,4.379446640316205,0.9822134387351779,2445.0,4.83201581027668,33.72,-117.87,1.74
2.0329,52.0,3.5843373493975905,1.2048192771084338,1270.0,3.825301204819277,37.76,-122.42,2.25
2.5893,18.0,4.766949152542373,1.0254237288135593,1248.0,2.6440677966101696,40.95,-124.09,0.996
2.1141,27.0,3.8552036199095023,1.0723981900452488,1024.0,4.633484162895928,34.05,-117.74,1.109
1.847,18.0,2.337027379400261,1.0827900912646675,5229.0,3.408735332464146,34.05,-118.29,2.5
4.6944,26.0,6.157258064516129,0.9919354838709677,1495.0,3.0141129032258065,38.01,-122.32,1.711
3.7826,5.0,4.363207547169812,1.1709905660377358,1657.0,1.9540094339622642,33.79,-118.15,1.963
5.149,16.0,6.851258581235698,1.0183066361556063,1047.0,2.3958810068649887,32.9,-117.1,1.843
2.8917,33.0,4.699346405228758,1.0098039215686274,1378.0,4.503267973856209,34.2,-118.37,1.704
4.9808,28.0,5.527196652719665,1.00418410041841,652.0,2.728033472803347,36.99,-122.01,2.631
2.2969,47.0,4.284722222222222,1.125,754.0,5.236111111111111,33.98,-118.25,1.167
2.2925,44.0,4.669329073482428,1.0527156549520766,1371.0,2.1900958466453675,39.73,-121.82,0.858
3.5296,7.0,5.484025559105431,1.0,1793.0,2.864217252396166,36.34,-119.27,0.837
2.2222,46.0,4.909385113268608,0.9676375404530745,879.0,2.8446601941747574,37.73,-122.39,1.951
2.2559,24.0,3.837947332883187,1.0027008777852802,6626.0,4.474004051316678,34.07,-118.01,1.668
2.0172,52.0,2.540983606557377,1.0,1054.0,3.455737704918033,36.96,-122.02,1.125
4.225,28.0,5.576864535768645,1.0943683409436835,1820.0,2.7701674277016743,33.94,-117.93,2.247
4.09,44.0,4.719424460431655,1.0035971223021583,668.0,2.402877697841727,34.27,-119.27,2.038
8.7288,6.0,8.715841584158415,1.102970297029703,3385.0,3.3514851485148514,34.23,-118.83,4.258
2.92,33.0,3.7904191616766467,1.2425149700598803,1991.0,5.961077844311378,37.47,-122.21,2.028
3.5156,42.0,4.794621026894865,1.0440097799511003,1211.0,2.960880195599022,37.71,-122.47,2.394
10.9704,6.0,10.55813953488372,2.372093023255814,213.0,4.953488372093023,33.69,-117.53,4.833
5.8068,20.0,6.632098765432099,1.0222222222222221,1507.0,3.7209876543209877,37.34,-121.8,2.639
3.2857,16.0,5.146788990825688,1.0428134556574924,880.0,2.691131498470948,38.34,-122.69,1.602
2.5333,43.0,5.9753086419753085,1.228395061728395,434.0,2.6790123456790123,37.72,-122.47,2.393
3.609,50.0,4.787878787878788,0.977961432506887,837.0,2.3057851239669422,38.01,-122.12,1.357
3.0217,26.0,4.146341463414634,0.9420731707317073,869.0,2.649390243902439,32.58,-117.12,1.316
3.6125,33.0,5.196808510638298,1.0372340425531914,1600.0,4.25531914893617,33.95,-118.05,1.708
3.7235,48.0,4.662393162393163,1.0085470085470085,632.0,2.700854700854701,34.11,-118.16,2.636
2.6777,35.0,4.036565977742448,1.0508744038155804,1308.0,2.079491255961844,32.76,-117.14,1.464
3.1679,21.0,5.080962800875273,1.1334792122538293,662.0,1.4485776805251642,33.62,-117.72,1.1
4.5116,43.0,4.711590296495957,0.9865229110512129,984.0,2.652291105121294,37.53,-122.3,3.378
1.4856,33.0,4.626168224299065,1.1401869158878504,1626.0,3.7990654205607477,32.7,-117.11,0.864
3.4323,41.0,3.9322033898305087,1.055084745762712,1108.0,4.694915254237288,33.94,-118.22,1.446
4.4946,48.0,5.379912663755459,1.002183406113537,1179.0,2.574235807860262,37.76,-122.47,3.586
1.7714,38.0,5.542857142857143,1.2317460317460318,1142.0,3.6253968253968254,38.53,-121.45,0.699
3.825,52.0,5.465753424657534,1.0547945205479452,671.0,3.0639269406392695,34.04,-118.37,2.785
3.3438,29.0,5.803347280334728,0.9874476987447699,671.0,2.807531380753138,33.63,-114.58,0.74
3.1392,8.0,2.8156565656565657,1.0404040404040404,1472.0,3.717171717171717,33.8,-118.3,1.462
5.3508,25.0,5.39493670886076,1.0379746835443038,1132.0,2.8658227848101268,37.31,-122.03,4.091
3.0383,20.0,3.568093385214008,1.0778210116731517,971.0,1.8891050583657587,36.63,-121.89,2.173
5.5771,27.0,5.388297872340425,1.074468085106383,1421.0,2.519503546099291,33.88,-118.38,3.455
2.6495,27.0,5.363970588235294,1.0661764705882353,1338.0,2.4595588235294117,38.0,-121.3,1.162
2.0938,27.0,6.769230769230769,1.3356643356643356,283.0,1.979020979020979,38.91,-120.01,0.944
3.6406,39.0,3.9328859060402683,0.9753914988814317,892.0,1.9955257270693512,34.11,-118.17,2.789
3.2857,37.0,5.12,1.1511111111111112,981.0,4.36,33.89,-118.08,1.536
7.0712,24.0,7.589506172839506,0.9783950617283951,916.0,2.8271604938271606,37.77,-122.13,2.93
2.5313,27.0,5.217391304347826,1.0869565217391304,359.0,2.601449275362319,39.33,-121.54,0.613
12.3411,4.0,7.472103004291846,0.9656652360515021,811.0,3.48068669527897,33.64,-117.81,5.00001
7.2574,52.0,8.288135593220339,1.073446327683616,496.0,2.8022598870056497,37.85,-122.24,3.521
2.4053,21.0,4.945132743362832,1.1716814159292035,2236.0,3.9575221238938054,36.93,-121.78,1.784
2.6333,41.0,3.7242268041237114,1.056701030927835,1052.0,2.711340206185567,34.29,-119.3,1.708
3.527,17.0,3.592995169082126,1.1690821256038648,1453.0,1.7548309178743962,37.72,-122.54,3.189
3.6923,28.0,5.854497354497354,1.0317460317460319,1096.0,2.8994708994708995,40.54,-122.37,0.869
4.3897,3.0,5.584053794428434,1.2142170989433236,2363.0,2.269932756964457,33.44,-117.59,3.413
5.3403,43.0,6.020242914979757,0.979757085020243,675.0,2.7327935222672064,34.01,-118.43,4.898
1.7805,32.0,4.199831365935919,1.118043844856661,3779.0,3.1863406408094437,33.72,-116.23,0.769
3.227,18.0,3.83249581239531,1.016750418760469,2305.0,3.8609715242881073,34.38,-118.53,1.361
3.0181,10.0,5.758620689655173,1.0886699507389161,2845.0,3.5036945812807883,34.51,-117.28,1.004
2.0048,36.0,4.734375,0.99609375,569.0,2.22265625,38.34,-121.5,0.729
6.7974,33.0,5.992481203007519,0.9398496240601504,385.0,2.8947368421052633,36.98,-122.04,3.676
3.7312,31.0,4.635021097046414,1.0569620253164558,944.0,1.9915611814345993,34.16,-118.38,3.194
2.5599,42.0,2.8264462809917354,0.9669421487603306,2312.0,4.776859504132231,36.91,-121.75,1.514
6.67,11.0,6.4950678175092476,0.998766954377312,4409.0,2.718249075215783,33.8,-117.79,2.832
11.7794,39.0,14.666666666666666,1.8095238095238095,59.0,2.8095238095238093,34.35,-119.5,5.00001
4.8646,36.0,5.488970588235294,1.0477941176470589,766.0,2.8161764705882355,34.22,-118.51,2.132
2.2672,16.0,5.32518337408313,1.0770171149144254,1629.0,1.9914425427872862,38.03,-121.29,0.911
2.3814,28.0,4.370839936608558,0.9873217115689382,2179.0,3.4532488114104596,32.67,-117.07,1.123
3.5227,8.0,6.779245283018868,1.2433962264150944,1710.0,3.2264150943396226,38.48,-121.46,0.931
3.9464,7.0,6.167582417582418,1.1181318681318682,1016.0,2.791208791208791,34.87,-117.03,1.015
2.4722,52.0,2.767871485943775,1.0923694779116466,1768.0,1.4200803212851405,34.06,-118.35,5.00001
3.7301,52.0,5.147971360381861,0.9976133651551312,929.0,2.217183770883055,37.68,-121.76,2.044
2.8903,31.0,4.477459016393443,1.0730874316939891,2962.0,2.023224043715847,37.98,-122.52,3.242
4.4286,52.0,5.433537832310838,1.0224948875255624,1131.0,2.312883435582822,37.9,-122.29,2.349
4.1806,44.0,6.470046082949309,1.055299539170507,513.0,2.3640552995391704,32.74,-117.23,2.638
12.0088,16.0,6.006711409395973,1.2147651006711409,237.0,1.5906040268456376,33.96,-118.48,5.00001
1.9531,29.0,4.190972222222222,1.0451388888888888,804.0,2.7916666666666665,32.84,-115.57,0.611
3.1696,13.0,5.079365079365079,1.0158730158730158,2450.0,4.320987654320987,32.57,-117.05,1.38
3.5195,26.0,6.090909090909091,1.0563636363636364,1314.0,2.389090909090909,33.77,-117.84,2.491
4.0488,33.0,4.902761104441777,1.0768307322929171,1804.0,2.1656662665066024,32.7,-117.17,4.097
3.152,21.0,4.4875,1.015,2246.0,5.615,33.71,-117.86,1.528
1.5625,5.0,2.577181208053691,0.8791946308724832,410.0,2.751677852348993,34.19,-119.18,0.875
3.225,33.0,4.285714285714286,1.072083879423329,2118.0,2.7758846657929226,34.2,-118.53,2.053
4.9107,37.0,4.769547325102881,0.9794238683127572,740.0,3.045267489711934,33.89,-118.14,1.796
1.9767,23.0,5.7084019769357495,1.158154859967051,2672.0,4.401976935749588,33.78,-117.23,0.815
1.6435,34.0,4.289179104477612,1.080223880597015,1300.0,2.425373134328358,38.55,-121.74,1.485
6.8872,2.0,10.27217125382263,1.311926605504587,2012.0,3.076452599388379,38.3,-122.08,3.052
3.1672,8.0,5.524832214765101,1.0281879194630872,1785.0,2.3959731543624163,34.04,-117.61,1.502
1.5227,39.0,4.205882352941177,1.0849673202614378,1386.0,4.529411764705882,36.75,-119.77,0.469
2.9222,24.0,5.141176470588236,1.0294117647058822,1027.0,2.0137254901960784,38.45,-122.67,2.426
2.125,8.0,4.827586206896552,0.9655172413793104,84.0,2.896551724137931,39.71,-121.78,1.792
3.15,14.0,6.364341085271318,1.317829457364341,477.0,3.697674418604651,40.69,-121.83,0.875
4.89,52.0,6.060679611650485,0.9854368932038835,1030.0,2.5,34.07,-118.35,5.00001
5.5951,30.0,5.920567375886525,1.04822695035461,1818.0,2.578723404255319,37.91,-122.52,4.029
4.8906,15.0,5.7281323877068555,1.0283687943262412,1366.0,3.2293144208037825,33.54,-117.67,1.818
3.5855,35.0,4.473544973544974,0.9708994708994709,1265.0,3.3465608465608465,33.86,-117.97,1.743
4.3261,36.0,5.60655737704918,0.9929742388758782,1490.0,3.489461358313817,34.21,-118.52,2.067
2.1667,23.0,4.023588879528222,1.1086773378264532,4797.0,4.041280539174389,34.11,-117.9,1.426
2.875,17.0,5.48661800486618,1.0121654501216546,1171.0,2.849148418491484,40.53,-122.27,1.298
1.25,39.0,4.548223350253807,1.101522842639594,805.0,4.086294416243655,35.36,-119.0,0.425
4.983,30.0,4.916943521594685,0.9767441860465116,1126.0,3.740863787375415,37.47,-122.13,1.667
4.4697,26.0,5.94392523364486,0.9922118380062306,1935.0,3.014018691588785,37.72,-121.93,2.213
4.0,13.0,6.40952380952381,1.119047619047619,1302.0,3.1,38.71,-120.87,1.674
7.7197,16.0,17.5,1.75,17.0,4.25,33.97,-118.43,5.00001
5.035,15.0,5.647887323943662,0.9949698189134809,2754.0,2.7706237424547284,34.19,-119.21,2.429
3.2465,5.0,4.74437627811861,1.0265848670756645,1245.0,2.5460122699386503,39.11,-121.62,0.972
4.692,35.0,5.04228855721393,1.064676616915423,879.0,2.1865671641791047,34.17,-118.41,3.309
2.9167,24.0,4.766718506998445,1.0567651632970452,1750.0,1.3608087091757388,37.87,-122.08,1.027
4.642,7.0,4.854503464203233,1.1339491916859123,2381.0,1.8329484218629715,34.15,-118.47,4.573
2.7083,21.0,4.495588235294117,1.026470588235294,1627.0,2.3926470588235293,35.33,-119.03,0.847
0.9751,48.0,4.204761904761905,1.0095238095238095,1655.0,3.9404761904761907,33.95,-118.25,0.955
2.2663,44.0,3.442922374429224,0.984779299847793,3009.0,4.579908675799087,32.79,-117.17,1.236
1.9176,24.0,4.23469387755102,0.9693877551020408,279.0,1.4234693877551021,33.02,-117.06,1.211
3.5684,7.0,4.670715249662618,1.1592442645074224,1518.0,2.048582995951417,38.03,-121.36,0.787
3.5551,30.0,4.712737127371274,0.9728997289972899,1914.0,5.186991869918699,33.71,-117.88,1.852
4.1862,14.0,4.074695121951219,1.0472560975609757,1192.0,1.8170731707317074,33.72,-118.05,1.889
4.7426,36.0,4.5770750988142295,0.8656126482213439,628.0,2.4822134387351777,33.9,-118.34,2.427
10.157,8.0,9.180451127819548,1.1077694235588973,2569.0,3.219298245614035,33.83,-117.81,4.771
4.0536,29.0,4.785294117647059,1.0544117647058824,1593.0,2.3426470588235295,33.8,-118.32,2.858
4.4167,28.0,6.2840690978886755,1.0959692898272553,1424.0,2.7332053742802302,34.19,-118.64,2.473
2.5707,17.0,3.5660377358490565,1.0527000650618088,2957.0,1.9238776837996097,32.78,-117.03,1.713
6.2427,19.0,6.446293494704992,1.0257186081694403,2621.0,3.9652042360060515,33.85,-118.08,2.887
1.7059,26.0,4.494565217391305,1.1231884057971016,2411.0,4.367753623188406,33.94,-117.46,0.858
3.2857,17.0,5.730769230769231,1.0897435897435896,3754.0,4.010683760683761,33.91,-117.49,1.391
5.2909,52.0,6.051724137931035,1.0718390804597702,743.0,2.1350574712643677,37.79,-122.46,5.00001
1.5633,41.0,4.590189873417722,1.0901898734177216,1426.0,2.2563291139240507,39.74,-121.85,0.845
2.625,50.0,4.74223602484472,1.049689440993789,728.0,2.260869565217391,32.74,-117.13,2.032
6.5378,34.0,6.696078431372549,0.9845938375350141,1879.0,2.6316526610644257,37.88,-122.06,3.409
1.7431,52.0,5.0398550724637685,1.039855072463768,632.0,2.289855072463768,34.95,-120.42,1.315
0.7473,22.0,3.116650987770461,1.1618062088428975,2381.0,2.239887111947319,34.03,-118.29,1.688
2.9107,7.0,5.545454545454546,1.0984848484848484,431.0,3.265151515151515,34.06,-117.7,0.953
3.2021,45.0,5.281437125748503,1.2005988023952097,679.0,2.032934131736527,33.99,-118.35,2.221
6.1299,18.0,4.53037037037037,0.9792592592592593,1377.0,2.04,37.37,-122.06,5.00001
5.4719,38.0,5.890080428954423,0.9571045576407506,1228.0,3.292225201072386,37.52,-122.28,3.979
6.4865,35.0,6.842105263157895,1.0921052631578947,185.0,2.4342105263157894,37.57,-122.39,4.5
4.5687,33.0,4.962546816479401,1.0262172284644195,909.0,3.404494382022472,37.55,-122.02,1.772
1.676,44.0,3.672176308539945,1.143250688705234,2297.0,3.1639118457300275,34.09,-118.32,2.088
2.2538,7.0,3.2222222222222223,1.159041394335512,1057.0,2.3028322440087146,34.95,-120.45,1.625
3.875,18.0,5.3578947368421055,1.0894736842105264,1292.0,3.4,33.85,-117.89,2.73
1.3889,16.0,5.5,1.0833333333333333,188.0,2.611111111111111,40.17,-122.72,0.875
1.5625,17.0,2.9915254237288136,0.9491525423728814,359.0,3.042372881355932,33.19,-117.38,1.625
5.3283,28.0,5.903100775193798,0.9825581395348837,1772.0,3.434108527131783,37.54,-121.99,2.279
4.1449,37.0,5.769230769230769,1.0532544378698225,1183.0,3.5,33.93,-118.09,1.753
1.9893,19.0,4.083499005964215,1.0944333996023856,2971.0,2.9532803180914513,32.79,-116.97,1.125
4.0812,45.0,5.023076923076923,1.126923076923077,585.0,2.25,33.88,-117.93,2.417
1.9659,50.0,4.333333333333333,0.9727891156462585,590.0,4.01360544217687,34.06,-117.64,0.857
2.7667,23.0,4.616702355460386,1.063169164882227,2317.0,2.480728051391863,38.32,-122.29,1.532
3.5,24.0,5.986440677966102,1.047457627118644,1681.0,2.8491525423728814,34.12,-117.2,1.139
4.7933,37.0,6.0,1.021543985637343,1635.0,2.9353680430879714,37.67,-122.14,1.869
4.6528,32.0,5.657505285412262,1.0232558139534884,986.0,2.0845665961945032,37.9,-122.05,3.357
8.2159,22.0,7.599656357388316,1.0687285223367697,1995.0,3.4278350515463916,34.3,-118.54,3.762
2.5164,30.0,4.456,1.2506666666666666,760.0,2.026666666666667,36.6,-121.88,1.781
2.288,19.0,3.7037773359840953,0.9880715705765407,868.0,1.7256461232604374,32.8,-117.24,2.1
4.9292,15.0,6.333333333333333,0.9886621315192744,1411.0,3.199546485260771,36.83,-119.75,1.094
4.2813,28.0,4.496428571428571,1.0785714285714285,668.0,2.3857142857142857,34.0,-118.47,3.844
1.6395,20.0,4.920792079207921,1.188118811881188,1135.0,3.745874587458746,33.49,-114.68,0.444
2.6774,31.0,5.00392927308448,1.0510805500982319,1579.0,3.1021611001964637,38.69,-121.78,0.958
4.3203,37.0,5.140625,0.9625,1077.0,3.365625,33.97,-118.06,1.592
4.2188,28.0,6.132007233273056,0.9945750452079566,1546.0,2.7956600361663653,38.66,-121.3,1.392
4.0781,36.0,5.605263157894737,0.9736842105263158,699.0,2.6278195488721803,33.85,-118.15,2.173
2.875,42.0,4.284263959390863,1.0609137055837563,2038.0,3.44839255499154,33.95,-118.36,1.775
2.5643,21.0,4.229224376731302,1.0796398891966759,2805.0,1.9425207756232687,34.06,-117.19,1.027
4.9676,26.0,5.333690987124464,1.0686695278969958,2370.0,2.5429184549356223,34.11,-118.17,3.814
3.5719,45.0,4.093943139678616,1.0877626699629173,1157.0,1.4301606922126082,34.07,-118.35,5.00001
3.3608,5.0,5.00972590627763,1.0415561450044208,3139.0,2.775419982316534,38.47,-121.44,1.089
7.5372,28.0,6.683297180043384,0.9978308026030369,1260.0,2.7331887201735356,37.34,-122.04,4.326
3.8274,52.0,5.341959334565619,1.055452865064695,1769.0,3.2698706099815156,37.72,-122.44,2.52
2.5809,52.0,4.700280112044818,1.0812324929971988,1220.0,3.4173669467787113,37.75,-122.41,2.553
1.95,21.0,5.510729613733906,1.3133047210300428,537.0,2.3047210300429186,33.89,-116.51,0.61
4.0859,49.0,5.486363636363636,1.1590909090909092,658.0,2.9909090909090907,37.72,-122.46,2.286
2.55,52.0,6.008771929824562,1.131578947368421,617.0,2.706140350877193,39.15,-123.21,1.129
1.7217,16.0,3.8107142857142855,1.1482142857142856,1555.0,2.7767857142857144,33.22,-117.22,1.75
3.3326,52.0,3.8916256157635467,1.0492610837438423,1462.0,3.600985221674877,34.12,-118.2,1.676
3.5313,16.0,5.384615384615385,1.0649038461538463,1104.0,2.6538461538461537,33.03,-117.27,1.487
3.0,31.0,5.2772277227722775,1.0495049504950495,794.0,2.6204620462046204,39.76,-121.65,0.967
3.0568,41.0,4.868243243243243,0.9256756756756757,646.0,2.1824324324324325,36.77,-119.82,0.713
3.4836,27.0,3.5549412577747064,1.0234968901174843,2518.0,1.7401520387007603,37.58,-122.33,2.879
3.9853,24.0,6.081690140845071,1.0394366197183098,1141.0,3.2140845070422537,38.7,-121.45,0.904
3.2331,33.0,5.987421383647798,1.0817610062893082,369.0,2.3207547169811322,37.63,-122.04,2.267
3.35,23.0,5.582491582491582,1.0336700336700337,836.0,2.814814814814815,39.7,-122.18,0.854
4.0,26.0,5.068840579710145,1.0036231884057971,1285.0,4.655797101449275,34.1,-117.97,1.601
3.2672,32.0,5.204379562043796,1.0705596107055961,1154.0,2.807785888077859,38.45,-121.83,1.075
4.5417,25.0,5.065868263473054,0.9860279441117764,1185.0,2.3652694610778444,37.65,-122.1,1.944
7.8588,34.0,7.176678445229682,1.0547703180212014,1525.0,2.6943462897526502,34.17,-118.07,4.548
6.5044,33.0,6.767241379310345,1.0043103448275863,1214.0,2.6163793103448274,34.01,-118.36,3.504
4.45,31.0,5.154377880184332,0.9930875576036866,1135.0,2.6152073732718892,33.94,-117.95,2.679
3.5962,36.0,6.095419847328245,1.1488549618320612,632.0,2.4122137404580153,40.31,-121.24,0.936
2.1435,52.0,2.8095238095238093,1.0,1920.0,2.5396825396825395,34.06,-118.31,3.289
4.6094,52.0,6.185542168674699,1.0506024096385542,1119.0,2.6963855421686747,37.76,-122.24,2.293
4.9196,27.0,6.184782608695652,0.9065217391304348,1219.0,2.65,36.73,-119.67,1.179
3.725,30.0,5.404166666666667,0.9958333333333333,1419.0,2.95625,35.38,-118.95,0.831
4.0238,15.0,3.849056603773585,1.0272536687631026,942.0,1.9748427672955975,33.72,-118.04,1.825
3.0927,40.0,4.818181818181818,1.0129870129870129,584.0,2.5281385281385282,33.98,-118.36,3.16
5.4872,7.0,6.774685222001326,0.9880715705765407,5205.0,3.4493041749502984,33.91,-117.59,2.034
4.57,18.0,6.789634146341464,1.298780487804878,1754.0,2.673780487804878,32.9,-116.52,1.899
3.3929,13.0,8.580645161290322,1.7903225806451613,214.0,3.4516129032258065,39.14,-122.7,1.083
4.3409,11.0,5.26392572944297,1.106100795755968,1508.0,2.0,33.62,-118.02,2.714
3.5845,17.0,4.63894523326572,1.0081135902636917,1240.0,2.5152129817444218,38.44,-122.74,1.643
3.3831,30.0,4.785834738617201,1.0944350758853287,1758.0,2.9645868465430016,33.83,-117.96,1.974
2.9228,35.0,3.953083109919571,1.064343163538874,2106.0,2.8230563002680964,34.18,-118.37,1.773
3.9,22.0,5.707838479809976,1.0237529691211402,1088.0,2.5843230403800477,38.51,-121.55,1.469
3.5139,31.0,4.591973244147157,1.165551839464883,1973.0,3.29933110367893,33.93,-118.35,1.928
1.75,30.0,3.727272727272727,1.0822510822510822,1062.0,4.597402597402597,33.98,-118.24,1.154
1.1793,32.0,4.494818652849741,1.1139896373056994,1699.0,4.401554404145077,33.92,-118.23,1.038
4.027,31.0,4.387628865979382,1.0721649484536082,1049.0,2.162886597938144,33.06,-117.3,2.9
3.5646,40.0,4.593283582089552,1.0951492537313432,1821.0,3.3973880597014925,33.87,-118.17,1.626
4.3333,35.0,6.00709219858156,1.049645390070922,679.0,2.4078014184397163,33.88,-117.94,2.393
2.905,41.0,4.310043668122271,1.0524017467248907,965.0,2.106986899563319,38.46,-122.71,1.593
2.9244,32.0,5.332819722650231,1.024653312788906,1507.0,2.3220338983050848,36.8,-119.77,0.846
4.9115,31.0,5.231578947368421,0.9596491228070175,1895.0,3.324561403508772,33.84,-117.99,2.555
11.2185,52.0,8.300835654596101,1.0194986072423398,967.0,2.6935933147632314,34.07,-118.32,5.00001
3.6639,25.0,5.126482213438735,1.1172595520421607,1848.0,2.4347826086956523,34.12,-118.06,2.481
3.7167,46.0,4.699822380106572,1.0781527531083481,1418.0,2.5186500888099466,37.78,-122.5,3.328
1.5809,34.0,3.5180722891566263,1.0602409638554218,625.0,3.7650602409638556,33.68,-116.21,1.0
3.0057,22.0,6.751461988304094,1.6695906432748537,919.0,2.6871345029239766,39.24,-120.02,0.936
2.4196,44.0,3.874617737003058,1.0795107033639144,1018.0,3.1131498470948014,37.34,-121.88,1.944
2.6838,30.0,21.16296296296296,4.896296296296296,291.0,2.1555555555555554,37.61,-119.64,1.646
2.7734,23.0,5.102827763496144,1.0899742930591259,1198.0,3.0796915167095116,37.79,-121.23,1.168
6.195,26.0,6.324817518248175,0.9671532846715328,796.0,2.9051094890510947,37.92,-122.08,2.649
3.463,8.0,6.363636363636363,1.1662971175166297,1307.0,2.8980044345898004,39.08,-121.04,2.017
3.413,37.0,3.581453634085213,1.0726817042606516,2089.0,5.235588972431078,33.72,-117.86,1.506
2.8438,38.0,4.7795275590551185,0.9606299212598425,632.0,2.4881889763779528,38.25,-122.04,0.942
3.776,52.0,6.222222222222222,1.101010101010101,975.0,1.9696969696969697,38.57,-121.44,1.645
5.6437,52.0,5.545774647887324,1.0,629.0,2.214788732394366,37.3,-121.9,3.12
2.6458,26.0,5.416666666666667,1.1018518518518519,830.0,3.8425925925925926,37.82,-121.27,1.275
4.8088,19.0,6.297087378640777,1.0601941747572816,1334.0,2.5902912621359224,38.66,-121.23,1.695
2.4054,38.0,6.100719424460432,1.0827338129496402,985.0,3.5431654676258995,37.11,-120.31,1.125
2.7432,35.0,4.695652173913044,1.1123188405797102,1423.0,5.155797101449275,34.05,-118.19,1.352
2.875,22.0,3.5733647613435475,1.0760164997053625,4876.0,2.873305833824396,34.21,-118.54,2.271
7.1221,34.0,6.930417495029821,1.0079522862823063,1311.0,2.606361829025845,33.8,-118.07,3.845
1.6838,14.0,4.745856353591161,1.171270718232044,541.0,2.9889502762430937,34.58,-117.41,0.579
2.6038,18.0,4.269230769230769,1.2230769230769232,1095.0,2.8076923076923075,34.15,-118.13,1.556
4.537,39.0,5.711811023622047,1.0488188976377952,1531.0,2.411023622047244,37.3,-121.9,3.459
3.8333,15.0,9.053571428571429,1.75,918.0,2.732142857142857,38.89,-120.03,1.188
3.9485,23.0,5.2182410423452765,1.0488599348534202,2295.0,3.737785016286645,34.15,-119.16,1.966
4.0227,26.0,5.889655172413793,1.0310344827586206,911.0,3.1413793103448278,38.72,-121.47,0.998
2.7308,38.0,4.080188679245283,1.0849056603773586,1724.0,4.066037735849057,33.79,-118.25,1.504
12.6417,39.0,9.10997442455243,1.0,1139.0,2.9130434782608696,37.56,-122.34,5.00001
4.85,34.0,5.35693215339233,0.9882005899705014,872.0,2.5722713864306783,34.0,-118.4,3.294
3.5583,44.0,4.512280701754386,1.075438596491228,1280.0,2.245614035087719,34.17,-118.35,2.32
2.1,41.0,3.4976076555023923,1.0370813397129186,2751.0,3.29066985645933,34.19,-118.37,1.716
2.532,39.0,3.734256926952141,1.022670025188917,2638.0,3.322418136020151,34.04,-118.32,1.727
2.7656,36.0,5.286407766990291,1.1771844660194175,914.0,2.2184466019417477,34.11,-118.06,2.395
3.2546,32.0,5.041121495327102,0.9887850467289719,1417.0,2.6485981308411213,38.79,-123.01,1.341
1.6221,41.0,3.8256070640176603,1.086092715231788,1776.0,3.9205298013245033,34.0,-118.26,1.042
3.0167,39.0,4.087234042553192,1.0276595744680852,2286.0,4.863829787234042,33.93,-118.22,1.3
2.625,17.0,8.0920245398773,1.638036809815951,393.0,2.411042944785276,40.06,-124.08,1.356
3.0398,5.0,5.054385964912281,1.024561403508772,1490.0,2.6140350877192984,37.63,-121.03,1.2
1.448,37.0,4.327433628318584,1.0265486725663717,1316.0,3.882005899705015,34.06,-117.19,0.728
1.5256,36.0,4.897777777777778,1.0977777777777777,702.0,3.12,33.93,-118.26,0.954
3.1289,42.0,4.508604206500956,1.0439770554493308,1065.0,2.0363288718929256,34.16,-118.38,3.206
5.0672,24.0,5.919776119402985,1.0223880597014925,1351.0,2.5205223880597014,37.95,-122.08,2.43
5.0366,16.0,6.741116751269035,0.949238578680203,607.0,3.081218274111675,38.35,-122.7,2.578
5.7768,49.0,6.275035260930888,1.002820874471086,1606.0,2.2651622002820875,32.77,-117.1,2.816
2.4943,29.0,5.050898203592815,0.9790419161676647,864.0,2.586826347305389,39.4,-121.75,0.819
5.0052,44.0,5.463503649635037,1.010948905109489,542.0,1.9781021897810218,33.83,-118.18,3.218
6.0302,16.0,7.008849557522124,1.168141592920354,613.0,2.7123893805309733,38.73,-121.18,2.731
3.4167,23.0,5.433915211970075,1.0211970074812968,1852.0,2.309226932668329,36.82,-119.79,1.052
4.7193,15.0,6.6571428571428575,1.0607142857142857,2419.0,2.8797619047619047,34.01,-117.01,1.352
1.7386,38.0,4.129032258064516,1.0725806451612903,676.0,5.451612903225806,37.94,-121.27,0.52
4.1523,34.0,4.6415094339622645,1.0943396226415094,926.0,2.495956873315364,34.22,-118.24,2.52
2.1013,9.0,4.148148148148148,1.028395061728395,2041.0,2.5197530864197533,38.02,-121.95,1.007
1.2667,7.0,3.326241134751773,1.053191489361702,1187.0,4.209219858156028,32.54,-117.04,0.675
4.7056,20.0,5.904137931034483,0.973103448275862,4861.0,3.352413793103448,34.03,-117.67,1.655
2.3903,52.0,4.466302367941712,1.1347905282331512,1932.0,3.519125683060109,37.75,-122.41,2.361
4.9732,34.0,5.57277628032345,0.9258760107816711,2154.0,2.9029649595687332,37.63,-122.43,3.423
2.1339,20.0,6.674489795918367,1.4295918367346938,2631.0,2.6846938775510205,34.4,-116.94,0.785
2.2083,31.0,4.441860465116279,1.12015503875969,1163.0,4.507751937984496,34.06,-118.09,1.856
2.5,21.0,3.897810218978102,1.032846715328467,1180.0,4.306569343065694,33.79,-118.3,1.575
1.7395,19.0,2.934560327198364,1.043967280163599,3325.0,3.3997955010224947,34.06,-118.24,1.625
0.9365,28.0,3.043887147335423,1.134796238244514,1618.0,2.5360501567398117,37.96,-121.28,0.525
3.2176,27.0,5.32051282051282,0.9786324786324786,692.0,2.9572649572649574,34.11,-117.21,0.894
2.3724,27.0,3.2284644194756553,1.048689138576779,1243.0,4.655430711610487,34.28,-118.43,1.542
1.372,47.0,4.030674846625767,1.2760736196319018,1155.0,3.542944785276074,36.73,-119.81,0.496
8.583,5.0,7.2727272727272725,1.0995670995670996,617.0,2.670995670995671,33.49,-117.71,3.977
4.5662,8.0,6.3076923076923075,1.0179487179487179,1784.0,4.574358974358974,32.69,-117.03,1.755
6.6827,13.0,6.916606757728253,0.9662113587347232,4389.0,3.1552839683680807,37.7,-121.86,3.137
1.2,20.0,4.625,1.375,34.0,4.25,35.32,-119.04,0.5
4.9528,13.0,7.521031207598372,1.162822252374491,2074.0,2.8141112618724557,32.76,-116.95,2.662
4.4595,24.0,6.2486910994764395,1.0078534031413613,1051.0,2.75130890052356,34.7,-120.47,1.527
4.7515,18.0,5.260416666666667,1.0873397435897436,3079.0,2.4671474358974357,33.71,-118.01,2.956
4.5272,18.0,6.1943231441048034,1.1397379912663756,1454.0,3.1746724890829694,36.81,-121.69,2.21
3.4954,8.0,4.51063829787234,1.1574468085106382,1281.0,2.725531914893617,33.92,-117.89,1.595
2.5568,35.0,3.9853372434017595,1.0527859237536656,655.0,1.9208211143695015,34.01,-118.34,3.125
2.8285,17.0,4.996610169491525,1.0677966101694916,2307.0,2.606779661016949,35.49,-120.66,1.713
5.2838,36.0,5.9,1.06,664.0,3.32,37.64,-122.09,1.726
3.1403,30.0,3.5417558886509637,0.9293361884368309,1843.0,3.9464668094218416,33.74,-117.93,1.53
3.6528,16.0,4.212523719165086,0.9715370018975332,930.0,1.7647058823529411,32.78,-117.11,1.332
4.375,51.0,6.5021645021645025,1.051948051948052,586.0,2.536796536796537,34.19,-118.3,3.324
2.0547,13.0,4.867783985102421,1.2104283054003724,1949.0,3.629422718808194,34.58,-118.12,1.026
2.79,41.0,4.067484662576687,1.0511247443762781,1015.0,2.0756646216768915,32.75,-117.24,2.26
3.5536,35.0,6.098360655737705,1.0590163934426229,1011.0,3.314754098360656,34.08,-117.92,2.07
7.8195,16.0,8.60234899328859,1.058724832214765,2142.0,3.5939597315436242,33.7,-117.98,3.905
3.66,34.0,4.670588235294118,1.0588235294117647,1080.0,3.176470588235294,34.22,-118.43,1.846
2.7535,24.0,3.2184412733260155,1.048298572996707,5516.0,6.054884742041712,33.74,-117.9,1.11
4.9286,24.0,5.781065088757397,0.8698224852071006,454.0,2.6863905325443787,32.74,-116.98,1.737
4.9286,39.0,4.898360655737705,0.9918032786885246,1466.0,2.40327868852459,33.93,-118.42,3.414
7.5953,38.0,6.05,0.9666666666666667,502.0,2.7888888888888888,33.97,-118.4,4.348
4.2594,36.0,5.366391184573002,0.9393939393939394,992.0,2.7327823691460056,33.94,-118.15,2.424
2.0595,20.0,4.712871287128713,0.9683168316831683,1581.0,3.130693069306931,36.98,-120.63,0.613
4.1064,16.0,5.0231548480463095,1.0246020260492041,1769.0,2.5600578871201156,33.86,-117.78,2.461
2.1186,28.0,4.707581227436823,1.03971119133574,1719.0,3.1028880866425994,37.8,-121.22,0.944
2.6591,26.0,7.22457627118644,1.1822033898305084,642.0,2.7203389830508473,37.59,-120.92,1.805
2.6897,33.0,4.467661691542289,0.945273631840796,470.0,2.3383084577114426,38.62,-121.32,1.483
2.4881,29.0,6.101910828025478,1.2292993630573248,1019.0,3.245222929936306,36.06,-120.79,0.875
1.9479,50.0,4.82520325203252,1.0609756097560976,907.0,3.686991869918699,37.76,-122.18,0.895
6.155,52.0,7.048076923076923,0.9942307692307693,1470.0,2.826923076923077,37.82,-122.24,3.986
1.6378,26.0,4.981927710843373,1.176706827309237,1445.0,2.9016064257028114,36.21,-119.35,0.603
2.6368,34.0,5.769021739130435,1.0516304347826086,1310.0,3.5597826086956523,37.72,-121.22,1.656
6.4265,16.0,6.909565217391305,1.0347826086956522,1971.0,3.4278260869565216,33.87,-117.76,2.637
2.1406,41.0,3.67027027027027,0.9945945945945946,788.0,4.2594594594594595,33.95,-118.2,1.653
1.9336,38.0,4.246013667425968,1.173120728929385,1768.0,4.027334851936219,34.05,-118.31,1.906
1.4511,32.0,4.644688644688645,1.0366300366300367,549.0,2.010989010989011,36.96,-120.07,0.652
6.6112,31.0,6.758474576271187,0.9194915254237288,542.0,2.2966101694915255,38.51,-121.51,2.516
2.9375,44.0,4.532846715328467,0.9854014598540146,811.0,2.95985401459854,33.98,-118.3,0.952
2.9219,28.0,4.15347721822542,1.0431654676258992,1198.0,2.8729016786570742,34.2,-118.44,2.413
0.4999,46.0,1.7142857142857142,0.5714285714285714,18.0,2.5714285714285716,37.81,-122.29,0.675
4.6161,10.0,4.281733746130031,1.13312693498452,1332.0,2.0619195046439627,33.63,-117.93,2.263
1.6486,26.0,4.337962962962963,0.9629629629629629,1834.0,4.24537037037037,36.63,-119.31,0.552
1.6355,31.0,2.338957055214724,1.1196319018404908,2510.0,3.8496932515337425,34.05,-118.28,1.625
5.0754,44.0,5.196280991735537,1.0537190082644627,967.0,1.9979338842975207,34.15,-118.4,3.745
3.0587,5.0,5.284007352941177,1.2729779411764706,2382.0,2.1893382352941178,34.08,-117.21,1.431
4.075,28.0,5.815831987075929,1.0347334410339257,3793.0,3.0638126009693054,34.38,-119.12,2.379
1.7391,18.0,3.1094890510948905,1.0875912408759123,1639.0,2.990875912408759,32.76,-117.08,1.25
6.5891,17.0,7.254464285714286,1.0669642857142858,703.0,3.138392857142857,38.29,-122.15,3.288
2.71,17.0,5.253456221198157,1.043778801843318,976.0,2.248847926267281,40.54,-122.35,0.978
2.6214,7.0,5.4910891089108915,1.0495049504950495,1374.0,2.720792079207921,37.4,-120.84,1.038
3.449,15.0,5.151515151515151,1.0524475524475525,2373.0,2.765734265734266,34.03,-117.65,1.491
10.8111,22.0,8.944444444444445,1.0339506172839505,1057.0,3.2623456790123457,33.82,-117.81,5.00001
3.443,18.0,4.731107205623902,1.0480374926772116,5325.0,3.1195079086115993,33.99,-117.9,1.719
4.3458,21.0,5.660433070866142,1.06496062992126,2230.0,2.1948818897637796,34.24,-118.55,4.075
4.0156,48.0,3.63680387409201,1.0831315577078289,1980.0,1.5980629539951574,37.79,-122.42,5.00001
2.9375,31.0,4.514705882352941,1.0852941176470587,1291.0,3.7970588235294116,33.79,-118.27,1.74
5.4287,9.0,6.452261306532663,1.0577889447236182,1149.0,2.886934673366834,35.27,-120.71,3.316
3.1446,13.0,3.284815106215578,1.03933910306845,2257.0,1.7757671125098349,34.22,-119.06,1.771
2.9844,32.0,5.322033898305085,0.8983050847457628,682.0,2.889830508474576,37.48,-120.96,1.359
5.2949,33.0,4.5,1.1,34.0,3.4,33.85,-117.87,3.5
4.8702,33.0,7.047297297297297,1.0608108108108107,425.0,2.8716216216216215,37.95,-122.08,2.356
3.5488,42.0,4.821576763485477,1.095435684647303,1044.0,4.331950207468879,33.79,-118.26,2.056
2.3798,17.0,4.784883720930233,0.9593023255813954,750.0,2.1802325581395348,39.74,-121.59,0.838
5.6864,21.0,7.677777777777778,1.0083333333333333,902.0,2.5055555555555555,38.64,-121.25,2.587
3.0556,18.0,5.473958333333333,0.9817708333333334,1059.0,2.7578125,40.4,-122.23,0.955
5.1182,17.0,6.00250626566416,1.0275689223057645,1224.0,3.0676691729323307,33.84,-117.87,2.492
2.6513,42.0,5.67420814479638,1.092760180995475,1035.0,2.341628959276018,35.37,-119.03,0.723
5.4103,32.0,6.114285714285714,1.0879120879120878,1092.0,2.4,37.28,-122.0,3.359
4.95,43.0,5.695652173913044,1.0850661625708884,1525.0,2.8827977315689983,33.81,-118.2,1.94
1.7184,11.0,4.006172839506172,1.0041152263374487,2104.0,4.329218106995885,36.78,-120.39,0.552
2.2765,30.0,4.021645021645021,1.028860028860029,2647.0,3.8196248196248197,34.07,-117.64,0.981
2.3375,17.0,4.770818995182381,1.0227116311080524,3056.0,2.1032346868547833,36.82,-119.76,0.993
4.3523,26.0,4.901694915254238,1.0033898305084745,884.0,2.9966101694915253,38.42,-122.73,1.5
2.558,15.0,3.8518518518518516,0.9590643274853801,2024.0,1.97270955165692,37.32,-120.47,1.216
4.0893,16.0,4.6104651162790695,1.0959302325581395,625.0,1.816860465116279,34.15,-118.34,4.5
4.4551,16.0,5.260649087221095,1.028397565922921,1512.0,1.5334685598377282,37.86,-122.06,2.524
4.25,35.0,5.481037924151696,0.9540918163672655,1779.0,3.5508982035928143,34.1,-117.91,1.667
2.5156,18.0,6.1393034825870645,1.3233830845771144,543.0,2.701492537313433,39.79,-120.53,0.719
2.9167,43.0,4.64,1.216,393.0,1.572,34.01,-118.47,4.611
2.8456,30.0,4.970588235294118,1.1568627450980393,537.0,2.6323529411764706,37.92,-122.31,1.833
9.7037,8.0,8.94675925925926,1.0717592592592593,1548.0,3.5833333333333335,37.76,-121.96,4.251
4.0234,52.0,4.9605263157894735,0.9144736842105263,1138.0,3.7434210526315788,37.71,-122.43,2.665
5.0958,16.0,5.4281984334203655,1.0287206266318538,746.0,1.947780678851175,32.79,-117.2,3.0
8.3275,4.0,7.875,0.9821428571428571,705.0,3.1473214285714284,33.55,-117.69,3.842
2.3287,16.0,5.705,1.1,563.0,2.815,40.63,-122.23,1.307
2.7279,34.0,3.404063205417607,1.090293453724605,774.0,1.747178329571106,37.39,-122.09,3.656
3.2061,41.0,3.8682634730538923,1.1122754491017963,1058.0,1.5838323353293413,34.0,-118.48,3.7
2.8514,52.0,3.8017543859649123,1.0912280701754387,1095.0,1.9210526315789473,33.99,-118.47,3.587
1.7716,29.0,4.131616595135909,1.0772532188841202,2949.0,4.218884120171674,35.24,-118.91,0.455
3.0833,33.0,4.25107296137339,1.03862660944206,1665.0,3.572961373390558,34.21,-118.38,1.791
1.8958,35.0,5.240663900414938,1.0871369294605808,950.0,3.9419087136929463,32.81,-115.38,0.675
4.25,40.0,5.302593659942363,1.031700288184438,1218.0,3.510086455331412,34.19,-118.16,1.779
3.8864,52.0,4.997014925373135,1.0328358208955224,734.0,2.191044776119403,37.74,-122.42,2.813
2.1743,30.0,3.364394993045897,0.9944367176634215,3208.0,4.461752433936022,33.97,-118.16,1.76
1.9472,40.0,5.026490066225166,1.099337748344371,1391.0,3.0706401766004414,33.93,-116.98,0.732
5.7376,17.0,6.163636363636364,1.02020202020202,1705.0,3.4444444444444446,34.28,-118.72,2.186
3.8,42.0,4.525316455696203,0.9177215189873418,730.0,4.620253164556962,34.21,-118.38,1.695
3.925,12.0,6.089795918367347,1.0353741496598639,2255.0,3.068027210884354,34.52,-117.2,1.185
3.0833,34.0,3.0764331210191083,0.8343949044585988,291.0,1.8535031847133758,37.52,-122.26,2.563
1.1576,44.0,3.279620853080569,0.976303317535545,398.0,1.886255924170616,40.87,-124.09,0.875
5.0142,15.0,5.981954887218045,1.0406015037593985,2418.0,3.6360902255639096,33.99,-117.95,2.699
3.3906,42.0,5.416974169741698,1.03690036900369,571.0,2.107011070110701,38.53,-121.49,1.242
3.7175,17.0,6.606914212548015,1.089628681177977,2344.0,3.001280409731114,33.73,-116.94,1.2
6.4761,39.0,6.536231884057971,0.9601449275362319,730.0,2.6449275362318843,34.16,-118.07,3.975
3.2019,33.0,6.128571428571429,1.019047619047619,580.0,2.761904761904762,36.34,-119.72,1.125
1.3194,14.0,3.4556962025316458,1.0,827.0,3.4894514767932487,32.7,-117.12,0.905
3.6705,50.0,5.130563798219584,1.053412462908012,617.0,1.8308605341246291,32.77,-117.11,1.67
4.1862,15.0,5.538551401869159,1.1168224299065421,2043.0,2.3866822429906542,38.33,-122.3,1.836
2.9716,15.0,4.613065326633166,1.0615577889447236,1827.0,2.2952261306532664,33.19,-117.33,1.736
3.6736,23.0,5.556574923547401,0.9877675840978594,1371.0,4.192660550458716,32.57,-117.09,1.395
3.0917,48.0,4.939102564102564,1.0064102564102564,819.0,2.625,33.97,-118.31,1.361
8.5184,26.0,6.759541984732825,0.9675572519083969,1392.0,2.6564885496183206,37.48,-122.27,5.00001
1.2656,17.0,6.466666666666667,1.6,29.0,1.9333333333333333,33.92,-114.67,0.275
2.375,46.0,5.5,0.9166666666666666,30.0,2.5,37.63,-122.42,2.75
6.4562,23.0,7.626506024096385,1.0963855421686748,236.0,2.8433734939759034,38.09,-121.23,2.3
4.0,32.0,5.5,1.033112582781457,1201.0,3.9768211920529803,33.92,-117.95,1.782
12.8665,37.0,7.4575645756457565,1.0129151291512914,1318.0,2.4317343173431736,34.07,-118.48,5.00001
6.0689,19.0,6.7318181818181815,0.9204545454545454,1295.0,2.9431818181818183,33.61,-117.68,2.48
3.1543,29.0,4.933949801849406,1.0673712021136064,1873.0,2.474240422721268,36.61,-121.92,2.538
2.9334,22.0,4.334478021978022,1.0796703296703296,6666.0,4.5782967032967035,34.07,-118.01,1.826
1.5464,17.0,4.5,0.9935064935064936,2022.0,4.376623376623376,36.31,-119.22,0.541
3.0217,52.0,4.424242424242424,1.0404040404040404,176.0,1.7777777777777777,38.57,-121.47,2.0
4.8862,26.0,4.425396825396826,0.7555555555555555,990.0,3.142857142857143,37.26,-121.8,1.95
6.6049,16.0,8.853061224489796,1.0693877551020408,877.0,3.5795918367346937,37.93,-121.93,3.126
8.2004,32.0,8.2491961414791,1.0691318327974277,1877.0,3.017684887459807,34.15,-118.05,5.00001
5.2957,18.0,6.4839319470699435,1.0198487712665407,3205.0,3.0293005671077506,38.09,-122.2,1.719
3.3594,30.0,3.972972972972973,1.06006006006006,856.0,2.5705705705705704,34.18,-118.42,2.022
5.5449,44.0,5.700704225352113,0.9859154929577465,815.0,2.869718309859155,33.82,-118.13,2.322
3.9464,50.0,5.328877005347594,1.0962566844919786,1009.0,2.697860962566845,37.76,-122.5,2.956
2.575,34.0,5.493265993265993,1.0168350168350169,1290.0,2.1717171717171717,39.74,-121.83,1.303
10.3345,5.0,8.74031007751938,1.0426356589147288,876.0,3.395348837209302,37.76,-121.93,4.614
1.7115,51.0,3.3595800524934383,1.1076115485564304,1560.0,4.094488188976378,34.03,-118.27,1.25
4.6366,40.0,5.311764705882353,1.0215686274509803,1156.0,2.2666666666666666,37.49,-122.25,3.955
3.8906,15.0,4.832386363636363,0.9829545454545454,723.0,2.053977272727273,38.67,-121.27,1.287
9.3603,51.0,6.765586034912718,0.9875311720698254,1090.0,2.718204488778055,37.75,-122.47,5.00001
2.9063,31.0,5.508710801393728,1.0418118466898956,776.0,2.7038327526132404,40.87,-121.67,0.778
3.0577,13.0,6.056085918854415,1.1670644391408114,3033.0,3.619331742243437,37.65,-120.94,1.19
9.3586,32.0,7.129353233830845,0.9900497512437811,498.0,2.4776119402985075,37.36,-122.1,5.00001
3.875,33.0,4.509090909090909,1.084090909090909,1764.0,4.009090909090909,33.8,-118.22,1.651
3.2614,19.0,5.767213114754099,1.0786885245901638,2091.0,3.4278688524590164,33.36,-117.1,1.688
6.1359,31.0,6.04054054054054,0.981081081081081,914.0,2.4702702702702704,34.17,-118.42,3.597
2.7377,29.0,6.276716206652512,1.1019108280254777,12427.0,4.397381457891012,34.7,-120.59,0.283
5.9897,8.0,6.125,0.9435483870967742,711.0,2.8669354838709675,36.85,-119.77,1.236
3.6042,13.0,4.461956521739131,1.1494565217391304,841.0,2.285326086956522,33.66,-117.9,2.26
2.1544,26.0,4.402409638554217,1.008433734939759,1976.0,2.3807228915662653,36.79,-119.76,0.728
6.3566,16.0,5.561643835616438,0.8794520547945206,1343.0,3.6794520547945204,37.27,-121.82,2.791
3.3955,19.0,3.524737631184408,1.103448275862069,2636.0,1.9760119940029985,34.02,-118.41,2.25
4.7872,16.0,5.845505617977528,0.9775280898876404,1332.0,3.741573033707865,34.04,-117.66,1.476
2.9891,18.0,5.96,1.3854545454545455,1338.0,2.4327272727272726,34.83,-118.95,1.165
3.5506,18.0,4.944333996023857,1.025844930417495,980.0,1.94831013916501,38.51,-122.47,1.875
3.0139,45.0,4.796610169491525,1.0677966101694916,1076.0,2.2796610169491527,38.23,-122.63,1.941
2.9449,17.0,5.624801271860095,1.1542130365659777,1603.0,2.548489666136725,37.21,-119.45,0.956
2.5875,17.0,5.381188118811881,1.2574257425742574,522.0,2.5841584158415842,39.25,-123.36,1.445
2.5701,52.0,3.4194630872483223,1.0553691275167785,2007.0,3.36744966442953,37.76,-122.42,2.667
2.3482,22.0,4.001342281879195,1.1718120805369128,1751.0,2.350335570469799,32.8,-117.23,1.906
3.3421,30.0,5.032119914346895,1.0107066381156318,945.0,2.02355460385439,34.08,-118.11,2.01
5.1508,15.0,5.3171728971962615,1.078855140186916,3333.0,1.9468457943925233,33.77,-118.11,3.673
3.3214,25.0,6.093862815884476,1.0902527075812274,879.0,3.1732851985559565,36.38,-119.69,1.031
4.0388,17.0,4.877598152424942,1.1085450346420322,1893.0,4.371824480369515,33.51,-117.67,1.204
1.3904,30.0,3.919753086419753,1.126543209876543,840.0,2.5925925925925926,40.44,-122.29,0.481
3.6333,7.0,4.094545454545455,1.0363636363636364,1576.0,2.8654545454545453,33.77,-117.98,1.698
3.3006,17.0,3.926091825307951,1.110862262038074,2104.0,2.3561030235162375,33.83,-117.98,1.858
3.5711,32.0,4.707964601769912,1.13653603034134,1912.0,2.4171934260429837,34.18,-118.4,3.127
4.0647,23.0,4.717112922002328,1.1117578579743888,1950.0,2.270081490104773,33.43,-117.62,2.406
3.25,29.0,4.505665722379604,1.0113314447592068,1603.0,2.270538243626062,33.94,-117.41,1.125
3.2158,11.0,4.781059063136456,0.9725050916496945,2065.0,2.1028513238289204,34.27,-119.22,2.236
4.0301,14.0,4.536612021857923,1.028415300546448,3163.0,3.456830601092896,34.31,-118.44,1.543
7.0671,11.0,7.643540669856459,0.9808612440191388,1774.0,4.244019138755981,37.34,-121.78,3.782
4.2227,28.0,4.899532710280374,0.947429906542056,2556.0,2.985981308411215,34.21,-119.19,2.354
1.6647,35.0,4.290106951871658,1.0327540106951871,3814.0,2.549465240641711,38.59,-121.52,0.691
4.8571,28.0,6.864864864864865,0.9459459459459459,118.0,3.189189189189189,35.43,-119.09,2.375
4.1042,36.0,5.4319809069212415,1.0238663484486874,1001.0,2.389021479713604,34.27,-118.51,2.521
3.0723,6.0,6.269858541893362,1.2132752992383025,2551.0,2.7758433079434166,34.98,-120.47,1.373
4.8988,13.0,5.113243761996161,0.9942418426103646,1468.0,2.817658349328215,34.32,-118.47,3.252
5.8783,34.0,6.326820603907637,1.0035523978685612,1542.0,2.738898756660746,37.6,-122.42,4.051
1.7926,22.0,3.8708860759493673,0.9493670886075949,1543.0,3.9063291139240506,36.84,-119.79,0.517
5.3799,4.0,7.944629014396456,1.1877076411960132,5839.0,3.233111849390919,34.63,-118.22,2.224
5.5,21.0,7.377005347593583,1.0935828877005347,1053.0,2.8155080213903743,38.65,-121.31,1.657
1.9354,35.0,2.7146984470928133,1.0693391115926327,5899.0,2.1303719754423978,34.1,-118.3,3.4
1.8355,34.0,5.1030303030303035,1.1272727272727272,635.0,3.8484848484848486,39.36,-121.69,0.63
3.7857,5.0,4.199004975124378,1.0696517412935322,857.0,2.1318407960199006,33.66,-117.84,2.316
2.125,52.0,3.5919117647058822,1.0625,412.0,1.5147058823529411,34.43,-119.7,3.0
6.0,22.0,4.8842592592592595,0.9444444444444444,682.0,3.1574074074074074,33.85,-118.08,1.913
6.1885,10.0,6.631578947368421,0.9818511796733213,1638.0,2.972776769509982,34.26,-119.17,2.673
3.8214,36.0,5.600823045267489,1.059670781893004,1390.0,2.860082304526749,33.95,-118.04,1.785
4.6667,13.0,4.937677053824363,1.028328611898017,854.0,2.4192634560906514,32.9,-117.12,1.382
1.9238,39.0,3.996941896024465,0.9694189602446484,1862.0,2.8470948012232418,38.13,-121.27,0.707
4.1993,23.0,6.069252077562327,1.149584487534626,959.0,2.656509695290859,38.5,-122.47,2.145
3.5341,52.0,4.929203539823009,1.0508849557522124,1311.0,2.900442477876106,34.13,-118.18,1.821
2.4028,17.0,31.77777777777778,9.703703703703704,47.0,1.7407407407407407,40.06,-121.54,0.675
4.1731,36.0,5.491803278688525,0.9057377049180327,848.0,3.4754098360655736,34.05,-117.93,2.051
3.2969,37.0,5.030973451327434,0.8982300884955752,672.0,2.9734513274336285,34.08,-117.95,1.89
2.5119,26.0,4.6348773841961854,1.1008174386920981,989.0,2.6948228882833787,33.2,-117.24,1.717
3.8803,6.0,5.762492981471084,1.046603032004492,6163.0,3.4604154969118475,34.58,-117.78,1.2
3.225,44.0,5.854984894259819,1.2054380664652569,946.0,2.8580060422960725,37.75,-122.15,1.358
7.2772,36.0,7.858156028368795,1.0591016548463357,1190.0,2.813238770685579,34.23,-118.51,4.772
2.6397,29.0,4.469026548672566,1.0,411.0,3.6371681415929205,33.91,-118.1,1.644
2.2308,34.0,4.235690235690235,1.0286195286195285,1317.0,2.217171717171717,32.75,-117.06,1.259
10.1882,38.0,7.401883830455259,1.084772370486656,1660.0,2.6059654631083204,34.04,-118.51,5.00001
5.9039,21.0,6.445414847161572,1.0436681222707425,2616.0,2.8558951965065504,37.03,-122.01,3.553
2.2368,7.0,4.43313373253493,1.093812375249501,1440.0,2.874251497005988,33.37,-117.26,1.546
2.825,38.0,5.768656716417911,1.0970149253731343,320.0,2.388059701492537,37.74,-121.42,1.525
2.5536,25.0,4.510791366906475,1.038369304556355,1337.0,3.2062350119904077,34.06,-117.69,1.44
4.0357,17.0,6.472843450479234,1.0798722044728435,873.0,2.7891373801916934,40.74,-124.17,1.289
2.8819,33.0,5.022779043280182,1.031890660592255,1138.0,2.592255125284738,33.19,-117.37,2.086
1.128,46.0,4.295454545454546,1.047077922077922,1684.0,2.7337662337662336,38.56,-121.5,1.231
7.8532,8.0,6.961538461538462,1.043956043956044,1527.0,4.195054945054945,37.44,-121.89,4.228
8.4888,30.0,5.954113924050633,1.134493670886076,1292.0,2.0443037974683542,37.9,-122.45,5.00001
3.4028,52.0,4.429184549356223,1.0643776824034334,1726.0,3.703862660944206,37.76,-122.41,2.333
6.311,25.0,6.657575757575757,0.9696969696969697,934.0,2.83030303030303,34.3,-119.19,2.832
1.7774,23.0,3.6368989205103044,1.085377821393523,3785.0,3.7144259077526987,38.0,-121.3,1.0
4.0272,45.0,4.583720930232558,1.0209302325581395,1245.0,2.895348837209302,34.13,-118.24,2.605
3.2083,21.0,4.1502732240437155,1.0601092896174864,1203.0,3.2868852459016393,33.87,-117.88,1.453
3.0602,29.0,6.246212121212121,1.2954545454545454,671.0,2.5416666666666665,35.2,-119.93,0.698
4.8526,16.0,5.953068592057762,1.0036101083032491,993.0,3.5848375451263537,33.14,-117.13,1.707
4.3783,16.0,6.028612303290415,1.0643776824034334,1820.0,2.603719599427754,32.83,-117.1,1.795
4.267,35.0,5.5315985130111525,0.9628252788104089,1424.0,2.646840148698885,37.68,-122.14,2.103
1.5625,22.0,4.358638743455497,1.0602094240837696,826.0,2.162303664921466,40.59,-124.14,0.668
4.4435,35.0,6.191836734693878,1.0489795918367346,658.0,2.6857142857142855,34.14,-117.27,0.976
6.6579,9.0,5.659528907922912,0.9400428265524625,1105.0,2.366167023554604,37.97,-122.08,2.452
3.2981,52.0,3.9532908704883227,1.0021231422505308,872.0,1.851380042462845,37.77,-122.43,2.227
2.4297,35.0,3.6475095785440614,1.0383141762452108,949.0,3.636015325670498,33.93,-118.18,1.472
5.0462,34.0,6.370491803278688,1.0491803278688525,895.0,2.9344262295081966,34.21,-118.59,2.277
4.2031,8.0,5.520833333333333,1.1354166666666667,398.0,4.145833333333333,38.55,-121.13,2.125
3.0846,47.0,5.933333333333334,1.1333333333333333,832.0,2.641269841269841,36.34,-119.65,0.761
3.6369,16.0,5.271186440677966,1.0254237288135593,696.0,2.9491525423728815,38.33,-122.7,1.587
5.8453,10.0,15.115384615384615,2.230769230769231,247.0,2.375,40.23,-121.19,1.938
4.6649,24.0,5.631703470031546,1.0488958990536277,3418.0,2.695583596214511,33.72,-118.04,2.378
2.6618,10.0,6.204081632653061,1.2551020408163265,1403.0,2.045189504373178,34.1,-116.32,0.81
10.7569,52.0,7.450617283950617,0.9382716049382716,465.0,2.8703703703703702,37.75,-122.46,5.00001
0.8172,52.0,6.102459016393443,1.3729508196721312,728.0,2.9836065573770494,37.82,-122.28,0.853
10.3983,31.0,7.888888888888889,1.2006172839506173,1530.0,2.361111111111111,33.49,-117.73,5.00001
1.875,40.0,4.110266159695818,1.0722433460076046,970.0,3.688212927756654,34.09,-118.22,1.5
4.0473,9.0,5.479078514339445,0.9873060648801129,7596.0,3.571227080394922,33.91,-117.23,1.272
5.1654,41.0,5.235714285714286,1.1071428571428572,652.0,4.6571428571428575,37.48,-122.2,2.336
5.5676,16.0,7.4694280078895465,1.0157790927021697,1606.0,3.1676528599605525,37.99,-121.88,1.742
1.7961,52.0,3.5789473684210527,1.2982456140350878,248.0,4.350877192982456,32.67,-117.11,0.475
3.8426,16.0,4.70694087403599,1.0025706940874035,1347.0,3.462724935732648,33.85,-118.03,3.444
2.2917,34.0,4.367857142857143,1.0035714285714286,824.0,2.942857142857143,37.74,-122.17,0.925
10.5793,16.0,7.75,1.0625,567.0,2.7259615384615383,37.27,-122.06,5.00001
6.7785,19.0,7.801052631578948,1.1,2814.0,2.962105263157895,34.2,-118.63,3.361
4.6477,27.0,6.098214285714286,1.2410714285714286,1230.0,3.6607142857142856,36.92,-121.47,2.659
1.6034,30.0,3.8519269776876266,1.1075050709939147,1620.0,3.286004056795132,32.75,-117.09,0.844
3.1131,25.0,4.751798561151079,1.0611510791366907,396.0,1.4244604316546763,33.6,-117.7,0.771
1.9949,14.0,2.749559082892416,1.1393298059964727,1639.0,2.890652557319224,34.06,-118.31,3.8
2.875,46.0,0.8461538461538461,0.8461538461538461,24.0,1.8461538461538463,34.28,-118.44,1.625
4.75,35.0,5.513317191283293,1.0169491525423728,1353.0,3.276029055690073,37.53,-121.97,1.97
4.5417,21.0,5.9035087719298245,1.0460526315789473,1330.0,2.9166666666666665,34.25,-118.47,2.389
1.6607,30.0,4.043010752688172,1.043010752688172,733.0,3.9408602150537635,32.79,-115.54,0.561
2.5125,42.0,4.807894736842106,0.9947368421052631,880.0,2.3157894736842106,32.76,-117.07,1.766
2.1477,27.0,4.968454258675079,1.0126182965299684,1063.0,3.3533123028391167,36.05,-119.12,0.539
3.4609,14.0,8.62530413625304,1.7080291970802919,946.0,2.3017031630170317,38.48,-120.56,1.209
2.8788,38.0,5.86219739292365,1.0577281191806331,1378.0,2.5661080074487894,36.35,-119.65,0.855
5.3559,26.0,5.741496598639456,0.9546485260770975,1274.0,2.888888888888889,33.74,-118.04,2.358
2.1287,30.0,5.876168224299065,1.1238317757009346,1327.0,3.100467289719626,37.93,-122.34,0.95
2.5446,27.0,22.646341463414632,3.953658536585366,1135.0,2.768292682926829,34.26,-117.16,1.352
2.2328,46.0,4.890350877192983,1.0701754385964912,1985.0,4.353070175438597,34.18,-118.15,1.421
3.5074,37.0,5.124137931034483,1.0206896551724138,977.0,3.3689655172413793,36.59,-119.4,0.938
3.0208,32.0,5.151515151515151,1.0858585858585859,421.0,2.1262626262626263,41.06,-124.14,1.434
1.8281,29.0,3.963740458015267,1.1011450381679388,1418.0,2.7061068702290076,34.13,-117.28,0.768
2.5588,36.0,3.9771812080536915,1.1248322147651006,1129.0,1.5154362416107383,34.1,-118.36,5.00001
6.1168,27.0,5.712837837837838,0.9763513513513513,807.0,2.7263513513513513,37.97,-121.97,2.105
2.0043,29.0,4.92332268370607,0.9297124600638977,1007.0,3.2172523961661343,36.71,-119.8,0.535
5.2118,35.0,5.49009900990099,1.0198019801980198,515.0,2.5495049504950495,34.2,-118.49,2.158
4.2538,13.0,5.133645955451348,1.022274325908558,2560.0,3.0011723329425557,34.26,-118.4,1.543
5.5164,40.0,6.228739002932551,1.316715542521994,643.0,1.8856304985337244,36.56,-121.92,3.691
4.6607,33.0,5.996621621621622,1.0439189189189189,1071.0,3.6182432432432434,34.36,-118.93,1.879
2.725,32.0,5.992395437262357,1.1330798479087452,3490.0,6.634980988593156,34.15,-119.22,4.5
1.2548,22.0,4.410041841004184,1.0,428.0,1.790794979079498,34.57,-117.29,0.683
4.5769,32.0,6.34113712374582,1.1438127090301002,806.0,2.6956521739130435,34.48,-117.96,1.594
2.7028,29.0,4.828326180257511,1.1373390557939915,1760.0,2.5178826895565094,34.03,-117.04,0.92
1.9423,21.0,4.900452488687783,1.004524886877828,2611.0,3.93815987933635,38.51,-121.42,0.878
5.9641,44.0,4.357142857142857,1.0285714285714285,156.0,2.2285714285714286,33.99,-118.44,2.75
2.9474,37.0,4.869047619047619,1.0138888888888888,1165.0,2.3115079365079363,34.07,-117.66,1.396
3.5335,21.0,3.55,1.05,2719.0,1.9147887323943662,34.04,-118.47,2.688
4.4074,52.0,4.683794466403162,0.9723320158102767,480.0,1.8972332015810276,37.76,-122.4,2.773
1.3889,25.0,4.552529182879377,1.0077821011673151,804.0,3.1284046692607004,36.21,-119.36,0.502
2.3125,15.0,5.9010989010989015,1.2557442557442557,2310.0,2.3076923076923075,35.63,-118.41,0.969
3.5398,52.0,5.4373522458628845,1.0472813238770686,1225.0,2.895981087470449,37.78,-122.2,1.584
2.2794,42.0,5.0,0.9700374531835206,1548.0,2.898876404494382,38.67,-121.77,1.089
1.4946,34.0,4.340694006309148,1.1861198738170347,702.0,2.2145110410094637,39.15,-121.58,0.555
4.5401,28.0,5.544388609715243,0.9614740368509213,1811.0,3.033500837520938,37.99,-122.07,1.669
3.5562,16.0,3.411602209944751,1.1464088397790055,1170.0,1.6160220994475138,32.78,-117.11,0.735
3.0,35.0,5.040697674418604,1.055232558139535,1527.0,4.438953488372093,34.04,-118.04,1.606
1.5531,15.0,4.02491103202847,1.0142348754448398,728.0,2.590747330960854,37.51,-120.85,0.931
4.7159,9.0,6.402298850574713,0.9885057471264368,529.0,3.0402298850574714,37.68,-120.97,1.637
5.0,18.0,5.66941297631308,1.035015447991761,2641.0,2.7198764160659112,37.56,-121.99,2.697
3.1509,19.0,4.008556759840274,1.0536223616657159,3759.0,2.1443240159726185,37.28,-121.95,2.429
3.3466,52.0,5.733542319749216,0.9435736677115988,694.0,2.175548589341693,37.96,-121.31,0.926
2.8611,31.0,4.385767790262173,1.202247191011236,603.0,2.258426966292135,33.03,-117.33,3.143
2.9886,21.0,5.097130242825607,0.9359823399558499,1047.0,2.3112582781456954,36.31,-119.32,0.875
5.6613,15.0,5.953051643192488,0.971830985915493,1400.0,3.2863849765258215,38.32,-122.69,1.724
4.037,35.0,4.537549407114624,1.0197628458498025,975.0,3.8537549407114624,34.08,-118.04,1.733
1.8039,42.0,3.543726235741445,0.9657794676806084,900.0,3.4220532319391634,37.77,-122.19,0.923
2.3182,24.0,5.574931880108992,1.2043596730245232,812.0,2.212534059945504,33.17,-117.36,5.00001
2.5313,35.0,4.167487684729064,1.041871921182266,1578.0,3.8866995073891624,34.05,-118.31,3.058
3.5288,42.0,5.31960049937578,1.048689138576779,2013.0,2.51310861423221,36.66,-121.65,2.21
3.712,21.0,6.373333333333333,1.0566666666666666,1818.0,3.03,38.66,-121.3,1.39
2.3438,18.0,4.970394736842105,1.0361842105263157,1062.0,3.4934210526315788,38.61,-121.48,0.894
2.6145,10.0,5.116991643454039,1.0222841225626742,1864.0,2.596100278551532,36.35,-119.62,0.803
3.93,11.0,6.474264705882353,1.1452205882352942,1456.0,2.676470588235294,38.81,-121.04,1.634
3.3958,42.0,4.523809523809524,1.1904761904761905,643.0,2.5515873015873014,34.18,-118.37,1.784
1.9356,41.0,4.490140845070423,1.0338028169014084,1074.0,3.0253521126760563,37.76,-122.17,0.906
3.4032,37.0,4.172839506172839,1.0555555555555556,691.0,2.132716049382716,37.68,-122.1,1.969
4.6354,36.0,5.841911764705882,0.9742647058823529,804.0,2.9558823529411766,33.89,-118.01,2.029
4.9643,34.0,5.059183673469388,1.0020408163265306,1131.0,2.3081632653061224,33.63,-117.92,3.179
4.3409,40.0,5.134883720930232,1.041860465116279,669.0,3.1116279069767443,36.98,-121.99,2.563
2.0538,34.0,4.233986928104575,1.05359477124183,2331.0,3.0470588235294116,34.04,-118.36,1.258
3.15,26.0,4.724691358024692,1.0049382716049382,3367.0,4.1567901234567906,34.04,-117.73,1.297
6.7851,45.0,6.957746478873239,1.0234741784037558,1067.0,2.504694835680751,37.81,-122.2,3.235
2.3906,27.0,5.27027027027027,1.0225225225225225,660.0,2.972972972972973,37.59,-120.69,0.818
2.5321,37.0,4.344827586206897,1.030852994555354,2499.0,4.535390199637024,33.89,-118.2,1.051
1.7951,18.0,3.9053356282271947,1.1738382099827882,1329.0,2.287435456110155,32.77,-117.06,1.618
1.5313,23.0,3.305,1.0183333333333333,2048.0,3.4133333333333336,33.96,-118.28,0.914
2.6364,36.0,4.02,1.1,1763.0,5.037142857142857,33.97,-118.14,1.5
3.4764,13.0,4.711904761904762,1.0297619047619047,1981.0,2.3583333333333334,33.15,-117.09,1.375
2.0437,36.0,3.9643799472295513,1.017150395778364,2054.0,2.7097625329815305,34.04,-118.38,3.091
3.724,15.0,5.15127582017011,1.06865127582017,5008.0,3.0425273390036454,38.14,-122.24,1.316
3.4833,15.0,5.746153846153846,0.9769230769230769,997.0,2.556410256410256,33.15,-117.13,1.932
6.0374,33.0,6.811881188118812,0.9867986798679867,813.0,2.6831683168316833,37.59,-122.39,5.00001
2.5,42.0,5.151515151515151,0.8888888888888888,247.0,2.494949494949495,36.6,-119.45,0.73
3.6,44.0,6.094086021505376,1.1451612903225807,980.0,2.6344086021505375,34.15,-118.02,3.074
4.0833,33.0,4.836065573770492,1.010928961748634,1346.0,3.6775956284153004,33.93,-117.94,1.625
1.7418,8.0,4.754360465116279,1.1584302325581395,2700.0,3.9244186046511627,35.79,-119.25,0.622
4.8333,34.0,4.647859922178989,1.0136186770428015,1560.0,3.035019455252918,34.21,-118.59,2.254
3.1944,6.0,4.589403973509934,0.9470198675496688,276.0,1.8278145695364238,38.63,-121.5,1.17
2.1731,38.0,4.46969696969697,1.053030303030303,620.0,4.696969696969697,33.96,-118.14,1.438
4.9783,15.0,7.083601286173633,1.0032154340836013,1051.0,3.379421221864952,37.99,-121.87,1.639
3.9464,14.0,5.986970684039088,1.1726384364820848,1176.0,1.9153094462540716,33.1,-117.25,1.719
2.1653,16.0,4.625482625482626,1.0154440154440154,1338.0,2.583011583011583,36.8,-119.72,0.788
1.4514,38.0,5.78,1.205,877.0,4.385,33.97,-117.37,0.799
1.6352,46.0,5.432276657060519,1.1095100864553313,871.0,2.510086455331412,39.51,-121.56,0.531
2.8333,15.0,3.708955223880597,1.1074626865671642,1994.0,2.976119402985075,34.23,-118.36,1.832
4.8047,15.0,4.93351548269581,1.0919854280510017,2593.0,2.3615664845173043,37.53,-122.28,4.38
4.4107,22.0,4.1257861635220126,1.1735849056603773,1842.0,2.3169811320754716,37.39,-122.03,2.327
2.5417,50.0,5.964980544747082,1.1206225680933852,532.0,2.0700389105058368,38.56,-121.43,1.259
2.3971,17.0,4.654867256637168,1.0553097345132743,1476.0,1.6327433628318584,37.28,-121.85,0.875
2.5172,31.0,4.895774647887324,1.1887323943661972,746.0,2.101408450704225,36.97,-121.94,3.308
1.7,48.0,2.86,0.82,222.0,4.44,33.79,-118.22,1.042
6.0621,20.0,6.512195121951219,1.018970189701897,1149.0,3.113821138211382,37.06,-122.0,3.044
4.5217,23.0,5.1867612293144205,1.0212765957446808,2526.0,2.9858156028368796,33.84,-117.84,2.194
3.5774,14.0,5.409185803757829,1.0375782881002087,1371.0,2.862212943632568,38.16,-121.14,1.139
1.6027,38.0,3.6452905811623246,0.9959919839679359,2110.0,4.228456913827655,33.97,-118.28,0.973
2.1513,27.0,4.698550724637681,1.0521739130434782,909.0,2.634782608695652,37.93,-121.19,0.997
3.3438,36.0,4.550684931506849,1.082191780821918,690.0,1.8904109589041096,34.06,-118.37,5.00001
4.1518,13.0,6.1980676328502415,1.0845410628019323,1181.0,2.8526570048309177,35.73,-117.87,0.918
3.625,25.0,5.329136690647482,0.9928057553956835,1162.0,2.0899280575539567,32.8,-117.08,1.845
3.2444,16.0,6.179166666666666,1.2041666666666666,1365.0,2.84375,38.7,-121.32,1.184
5.0778,16.0,6.274356103023516,1.0503919372900337,3045.0,3.4098544232922734,33.86,-118.06,2.937
4.5278,16.0,5.934065934065934,0.9120879120879121,507.0,2.7857142857142856,38.01,-121.36,1.669
2.947,29.0,5.3839150227617605,1.1062215477996966,1542.0,2.339908952959029,35.41,-118.96,0.871
5.7613,23.0,6.296747967479675,1.1016260162601625,1486.0,3.0203252032520327,34.2,-118.62,2.358
3.0972,34.0,6.452914798206278,1.1345291479820627,607.0,2.7219730941704037,36.31,-119.29,0.828
1.7075,9.0,4.937153419593345,1.1959334565619224,1484.0,2.743068391866913,36.14,-120.35,0.604
5.7528,34.0,4.623376623376624,0.8571428571428571,757.0,3.277056277056277,33.91,-118.32,1.805
2.8406,34.0,3.281721632196758,1.0698714365567357,2689.0,1.5030743432084963,37.81,-122.26,3.357
2.7652,13.0,4.670020120724346,1.0845070422535212,1066.0,2.1448692152917506,38.62,-121.27,0.956
3.5179,33.0,4.709677419354839,1.0,75.0,2.4193548387096775,38.36,-121.99,0.844
3.1711,52.0,5.058309037900875,1.0116618075801749,712.0,2.075801749271137,38.23,-122.65,2.008
5.1017,17.0,5.895104895104895,0.986013986013986,1756.0,4.093240093240094,37.35,-121.8,2.407
1.998,27.0,21.80565371024735,4.646643109540636,1300.0,2.2968197879858656,34.24,-116.94,1.535
4.4695,23.0,6.677536231884058,0.9891304347826086,818.0,2.963768115942029,38.71,-121.22,2.147
4.381,34.0,6.005763688760807,0.9769452449567724,868.0,2.5014409221902016,36.15,-120.37,0.863
7.8904,33.0,7.082802547770701,1.0047770700636942,1675.0,2.667197452229299,37.95,-122.52,4.688
3.7282,8.0,5.572549019607843,1.0235294117647058,1624.0,3.184313725490196,33.68,-118.28,2.875
2.3792,19.0,5.1875,1.1822916666666667,1654.0,2.8715277777777777,36.1,-118.93,0.9
5.5,34.0,5.84472049689441,1.0351966873706004,1429.0,2.958592132505176,33.87,-118.35,2.796
1.6875,33.0,3.6095444685466376,0.9869848156182213,1077.0,2.336225596529284,35.27,-120.66,1.742
3.8056,21.0,5.881516587677726,1.1753554502369667,746.0,3.5355450236966823,34.47,-120.05,4.25
2.75,39.0,4.109489051094891,1.0072992700729928,682.0,4.978102189781022,34.04,-118.17,1.5
2.1094,24.0,2.8434466019417477,1.0121359223300972,3537.0,4.29247572815534,34.06,-118.03,1.352
1.8819,16.0,6.686493184634449,1.4646840148698885,1802.0,2.2329615861214376,35.58,-118.45,0.697
3.6587,45.0,5.343839541547278,1.0315186246418337,973.0,2.7879656160458453,34.16,-118.27,3.212
5.5634,52.0,5.725746268656716,1.080223880597015,1107.0,2.0652985074626864,37.79,-122.45,5.00001
6.1333,37.0,6.12406015037594,1.0338345864661653,668.0,2.511278195488722,33.97,-118.41,3.872
5.8362,32.0,6.511029411764706,1.088235294117647,995.0,3.6580882352941178,33.77,-118.01,2.175
2.3973,10.0,4.718220338983051,1.1864406779661016,1140.0,2.4152542372881354,37.69,-122.12,1.673
4.2414,49.0,4.857142857142857,0.984375,1040.0,2.3214285714285716,37.78,-122.49,5.00001
3.6033,39.0,4.5701754385964914,0.9692982456140351,863.0,3.7850877192982457,33.98,-118.08,1.578
4.89,9.0,7.261061946902655,1.4557522123893805,1720.0,1.9026548672566372,33.46,-117.74,4.541
2.2583,18.0,7.046728971962617,1.5046728971962617,247.0,2.308411214953271,40.89,-122.31,0.788
2.3633,28.0,3.5587734241908007,1.091993185689949,1666.0,2.8381601362862012,37.32,-121.92,1.984
1.9704,34.0,3.3976143141153083,1.117296222664016,2105.0,4.184890656063618,34.08,-118.22,1.521
5.0956,21.0,5.808917197452229,1.0414012738853504,2266.0,3.6082802547770703,33.7,-117.87,2.46
15.0001,14.0,8.35423197492163,1.0376175548589341,964.0,3.0219435736677114,33.72,-118.06,5.00001
1.6136,27.0,2.7195121951219514,0.975609756097561,249.0,3.0365853658536586,34.07,-118.24,1.375
5.6756,12.0,6.752998667258996,1.0741892492225678,7132.0,3.1683696135051087,34.21,-119.25,3.018
3.8125,15.0,4.590570719602978,1.0942928039702233,1348.0,3.3449131513647643,37.95,-121.69,1.254
3.7841,28.0,5.413105413105413,1.1424501424501425,918.0,2.6153846153846154,37.99,-122.01,1.449
6.9533,44.0,7.6080246913580245,1.0123456790123457,843.0,2.6018518518518516,37.55,-122.34,5.00001
3.6181,21.0,5.076115485564304,1.0131233595800524,861.0,2.2598425196850394,33.21,-117.23,2.138
4.7772,34.0,4.985915492957746,0.9753521126760564,980.0,3.4507042253521125,33.81,-117.96,1.825
4.6641,29.0,6.011965811965812,1.1025641025641026,1724.0,2.947008547008547,37.54,-121.95,2.489
12.8763,50.0,7.074183976261128,0.9258160237388724,836.0,2.4807121661721068,34.12,-118.28,5.00001
2.8298,37.0,5.3497267759562845,1.0027322404371584,1171.0,3.199453551912568,38.53,-121.42,0.712
3.1551,27.0,4.630541871921182,1.083743842364532,2022.0,2.4901477832512313,34.18,-118.42,2.256
3.875,11.0,9.37546468401487,2.0,616.0,2.2899628252788102,33.04,-116.61,1.981
1.7199,17.0,2.518,1.196,3051.0,3.051,34.06,-118.28,1.75
9.7796,20.0,6.678082191780822,0.9178082191780822,324.0,2.219178082191781,37.43,-122.21,5.00001
7.1497,21.0,6.755244755244755,0.9300699300699301,860.0,3.006993006993007,33.61,-117.66,2.74
2.7787,47.0,4.75,1.0245901639344261,810.0,3.319672131147541,38.54,-121.45,0.56
2.9091,23.0,6.794223826714801,1.4945848375451263,673.0,2.4296028880866425,38.93,-119.99,1.419
9.4987,34.0,7.00979020979021,1.0433566433566435,1699.0,2.3762237762237763,34.16,-118.18,5.00001
2.0523,44.0,4.220779220779221,1.122077922077922,825.0,2.142857142857143,38.02,-122.14,1.339
6.2971,13.0,6.25,1.0069444444444444,1799.0,3.123263888888889,34.42,-118.43,2.183
2.5763,28.0,3.4306451612903226,1.0080645161290323,3160.0,5.096774193548387,34.06,-118.06,1.739
3.0598,13.0,4.310055865921788,1.0698324022346368,776.0,2.1675977653631286,34.04,-117.67,0.997
4.3333,29.0,6.023255813953488,1.0348837209302326,1687.0,3.2693798449612403,38.0,-122.31,1.708
9.7449,20.0,7.095962938451357,1.0701522170747848,3731.0,2.4692256783587028,34.12,-118.45,5.00001
4.5556,35.0,5.236238532110092,1.1261467889908257,1148.0,2.63302752293578,37.47,-122.24,3.186
2.8625,21.0,4.958695652173913,1.2108695652173913,1510.0,3.282608695652174,33.82,-117.99,1.896
6.9833,10.0,10.765466297322252,1.853185595567867,2186.0,2.018467220683287,33.69,-116.39,2.388
3.07,15.0,5.385624344176286,0.9758656873032528,4591.0,2.408709338929696,39.76,-121.89,1.426
1.8967,52.0,5.0,1.0491803278688525,406.0,3.3278688524590163,36.74,-119.82,0.438
1.5,12.0,4.176980198019802,1.1695544554455446,2357.0,2.917079207920792,32.71,-117.09,1.063
2.1974,51.0,4.23489932885906,1.0369127516778522,608.0,2.040268456375839,38.01,-122.13,1.393
8.0239,49.0,5.669811320754717,0.8962264150943396,228.0,2.150943396226415,34.04,-118.41,5.00001
3.8833,36.0,4.865248226950355,1.0,1132.0,2.6761229314420802,34.19,-118.48,2.104
6.9532,4.0,7.2701062215478,1.054628224582701,1871.0,2.8391502276176026,34.14,-117.68,2.77
2.7386,16.0,3.367375886524823,1.1063829787234043,913.0,1.2950354609929078,32.77,-117.18,0.875
3.875,21.0,4.828214971209213,1.1209213051823417,2461.0,2.3618042226487526,37.66,-122.07,1.793
5.1473,16.0,6.663690476190476,0.9627976190476191,1990.0,2.9613095238095237,37.66,-120.95,1.884
0.536,26.0,7.846153846153846,1.3076923076923077,43.0,3.3076923076923075,38.7,-122.52,0.875
2.3906,44.0,4.865573770491803,1.1639344262295082,2269.0,3.719672131147541,37.78,-122.22,1.117
3.6833,33.0,6.102362204724409,1.0905511811023623,638.0,2.5118110236220472,37.91,-122.07,2.925
2.8312,16.0,4.516050878255602,1.2668079951544517,5105.0,1.5460327074500302,34.19,-118.6,2.139
4.0313,31.0,5.108387096774194,1.104516129032258,1919.0,2.4761290322580645,33.42,-117.61,2.82
2.6311,42.0,4.968421052631579,1.0526315789473684,567.0,2.9842105263157896,33.97,-118.3,1.241
3.175,11.0,5.476415094339623,1.0825471698113207,1373.0,3.2382075471698113,38.4,-121.35,0.944
2.8344,20.0,4.8730407523510975,1.115987460815047,1643.0,2.5752351097178683,38.79,-123.1,1.644
2.5985,34.0,4.110157367668097,1.0271816881258942,2758.0,3.9456366237482117,34.06,-118.07,1.686
6.5901,17.0,6.729400749063671,1.0046816479400749,3844.0,3.599250936329588,33.88,-118.06,3.374
1.2679,30.0,4.607843137254902,1.0343137254901962,1071.0,5.25,33.94,-118.24,0.92
2.7989,27.0,5.9221789883268485,1.0992217898832686,1583.0,3.0797665369649807,38.52,-121.98,1.267
2.3675,29.0,2.9001280409731116,1.0409731113956466,3425.0,4.3854033290653005,33.94,-118.37,1.494
4.9444,12.0,12.447368421052632,2.210526315789474,1179.0,2.068421052631579,33.79,-116.42,2.85
1.8672,43.0,5.050125313283208,1.050125313283208,1543.0,3.8671679197994986,33.96,-118.25,0.981
2.9781,35.0,5.565537555228277,1.0471281296023565,2493.0,3.6715758468335786,38.0,-122.33,1.09
4.2432,13.0,6.350568769389866,1.0537745604963806,2553.0,2.640124095139607,38.54,-121.67,3.265
1.2065,39.0,4.585754451733833,1.134020618556701,4749.0,4.450796626054358,36.74,-119.74,0.556
2.1444,27.0,3.1112299465240643,1.0919786096256685,2614.0,2.79572192513369,34.14,-118.24,2.29
2.0221,33.0,5.646288209606987,1.1877729257641922,694.0,3.03056768558952,36.19,-119.82,0.522
6.7837,19.0,6.328571428571428,0.9678571428571429,1787.0,3.1910714285714286,33.89,-117.84,2.643
2.6042,45.0,4.027027027027027,1.0405405405405406,925.0,4.166666666666667,34.03,-118.16,1.45
2.59,52.0,4.38996138996139,1.162162162162162,866.0,3.3436293436293436,37.77,-122.22,0.964
2.6083,52.0,3.74618320610687,1.0782442748091603,1628.0,3.1068702290076335,37.77,-122.41,1.938
3.5255,13.0,3.6483790523690773,1.0174563591022443,1867.0,2.327930174563591,34.2,-118.46,2.027
7.3843,27.0,7.3839150227617605,1.0136570561456753,1956.0,2.968133535660091,37.23,-121.91,4.05
4.125,52.0,3.125,0.5625,60.0,3.75,34.07,-117.37,2.625
3.7583,33.0,5.627906976744186,1.106312292358804,1689.0,5.6112956810631225,34.07,-117.79,1.163
3.8682,28.0,5.80030959752322,1.0077399380804954,2399.0,3.7136222910216716,33.96,-117.43,1.165
1.4821,20.0,6.36,1.8488888888888888,570.0,2.533333333333333,36.57,-118.65,1.433
4.3472,30.0,5.136448598130841,0.9383177570093458,1491.0,2.7869158878504674,36.6,-121.83,1.85
3.0147,17.0,4.3626168224299064,1.0037383177570094,1662.0,3.1065420560747663,33.87,-117.99,2.17
6.7527,23.0,7.064024390243903,1.024390243902439,955.0,2.9115853658536586,37.8,-122.18,2.858
7.3715,17.0,5.0060975609756095,0.9939024390243902,229.0,1.396341463414634,34.15,-118.16,2.63
5.9522,26.0,6.196521739130435,1.0069565217391305,1479.0,2.5721739130434784,34.5,-119.75,4.384
3.9,36.0,5.2727272727272725,0.922077922077922,268.0,3.4805194805194803,33.89,-118.25,1.158
11.216,36.0,8.443835616438356,1.2465753424657535,771.0,2.1123287671232878,33.61,-117.91,5.00001
1.3157,43.0,1.9118264520643806,1.1518544436669,3049.0,2.1336599020293914,34.1,-118.33,3.333
3.1736,26.0,5.392361111111111,1.046875,1396.0,2.423611111111111,34.17,-117.28,1.222
3.1773,13.0,4.165915238954013,1.1406672678088368,3385.0,3.052299368800721,33.74,-117.92,1.865
4.2009,7.0,4.843890478136494,1.0997139354311403,4404.0,1.7997548017981202,34.18,-118.59,2.713
6.0488,26.0,5.826797385620915,0.9738562091503268,1048.0,3.4248366013071894,33.82,-117.88,2.32
4.516,32.0,4.120396600566572,1.0594900849858357,1310.0,1.8555240793201133,34.04,-118.47,3.5
3.3594,22.0,5.623115577889447,1.1055276381909547,565.0,2.8391959798994977,37.92,-122.32,1.869
1.725,52.0,3.765151515151515,0.9772727272727273,623.0,2.359848484848485,37.74,-121.43,1.115
4.7143,35.0,6.103092783505154,1.0309278350515463,572.0,2.948453608247423,37.65,-122.09,1.938
3.5288,16.0,12.368852459016393,2.1434426229508197,556.0,2.278688524590164,34.25,-116.9,1.897
3.0824,33.0,3.7694524495677233,1.080691642651297,2175.0,6.268011527377522,33.73,-117.89,1.774
3.1389,14.0,4.578082191780822,1.0493150684931507,1079.0,2.956164383561644,34.4,-119.53,2.487
3.5551,16.0,4.581497797356828,1.0058737151248165,2383.0,3.499265785609398,37.03,-121.58,1.986
1.8304,24.0,1.708994708994709,1.1322751322751323,751.0,3.9735449735449735,34.05,-118.27,2.25
5.5111,9.0,6.536656891495602,1.0410557184750733,788.0,2.310850439882698,38.77,-120.93,1.963
8.9616,47.0,7.061371841155235,1.0,724.0,2.6137184115523464,34.04,-118.48,5.00001
6.0553,29.0,6.218274111675127,1.0372250423011844,1457.0,2.4653130287648053,33.8,-118.08,3.694
5.3849,30.0,4.80718085106383,1.0106382978723405,2813.0,3.7406914893617023,33.82,-118.28,2.177
4.9024,16.0,5.813267813267813,0.9631449631449631,1482.0,3.6412776412776413,32.92,-117.15,1.829
1.5903,16.0,3.6907630522088355,1.0160642570281124,912.0,3.6626506024096384,33.84,-117.91,1.654
3.3958,37.0,6.018691588785047,1.0934579439252337,1284.0,3.0,34.08,-117.64,1.304
3.5893,46.0,5.3457330415754925,1.0415754923413567,939.0,2.0547045951859957,38.57,-121.43,1.42
3.0398,36.0,3.597609561752988,1.0597609561752988,1068.0,4.254980079681275,33.98,-118.18,1.654
8.9257,19.0,8.213541666666666,1.015625,1404.0,3.65625,33.81,-117.81,4.318
3.6923,45.0,5.084084084084084,1.012012012012012,1255.0,3.7687687687687688,33.81,-118.21,1.597
2.0398,46.0,4.911528150134048,0.9785522788203753,975.0,2.613941018766756,37.96,-121.32,0.881
3.3472,31.0,5.607142857142857,1.0892857142857142,152.0,2.7142857142857144,33.04,-115.6,0.917
8.1484,36.0,6.806691449814126,1.100371747211896,871.0,3.2379182156133828,34.03,-118.4,5.00001
2.4069,52.0,3.5381165919282513,1.0919282511210762,879.0,1.9708520179372198,32.73,-117.17,2.15
2.0057,52.0,5.061728395061729,1.0781893004115226,609.0,2.506172839506173,37.96,-120.23,0.682
2.6098,52.0,4.5989010989010985,1.075091575091575,1660.0,3.04029304029304,34.02,-118.32,1.271
2.5104,38.0,5.6798866855524075,1.0906515580736544,882.0,2.498583569405099,38.73,-120.81,1.205
4.6225,13.0,6.115695067264574,1.0385650224215246,2828.0,2.536322869955157,38.54,-121.7,2.265
2.5172,24.0,5.367875647668394,1.0699481865284974,2127.0,2.755181347150259,34.03,-117.1,0.96
5.5083,52.0,6.659090909090909,1.196969696969697,607.0,2.2992424242424243,37.98,-122.54,3.719
1.735,14.0,4.599397590361446,0.9789156626506024,1453.0,4.376506024096385,32.73,-115.53,0.612
2.5504,26.0,3.725552050473186,1.1093585699263933,2742.0,2.8832807570977916,33.96,-118.36,1.513
2.6352,12.0,5.633967789165447,1.0087847730600292,2008.0,2.939970717423133,40.32,-122.34,0.922
1.1818,29.0,3.5016835016835017,0.9797979797979798,1054.0,3.548821548821549,32.71,-117.11,0.832
3.3906,52.0,5.583798882681564,1.164804469273743,780.0,2.17877094972067,37.86,-122.28,1.793
1.7935,20.0,5.628571428571429,1.1904761904761905,512.0,2.4380952380952383,40.75,-122.56,0.745
5.7787,18.0,6.775210084033613,1.0819327731092436,1463.0,3.073529411764706,33.08,-117.29,3.467
3.0382,23.0,4.019723865877712,1.0670611439842208,4088.0,2.687705456936226,33.74,-117.83,1.836
2.5721,52.0,4.306213017751479,1.113905325443787,1696.0,2.5088757396449703,37.78,-122.44,4.75
3.0441,20.0,4.049079754601227,1.0501022494887526,1729.0,1.7678936605316973,34.15,-118.25,1.938
2.7543,15.0,3.9331797235023043,1.1843317972350231,1335.0,3.076036866359447,33.64,-117.93,1.778
5.5631,4.0,5.486666666666666,1.07,859.0,2.8633333333333333,33.71,-117.77,2.278
9.6465,5.0,7.902474526928676,0.9679767103347889,2315.0,3.3697234352256187,34.21,-118.65,5.00001
4.765,23.0,5.7707182320441985,1.0414364640883977,1085.0,2.9972375690607733,33.85,-117.98,1.815
2.7157,25.0,3.7865497076023393,1.219298245614035,856.0,2.502923976608187,33.77,-117.97,3.5
4.5987,32.0,5.295880149812734,1.1779026217228465,1313.0,2.458801498127341,33.92,-118.4,3.638
0.9589,47.0,3.1724137931034484,0.9252873563218391,593.0,3.4080459770114944,32.7,-117.14,0.9
2.2437,9.0,4.114213197969543,1.0862944162436547,678.0,1.7208121827411167,36.73,-119.73,0.542
4.7009,22.0,4.652096342551293,1.064228367528992,2048.0,1.8269402319357717,34.05,-118.47,5.00001
3.0729,37.0,5.396491228070175,1.0456140350877192,867.0,3.042105263157895,32.62,-117.09,1.287
2.5147,11.0,22.133587786259543,5.82824427480916,713.0,2.7213740458015265,34.24,-116.82,0.847
3.5938,36.0,5.74384236453202,1.064039408866995,504.0,2.4827586206896552,39.15,-123.22,1.221
1.0219,29.0,2.921681780708986,1.1409727947238253,3323.0,2.7394888705688376,34.03,-118.29,2.583
5.5456,18.0,36.075471698113205,5.273584905660377,241.0,2.2735849056603774,39.19,-120.1,3.6
3.8448,36.0,4.445431472081219,1.0571065989847717,2652.0,3.3654822335025383,34.09,-118.26,2.414
4.1364,24.0,23.54736842105263,5.168421052631579,264.0,2.778947368421053,39.27,-120.04,1.545
2.5294,37.0,4.879256965944273,1.0340557275541795,1385.0,4.287925696594427,37.46,-122.13,1.594
4.0,37.0,6.363945578231292,1.0918367346938775,806.0,2.741496598639456,39.25,-121.71,1.014
4.9808,42.0,5.424778761061947,1.0206489675516224,1034.0,3.050147492625369,33.93,-118.15,2.123
2.774,22.0,5.114023591087811,1.1074705111402359,1870.0,2.450851900393185,38.61,-121.32,1.902
3.4375,45.0,4.205333333333333,1.1226666666666667,1042.0,2.7786666666666666,34.02,-118.39,3.145
3.3966,42.0,4.940809968847352,1.0031152647975077,1829.0,2.8489096573208723,34.08,-118.11,2.432
1.505,22.0,5.177514792899408,1.106508875739645,1113.0,3.2928994082840237,35.86,-119.46,0.427
4.9769,14.0,5.389048991354467,1.0028818443804035,1214.0,3.4985590778097984,37.3,-121.81,1.865
3.5489,28.0,5.152329749103942,1.003584229390681,1608.0,2.881720430107527,37.68,-121.02,1.064
6.8645,23.0,7.302973977695167,1.0390334572490707,1858.0,3.453531598513011,33.72,-117.96,3.182
3.2539,25.0,5.226788432267885,1.2709284627092847,1749.0,2.6621004566210047,33.83,-117.99,1.99
1.6981,29.0,5.4801762114537445,1.171806167400881,933.0,4.110132158590308,35.36,-118.98,0.494
2.1759,20.0,4.105405405405405,1.0162162162162163,1681.0,4.543243243243243,36.85,-120.45,0.581
4.1473,22.0,4.826086956521739,1.133433283358321,1479.0,2.217391304347826,37.35,-122.02,3.544
3.6354,22.0,4.235294117647059,1.0349761526232115,1553.0,2.4689984101748808,34.17,-118.28,2.563
3.1104,24.0,3.8397694524495676,1.067435158501441,3792.0,2.185590778097983,33.95,-118.13,2.3
3.6458,44.0,4.567961165048544,1.116504854368932,493.0,2.3932038834951457,34.0,-118.46,3.258
3.8906,30.0,5.630813953488372,1.0203488372093024,945.0,2.747093023255814,34.17,-117.26,1.237
4.2083,14.0,4.825737265415549,0.9705093833780161,874.0,2.3431635388739944,33.69,-117.8,2.51
6.3237,4.0,7.7841048750512085,1.1011880376894716,8980.0,3.678820155673904,32.95,-117.18,2.609
6.917,38.0,6.890710382513661,0.9672131147540983,472.0,2.579234972677596,37.87,-122.17,4.38
3.9567,52.0,5.173664122137405,1.1278625954198473,1848.0,3.5267175572519083,37.71,-122.44,2.515
3.9219,35.0,4.76948051948052,0.9935064935064936,1285.0,4.172077922077922,34.03,-117.92,1.595
3.5,44.0,5.572769953051643,1.164319248826291,1087.0,2.551643192488263,37.74,-122.5,2.757
3.1359,38.0,4.10668380462725,1.06426735218509,2410.0,3.0976863753213366,37.73,-122.48,3.5
8.4882,27.0,6.945945945945946,0.972972972972973,315.0,2.8378378378378377,38.75,-121.16,2.766
2.207,21.0,5.781163434903047,1.0581717451523547,888.0,2.4598337950138505,39.95,-122.23,0.864
3.1483,26.0,3.947867298578199,1.046716316858497,4738.0,3.2078537576167907,33.65,-117.93,2.13
4.7404,31.0,4.956692913385827,1.0688976377952757,1107.0,2.1791338582677167,33.88,-118.36,2.958
1.8357,24.0,3.8771384136858478,1.077760497667185,1420.0,2.208398133748056,32.8,-116.96,1.042
3.4861,52.0,4.984419263456091,1.0070821529745042,1883.0,2.6671388101983005,37.8,-122.21,1.871
3.3021,20.0,4.921052631578948,0.956140350877193,308.0,2.7017543859649122,39.06,-121.53,0.708
2.9952,44.0,5.534296028880866,1.0553549939831528,2140.0,2.575210589651023,35.13,-119.47,0.638
7.0879,16.0,6.96969696969697,0.8855218855218855,878.0,2.9562289562289563,33.76,-118.04,3.388
1.625,34.0,4.473684210526316,1.0833333333333333,795.0,3.486842105263158,35.38,-118.98,0.508
4.8295,43.0,5.9175,1.0225,1141.0,2.8525,37.62,-122.42,3.19
2.3062,34.0,4.4148148148148145,1.1185185185185185,2073.0,3.838888888888889,34.17,-118.14,1.58
6.3842,17.0,7.933660933660934,0.995085995085995,1289.0,3.167076167076167,34.13,-117.66,3.071
2.2652,24.0,3.7652542372881355,1.0872881355932202,2421.0,2.051694915254237,34.17,-118.4,2.692
2.3716,52.0,3.9415730337078654,1.0157303370786517,1849.0,4.155056179775281,34.03,-118.2,1.228
3.7344,33.0,5.317380352644836,1.0806045340050379,1067.0,2.6876574307304786,34.59,-118.15,1.114
4.625,52.0,4.785714285714286,1.0927051671732524,1145.0,1.7401215805471124,37.8,-122.44,5.00001
1.4191,12.0,3.594392523364486,1.0448598130841122,2809.0,5.2504672897196265,36.19,-120.09,0.551
4.9196,7.0,6.3158551810237205,0.9737827715355806,3253.0,4.061173533083646,34.12,-117.39,1.405
2.3087,11.0,5.364518250575468,1.059684314370273,28566.0,4.696810259782966,36.64,-121.79,1.188
4.5052,32.0,4.636363636363637,0.922077922077922,654.0,4.246753246753247,33.77,-117.94,1.708
2.6518,40.0,5.573717948717949,1.0192307692307692,744.0,2.3846153846153846,38.29,-122.3,1.561
6.3215,4.0,7.2110091743119265,1.0642201834862386,368.0,3.376146788990826,37.33,-120.46,1.382
4.1047,52.0,3.935483870967742,1.0521091811414391,1259.0,1.5620347394540943,37.8,-122.43,4.667
3.94,32.0,5.697058823529412,0.9764705882352941,922.0,2.711764705882353,34.12,-118.01,2.784
4.7794,26.0,6.003597122302159,0.9928057553956835,951.0,3.420863309352518,37.44,-121.91,2.258
6.2519,26.0,7.330464716006885,1.0120481927710843,1644.0,2.82960413080895,33.82,-118.08,3.457
2.1818,35.0,4.473413379073756,1.0634648370497428,1566.0,2.686106346483705,35.4,-119.03,0.635
4.875,18.0,6.028871391076115,1.0918635170603674,1086.0,2.8503937007874014,37.5,-122.47,3.346
2.0972,36.0,3.0126582278481013,1.0901898734177216,3561.0,5.6344936708860756,37.33,-121.88,1.875
6.0902,29.0,6.121160409556314,0.9974402730375427,3063.0,2.613481228668942,38.03,-122.55,2.932
3.6,48.0,4.988919667590028,0.9778393351800554,1071.0,2.966759002770083,36.92,-121.75,1.945
4.7143,14.0,5.757575757575758,0.98989898989899,839.0,2.824915824915825,38.94,-121.07,1.507
1.4886,11.0,3.859375,1.0703125,1528.0,2.984375,32.75,-117.1,0.898
4.1845,13.0,4.957166392092257,0.9686985172981878,1439.0,2.370675453047776,34.26,-119.2,1.995
2.3454,33.0,2.8876404494382024,1.0589887640449438,753.0,2.115168539325843,34.43,-119.72,2.438
3.3292,31.0,4.682203389830509,1.0995762711864407,1047.0,2.218220338983051,33.94,-118.12,2.713
2.2653,40.0,3.54739652870494,1.0600801068090788,2149.0,2.869158878504673,34.07,-118.31,4.45
2.4122,12.0,4.637051039697543,1.1323251417769375,1251.0,2.3648393194706996,33.12,-117.07,1.27
4.2727,47.0,4.612648221343873,0.9881422924901185,953.0,3.766798418972332,37.72,-122.4,2.419
5.0762,11.0,5.91554054054054,1.0675675675675675,765.0,2.5844594594594597,35.54,-117.84,0.98
6.2715,20.0,6.90990990990991,1.0585585585585586,871.0,3.9234234234234235,32.78,-115.57,0.972
3.9219,38.0,4.77020202020202,1.0277777777777777,1330.0,3.3585858585858586,34.08,-118.08,2.052
5.0477,16.0,4.2304609218436875,0.9719438877755511,1285.0,2.5751503006012024,37.3,-121.93,2.925
2.8648,29.0,4.7405857740585775,0.9246861924686193,918.0,3.8410041841004183,33.73,-116.23,0.721
1.8103,26.0,4.0602409638554215,1.0705679862306368,2067.0,3.557659208261618,32.74,-117.08,1.247
4.9589,12.0,5.918275418275418,1.0566280566280566,4332.0,2.787644787644788,34.01,-117.81,2.821
4.9394,31.0,5.861985472154964,0.9418886198547215,1348.0,3.263922518159806,33.83,-117.95,2.178
0.9304,24.0,2.8344155844155843,1.0389610389610389,529.0,1.7175324675324675,34.0,-118.33,1.516
3.6932,18.0,3.7404214559386975,0.9645593869731801,2197.0,2.1044061302681993,37.71,-122.14,1.668
7.2972,26.0,7.471343873517786,1.0385375494071147,2909.0,2.874505928853755,34.01,-117.14,2.696
4.8571,28.0,6.591078066914498,1.033457249070632,804.0,2.9888475836431225,37.67,-121.78,2.011
5.9596,43.0,4.70945945945946,1.0844594594594594,552.0,1.864864864864865,33.9,-118.42,5.00001
3.6435,52.0,4.819070904645477,1.0122249388753055,1065.0,2.6039119804400976,34.05,-118.35,1.958
2.5104,36.0,3.9323308270676693,1.0268528464017186,3816.0,4.098818474758325,34.07,-118.1,1.85
6.8233,18.0,7.228915662650603,1.0096385542168675,1155.0,2.783132530120482,37.67,-122.04,3.326
3.4509,22.0,5.63575042158516,1.0860033726812817,1342.0,2.263069139966273,35.12,-120.6,2.177
2.4931,36.0,3.668639053254438,1.032544378698225,1383.0,4.091715976331361,34.07,-118.1,1.703
4.9688,35.0,5.380597014925373,1.0298507462686568,795.0,2.966417910447761,34.25,-118.48,2.169
3.3086,7.0,5.181032290872108,1.1022120518688023,11973.0,3.044241037376049,34.57,-118.1,1.381
2.8056,32.0,3.512019230769231,1.0144230769230769,1494.0,3.5913461538461537,36.91,-121.75,1.732
4.933,36.0,6.373673036093418,1.0276008492569002,1322.0,2.8067940552016983,33.84,-118.14,2.289
3.067,28.0,3.966666666666667,1.0952380952380953,349.0,1.661904761904762,34.08,-118.39,3.75
2.3971,24.0,7.003401360544218,1.5714285714285714,410.0,1.3945578231292517,37.88,-122.08,0.994
3.1838,27.0,5.061959654178675,1.1397694524495676,1875.0,2.701729106628242,37.95,-122.05,1.82
2.4583,35.0,3.7419354838709675,1.064516129032258,538.0,2.1693548387096775,33.19,-117.38,1.979
3.7973,4.0,4.860127157129882,1.0990009082652135,2988.0,2.7138964577656677,34.12,-117.56,1.813
5.3433,39.0,7.260869565217392,1.0753623188405796,872.0,2.527536231884058,37.93,-122.31,2.865
3.968,8.0,5.995402298850575,0.9839080459770115,1530.0,3.5172413793103448,37.37,-120.62,1.021
1.6699,42.0,3.6096822995461424,1.0136157337367624,2327.0,3.520423600605144,34.02,-118.3,1.08
4.5357,27.0,5.162079510703364,1.0122324159021407,811.0,2.4801223241590216,33.88,-118.37,3.342
2.3482,17.0,3.879154078549849,1.0735146022155087,2986.0,3.0070493454179257,34.17,-118.29,2.554
4.6133,29.0,5.5625,0.9924242424242424,1132.0,2.143939393939394,33.79,-118.13,5.00001
3.6118,24.0,7.536796536796537,1.251082251082251,564.0,2.4415584415584415,38.53,-122.4,2.484
3.7109,35.0,4.912332838038633,1.0104011887072808,1742.0,2.588410104011887,33.95,-117.39,1.091
2.1923,52.0,3.0106761565836297,0.9644128113879004,1153.0,4.103202846975089,34.04,-118.21,1.55
2.2614,50.0,5.378698224852071,1.106508875739645,737.0,2.1804733727810652,36.78,-119.8,0.73
5.5148,15.0,5.706783369803063,1.0021881838074398,1531.0,3.350109409190372,36.89,-121.66,2.535
3.6107,13.0,5.261096605744125,0.9712793733681462,2248.0,2.9347258485639687,37.8,-121.0,1.413
3.0833,27.0,4.714285714285714,0.9806949806949807,606.0,2.33976833976834,32.76,-117.08,1.554
3.8456,33.0,5.057755775577558,1.0082508250825082,2204.0,3.636963696369637,33.83,-117.9,2.118
3.1946,5.0,5.618618618618618,1.0610610610610611,3569.0,3.5725725725725725,34.57,-117.93,1.327
1.9375,52.0,2.9270833333333335,1.0729166666666667,470.0,4.895833333333333,34.02,-118.28,0.388
3.6413,15.0,5.487128712871288,1.0811881188118813,1423.0,2.8178217821782177,40.66,-122.25,1.085
4.7109,35.0,5.92,1.0057142857142858,1001.0,2.86,37.62,-122.03,1.987
4.2011,41.0,5.05420054200542,1.062330623306233,825.0,2.2357723577235773,38.01,-122.68,2.554
3.6875,37.0,4.158249158249158,1.0572390572390573,481.0,1.6195286195286196,37.78,-122.44,4.923
1.9954,30.0,4.751141552511416,1.0410958904109588,1005.0,2.2945205479452055,38.24,-122.04,0.929
4.3958,38.0,5.65625,1.0494791666666667,945.0,2.4609375,37.94,-122.31,1.942
1.9441,18.0,4.157051282051282,1.080128205128205,610.0,1.955128205128205,38.51,-122.45,1.844
7.7307,34.0,6.619528619528619,1.0740740740740742,980.0,3.2996632996632997,34.13,-118.02,4.29
3.4402,28.0,6.522821576763485,1.4398340248962656,1095.0,2.271784232365145,38.03,-121.65,1.924
6.8132,4.0,6.359838274932614,0.9986522911051213,1895.0,2.5539083557951483,37.68,-121.85,2.825
1.1557,34.0,4.165242165242165,1.1225071225071226,1310.0,3.7321937321937324,33.97,-118.27,0.901
3.5333,15.0,3.559498956158664,0.9979123173277662,759.0,1.5845511482254697,33.9,-117.88,1.144
6.6539,22.0,6.412121212121212,0.9454545454545454,2408.0,3.6484848484848484,33.73,-117.98,2.849
4.3077,31.0,4.443661971830986,1.056338028169014,819.0,1.9225352112676057,34.02,-118.38,1.406
2.8289,15.0,3.3503937007874014,1.169291338582677,1326.0,5.2204724409448815,33.76,-117.86,1.175
4.0156,35.0,6.1953125,1.171875,669.0,5.2265625,33.93,-117.41,0.893
3.7143,47.0,4.831325301204819,0.944578313253012,1134.0,2.7325301204819277,33.96,-118.31,1.403
3.9688,35.0,4.981981981981982,1.0337837837837838,2101.0,2.365990990990991,34.01,-118.39,3.551
3.6016,36.0,4.213235294117647,0.9522058823529411,1173.0,4.3125,34.25,-118.41,1.538
2.65,28.0,4.262987012987013,1.0357142857142858,827.0,2.685064935064935,33.88,-118.36,2.608
1.5625,21.0,3.930909090909091,0.9236363636363636,715.0,2.6,39.4,-123.36,0.715
7.8453,21.0,6.527331189710611,1.022508038585209,910.0,2.9260450160771705,33.65,-117.96,3.433
2.8095,30.0,4.061633281972265,1.00462249614792,3412.0,5.257318952234207,33.82,-118.08,1.183
3.8438,28.0,5.422431865828092,1.120545073375262,3502.0,3.6708595387840672,34.08,-117.73,1.308
1.8333,33.0,4.943444730077121,1.0359897172236503,1205.0,3.0976863753213366,36.57,-119.6,0.683
6.3712,9.0,6.762043795620438,1.108029197080292,1724.0,2.5167883211678834,33.02,-117.26,3.698
2.8021,37.0,4.9825,1.0625,939.0,2.3475,34.19,-118.41,2.246
5.2001,16.0,6.118892508143323,1.0586319218241043,1291.0,2.1026058631921822,33.75,-118.04,2.356
2.8125,52.0,5.022988505747127,1.206896551724138,194.0,2.2298850574712645,37.79,-122.47,5.00001
6.1949,26.0,6.844978165938865,1.0480349344978166,1474.0,3.2183406113537116,34.19,-118.86,2.435
1.5833,46.0,5.818930041152264,1.102880658436214,902.0,3.711934156378601,36.72,-119.81,0.567
3.055,6.0,5.528,1.0346666666666666,826.0,2.2026666666666666,38.52,-122.76,2.241
4.3816,28.0,4.87146529562982,1.0796915167095116,1422.0,3.6555269922879177,33.79,-118.28,1.913
4.8214,35.0,5.523668639053255,1.014792899408284,1213.0,3.588757396449704,37.54,-122.03,1.86
3.2448,20.0,4.204528853177502,1.078889700511322,4031.0,2.944485025566107,34.21,-118.44,2.212
4.3281,49.0,5.825622775800712,1.0818505338078293,729.0,2.5943060498220643,37.76,-122.49,3.231
4.7813,21.0,5.741176470588235,1.0487394957983194,1862.0,3.1294117647058823,36.88,-121.6,2.415
5.0062,30.0,5.715025906735751,1.116580310880829,2168.0,2.8082901554404147,37.27,-121.91,2.32
5.6233,21.0,6.605113636363637,1.0411931818181819,2014.0,2.8607954545454546,37.03,-122.03,3.22
6.0749,39.0,6.7518518518518515,1.0592592592592593,763.0,2.825925925925926,37.76,-122.15,1.969
1.1125,28.0,5.548275862068966,1.1724137931034482,1064.0,3.668965517241379,37.72,-122.39,2.063
2.8941,39.0,5.5030549898167,1.3156822810590632,1136.0,2.3136456211812626,36.97,-122.0,2.567
4.175,35.0,5.420529801324503,0.9933774834437086,894.0,2.9602649006622515,34.26,-118.45,2.096
4.175,36.0,5.398601398601398,1.0769230769230769,891.0,3.1153846153846154,34.2,-118.56,1.909
4.7708,19.0,4.9798850574712645,1.0172413793103448,959.0,2.7557471264367814,37.7,-122.43,2.817
5.3462,46.0,6.75,0.998015873015873,1389.0,2.755952380952381,34.0,-118.35,2.704
3.4417,15.0,3.0872641509433962,1.125,1330.0,3.1367924528301887,33.65,-117.92,1.825
4.5833,21.0,7.2784313725490195,1.0823529411764705,863.0,3.384313725490196,34.28,-119.04,5.00001
4.4536,23.0,5.7468671679198,1.0300751879699248,969.0,2.4285714285714284,37.98,-121.99,1.84
1.4712,41.0,3.5569620253164556,1.0886075949367089,807.0,2.5537974683544302,38.57,-121.5,0.946
1.3448,11.0,3.3656821378340367,1.021097046413502,1905.0,2.679324894514768,32.75,-117.1,0.913
2.0469,41.0,4.484581497797357,1.1233480176211454,1412.0,3.1101321585903086,37.77,-122.19,0.893
5.5051,31.0,5.345549738219895,1.0,495.0,2.5916230366492146,34.11,-118.23,2.235
3.2158,18.0,4.105263157894737,1.1260964912280702,1654.0,1.8135964912280702,33.92,-117.96,2.15
5.9838,21.0,6.646840148698884,1.029739776951673,1846.0,3.4312267657992566,33.74,-117.95,2.719
6.3223,5.0,8.579225352112676,1.125,1947.0,3.4278169014084505,33.94,-117.14,2.232
2.6528,9.0,8.010752688172044,1.586021505376344,2233.0,2.401075268817204,37.97,-120.67,1.33
1.7823,17.0,4.055045871559633,1.0871559633027523,1079.0,2.4747706422018347,33.76,-117.88,2.053
5.8587,52.0,5.885922330097087,1.0558252427184467,962.0,2.3349514563106797,34.04,-118.43,4.947
2.4286,33.0,5.674285714285714,1.062857142857143,556.0,3.177142857142857,37.34,-120.3,1.036
2.9292,29.0,4.505747126436781,0.9540229885057471,1681.0,3.864367816091954,34.09,-117.33,0.845
3.0054,17.0,4.885864793678666,1.0860403863037753,3004.0,2.637401229148376,33.11,-117.07,1.423
2.2989,26.0,4.48411214953271,1.1682242990654206,2654.0,4.960747663551402,33.7,-116.2,0.606
6.0901,8.0,7.5360623781676415,1.050682261208577,1555.0,3.0311890838206628,37.95,-122.01,2.982
2.9392,46.0,3.8774038461538463,0.9519230769230769,966.0,2.3221153846153846,34.13,-118.27,2.303
2.862,21.0,4.2480957562568005,1.0663764961915125,1949.0,2.120783460282916,37.87,-122.51,2.584
2.2262,52.0,4.55379746835443,1.0284810126582278,738.0,2.3354430379746836,38.43,-122.71,1.299
2.8603,14.0,5.493265993265993,1.095959595959596,1910.0,3.2154882154882154,36.01,-118.73,1.289
5.3157,16.0,6.590551181102362,1.1062992125984252,850.0,3.3464566929133857,37.23,-121.81,2.533
7.79,25.0,6.514367816091954,1.0316091954022988,866.0,2.4885057471264367,33.61,-117.87,5.00001
3.3906,20.0,4.504118616144975,1.0840197693574958,1562.0,2.57331136738056,34.15,-118.24,2.841
3.369,30.0,4.378830083565459,1.0083565459610029,1351.0,3.7632311977715878,33.76,-117.99,1.909
3.312,17.0,6.451757666417352,1.3904263275991025,3497.0,2.6155572176514585,33.72,-116.37,1.213
0.7526,5.0,2.5796610169491525,1.0372881355932204,2031.0,6.884745762711864,38.58,-121.5,1.625
8.4802,34.0,6.895397489539749,1.0104602510460252,1268.0,2.6527196652719667,34.23,-118.22,5.00001
1.3583,10.0,4.5,1.1702127659574468,295.0,3.1382978723404253,37.77,-120.85,0.852
5.8788,12.0,7.780310880829015,1.0963730569948187,2484.0,2.5740932642487047,34.11,-118.84,5.00001
6.2892,22.0,6.127214170692431,0.9597423510466989,2118.0,3.4106280193236715,37.43,-121.87,2.542
1.641,34.0,4.904382470119522,1.1015936254980079,2334.0,4.649402390438247,33.9,-118.23,0.968
6.02,19.0,5.368794326241135,1.049645390070922,361.0,2.5602836879432624,33.87,-118.37,3.042
3.7813,18.0,5.357142857142857,1.0526315789473684,753.0,2.830827067669173,36.58,-119.45,0.873
3.0417,41.0,6.0092879256965945,1.1362229102167183,1204.0,3.7275541795665634,33.88,-118.23,1.137
1.5071,28.0,3.481967213114754,1.0131147540983607,1058.0,3.4688524590163934,34.38,-119.86,3.167
5.0175,4.0,5.424050632911392,1.0268987341772151,2158.0,3.4145569620253164,34.04,-117.5,1.434
6.287,34.0,6.2680965147453085,1.0536193029490617,1031.0,2.7640750670241285,33.75,-118.31,3.964
4.0536,37.0,4.741847826086956,0.9918478260869565,1022.0,2.777173913043478,33.96,-118.03,1.714
3.024,36.0,4.024096385542169,1.0040160642570282,1312.0,5.269076305220883,34.27,-118.43,1.48
1.7361,42.0,3.0,1.0,26.0,1.8571428571428572,37.39,-121.9,5.00001
3.0573,38.0,4.757363253856942,0.9943899018232819,1894.0,2.656381486676017,38.07,-122.55,3.508
7.3089,48.0,7.283216783216783,1.0419580419580419,685.0,2.395104895104895,37.91,-122.28,3.312
6.3735,8.0,5.339130434782609,1.0260869565217392,278.0,2.417391304347826,38.09,-122.19,1.663
1.9718,46.0,4.252873563218391,1.028735632183908,1511.0,4.341954022988506,34.05,-117.75,1.106
4.4432,35.0,5.322077922077922,1.0129870129870129,1286.0,3.3402597402597403,34.23,-118.43,1.815
1.6009,39.0,5.12183908045977,1.2459770114942528,1516.0,3.485057471264368,35.39,-118.99,0.488
13.1738,19.0,7.893732970027248,1.125340599455041,860.0,2.343324250681199,33.61,-117.9,5.00001
3.0288,40.0,5.125506072874494,1.040485829959514,547.0,2.214574898785425,38.13,-121.73,1.644
3.6467,36.0,4.409090909090909,1.1022727272727273,867.0,2.4630681818181817,34.03,-118.43,3.467
5.9441,15.0,6.87719298245614,0.9707602339181286,485.0,2.8362573099415203,38.36,-122.01,2.282
2.2542,43.0,4.554621848739496,1.0532212885154062,1284.0,3.596638655462185,37.79,-122.24,1.122
3.5417,25.0,7.143274853801169,1.2982456140350878,868.0,2.538011695906433,38.96,-119.98,1.148
5.3409,15.0,6.081081081081081,1.0115830115830116,716.0,2.7644787644787643,38.48,-122.68,2.446
2.6111,29.0,3.796078431372549,1.166013071895425,3320.0,4.339869281045751,34.12,-118.24,1.688
4.6518,17.0,5.811594202898551,0.9855072463768116,251.0,3.63768115942029,33.02,-116.86,1.702
3.1435,45.0,4.695817490494297,1.0304182509505704,499.0,1.897338403041825,34.15,-118.24,2.826
3.5223,8.0,8.591549295774648,1.7195902688860436,2069.0,2.649167733674776,33.81,-116.43,1.151
5.4584,3.0,6.033160621761658,1.1523316062176165,7644.0,2.6404145077720207,32.97,-117.08,2.465
1.2054,16.0,3.34375,0.9910714285714286,1277.0,5.700892857142857,37.29,-120.47,0.609
2.0455,52.0,3.8979591836734695,1.0612244897959184,106.0,2.163265306122449,35.39,-119.02,0.725
1.6579,32.0,5.4491525423728815,1.1483050847457628,694.0,2.940677966101695,40.45,-122.3,0.685
4.6042,31.0,5.539823008849558,0.995575221238938,714.0,3.15929203539823,33.84,-117.98,2.207
1.9083,42.0,3.88855421686747,1.0391566265060241,1535.0,4.623493975903615,34.05,-118.19,1.192
4.8993,34.0,5.651282051282052,0.9487179487179487,1398.0,2.3897435897435897,37.99,-122.55,3.199
5.0362,29.0,6.110112359550562,0.9786516853932584,2310.0,2.595505617977528,37.91,-122.03,2.753
5.883,52.0,6.21608040201005,1.0125628140703518,1104.0,2.7738693467336684,37.82,-122.25,3.407
2.9201,32.0,3.7255244755244754,1.0926573426573427,1229.0,2.1486013986013988,37.79,-122.55,3.222
3.925,18.0,4.90017825311943,1.1283422459893049,1779.0,3.171122994652406,37.28,-121.84,1.661
3.851,52.0,5.2690909090909095,1.0127272727272727,1338.0,2.4327272727272726,37.74,-122.15,1.835
2.7137,7.0,4.700305810397554,1.2140672782874617,1816.0,2.776758409785933,34.27,-118.77,1.964
4.1369,34.0,6.25,1.0911458333333333,1017.0,2.6484375,37.36,-122.05,3.169
7.1621,45.0,6.8575,0.975,974.0,2.435,37.48,-122.25,5.00001
4.069,28.0,5.247349823321555,0.9717314487632509,820.0,2.8975265017667846,32.69,-117.07,1.533
4.5913,49.0,5.7482993197278915,1.0442176870748299,770.0,2.619047619047619,37.72,-122.47,2.597
2.5833,30.0,4.546719681908549,1.0556660039761432,1796.0,3.570576540755467,34.1,-117.48,0.906
1.8654,38.0,4.990074441687345,1.1116625310173698,1190.0,2.9528535980148884,34.14,-117.31,0.894
2.3693,11.0,4.434607645875252,1.0422535211267605,1472.0,2.9617706237424546,32.86,-116.92,1.27
1.8407,49.0,5.117516629711751,1.0022172949002217,1299.0,2.8802660753880267,37.76,-122.18,0.967
1.6563,16.0,5.125,0.9375,542.0,16.9375,35.34,-120.69,0.425
2.5898,52.0,3.4942528735632186,1.0272988505747127,1377.0,1.978448275862069,37.83,-122.26,1.76
6.5513,16.0,6.774683544303797,0.9898734177215189,1377.0,3.4860759493670885,33.86,-118.05,3.504
6.7248,18.0,7.174083769633508,1.0209424083769634,2477.0,3.242146596858639,34.28,-118.54,3.772
6.4994,18.0,6.634080717488789,1.0197309417040359,3126.0,2.8035874439461885,37.66,-121.9,3.23
4.7478,27.0,5.7625,1.0135416666666666,2855.0,2.9739583333333335,37.53,-121.93,2.435
7.4897,43.0,6.255760368663594,1.055299539170507,1151.0,2.652073732718894,33.97,-118.38,3.626
1.575,43.0,3.987138263665595,1.0032154340836013,1100.0,3.536977491961415,33.98,-118.28,0.975
5.2657,35.0,5.983870967741935,1.0161290322580645,916.0,3.693548387096774,33.83,-117.99,1.914
3.9443,2.0,7.507731958762887,1.1947717231222386,7132.0,2.625920471281296,33.57,-117.16,1.873
2.2287,29.0,3.707865168539326,1.1146067415730336,882.0,1.9820224719101123,32.76,-117.09,1.4
4.3164,6.0,3.353467561521253,0.9776286353467561,1754.0,3.923937360178971,33.99,-118.22,1.432
4.7188,52.0,7.068535825545172,1.0062305295950156,805.0,2.5077881619937696,37.76,-122.23,3.353
4.8929,36.0,5.0,1.0790513833992095,1052.0,4.158102766798419,33.97,-118.07,1.562
3.2386,43.0,3.942622950819672,1.0368852459016393,658.0,2.69672131147541,34.08,-118.27,1.85
2.6333,33.0,3.743529411764706,1.0847058823529412,794.0,1.868235294117647,32.76,-117.13,1.4
4.5278,32.0,6.133587786259542,0.9656488549618321,778.0,2.969465648854962,32.84,-116.94,1.663
2.6392,21.0,6.221631205673759,1.074468085106383,1576.0,2.7943262411347516,38.76,-120.76,1.485
6.1359,26.0,6.0,1.0,23.0,2.5555555555555554,37.75,-122.4,2.25
1.0349,19.0,4.563106796116505,1.225242718446602,1291.0,2.5067961165048542,34.96,-120.43,1.308
6.3245,52.0,4.735294117647059,1.1360294117647058,437.0,1.6066176470588236,37.8,-122.41,5.00001
3.1713,42.0,4.642714570858283,1.003992015968064,1832.0,3.656686626746507,33.88,-118.18,1.61
6.235,44.0,5.92972972972973,1.0054054054054054,513.0,2.772972972972973,33.97,-118.39,3.614
2.8125,44.0,3.845208845208845,0.9778869778869779,1500.0,3.6855036855036856,34.12,-118.2,1.556
5.1416,24.0,5.944281524926686,1.0498533724340176,1405.0,4.120234604105572,33.75,-117.95,2.314
3.4471,26.0,5.599520383693045,0.9904076738609112,980.0,2.3501199040767387,38.0,-122.28,1.789
5.5538,34.0,5.414414414414415,1.024024024024024,947.0,2.843843843843844,33.88,-118.32,2.803
3.9565,48.0,4.953703703703703,1.0833333333333333,1773.0,3.283333333333333,37.72,-122.44,2.685
3.1719,34.0,4.883408071748879,1.0201793721973094,1193.0,2.6748878923766815,32.74,-117.05,1.153
2.6176,17.0,5.361344537815126,1.0168067226890756,927.0,3.8949579831932772,36.72,-119.82,0.541
4.005,48.0,5.702702702702703,1.054054054054054,539.0,2.4279279279279278,34.05,-118.37,2.75
4.4531,33.0,4.835978835978836,1.0476190476190477,766.0,2.0264550264550265,37.45,-122.17,5.00001
3.6641,17.0,5.577142857142857,1.1542857142857144,511.0,2.92,40.85,-121.07,0.808
4.7965,5.0,5.84015984015984,1.033966033966034,3258.0,3.254745254745255,33.76,-117.54,1.608
6.5206,14.0,6.1907790143084265,1.068362480127186,1490.0,2.368839427662957,33.47,-117.71,3.685
3.0864,29.0,6.16751269035533,1.1370558375634519,1087.0,2.7588832487309647,38.62,-121.32,1.779
1.9766,28.0,2.6164154103852595,1.085427135678392,1974.0,3.306532663316583,34.09,-118.29,1.125
2.7273,44.0,4.5625,1.02734375,509.0,1.98828125,32.73,-117.23,2.697
15.0001,42.0,8.5625,0.9642857142857143,632.0,2.8214285714285716,34.05,-118.49,5.00001
5.2608,19.0,7.0928571428571425,1.0446428571428572,1586.0,2.8321428571428573,36.73,-119.71,1.514
3.733,23.0,5.784552845528455,1.048780487804878,1526.0,3.1016260162601625,38.34,-122.69,1.635
4.7738,35.0,6.048484848484849,0.9878787878787879,1409.0,4.2696969696969695,33.81,-117.96,1.8
2.5556,20.0,5.132478632478633,1.205128205128205,601.0,2.5683760683760686,37.08,-122.25,1.775
1.6849,17.0,8.836393989983305,2.1135225375626043,1201.0,2.005008347245409,33.93,-116.44,0.884
4.1161,49.0,5.406417112299465,1.0338680926916222,1284.0,2.2887700534759357,34.17,-118.34,2.325
3.244,38.0,4.494949494949495,1.0101010101010102,481.0,2.4292929292929295,37.71,-122.17,1.798
2.5833,19.0,3.156862745098039,1.0980392156862746,191.0,1.8725490196078431,37.49,-122.24,5.00001
5.133,13.0,6.102631578947369,1.131578947368421,1004.0,2.642105263157895,33.6,-117.65,3.161
2.8208,33.0,4.051020408163265,1.1581632653061225,739.0,1.885204081632653,34.17,-118.38,2.385
4.9236,43.0,5.220843672456576,0.9627791563275434,1137.0,2.8213399503722085,37.26,-121.94,2.38
1.8438,29.0,3.2056962025316458,1.240506329113924,1083.0,3.4272151898734178,33.78,-118.19,1.625
7.8521,52.0,7.794392523364486,1.0514018691588785,517.0,2.4158878504672896,37.86,-122.24,5.00001
4.3611,44.0,5.166253101736973,1.1662531017369726,1154.0,2.8635235732009927,37.74,-122.5,2.681
3.1513,10.0,6.096470588235294,1.143529411764706,1255.0,2.9529411764705884,33.71,-117.34,1.543
2.69,20.0,5.6438127090301,1.0535117056856187,1505.0,2.516722408026756,37.64,-120.82,2.013
2.4267,35.0,3.55637707948244,0.9611829944547134,2101.0,3.8835489833641406,33.95,-118.2,1.515
4.5491,43.0,5.984848484848484,1.0454545454545454,657.0,3.3181818181818183,34.12,-118.01,2.148
5.293,25.0,7.085365853658536,0.9939024390243902,1087.0,3.3140243902439024,33.85,-118.26,2.07
7.0059,39.0,6.681592039800995,1.037313432835821,1094.0,2.7213930348258706,34.22,-118.22,5.00001
8.3912,25.0,7.843416370106762,1.0166073546856464,2519.0,2.9881376037959666,34.18,-118.66,4.19
0.8691,18.0,4.036764705882353,1.0514705882352942,249.0,1.8308823529411764,38.78,-121.24,1.365
6.1481,11.0,7.095238095238095,1.034798534798535,1672.0,3.062271062271062,32.8,-116.8,2.746
0.9838,36.0,5.017751479289941,1.1005917159763314,737.0,4.3609467455621305,34.09,-117.27,0.793
2.7483,28.0,4.106508875739645,1.111439842209073,2934.0,2.893491124260355,34.09,-118.14,2.188
7.375,21.0,6.53,0.9733333333333334,891.0,2.97,37.34,-121.78,3.384
6.3191,36.0,6.680327868852459,1.0327868852459017,353.0,2.8934426229508197,37.35,-121.97,2.583
1.4766,36.0,4.164383561643835,0.9863013698630136,842.0,3.8447488584474887,36.76,-119.74,0.528
6.8634,24.0,7.183884297520661,0.9545454545454546,1593.0,3.291322314049587,33.72,-117.82,2.765
4.0234,38.0,4.9245283018867925,1.0,981.0,3.0849056603773586,33.9,-118.26,1.119
1.4936,15.0,11.889830508474576,2.718220338983051,1015.0,2.1504237288135593,34.19,-114.31,0.669
2.4896,26.0,4.529190207156309,1.0621468926553672,680.0,1.28060263653484,37.87,-122.08,0.734
3.375,25.0,4.194174757281553,0.9781553398058253,934.0,2.266990291262136,37.96,-122.32,1.337
2.7083,36.0,4.6050955414012735,1.0063694267515924,1286.0,4.095541401273885,33.91,-118.24,1.036
3.1478,22.0,4.16583850931677,1.0788819875776396,2620.0,1.6273291925465838,34.17,-118.46,2.737
3.4234,46.0,5.494047619047619,1.1398809523809523,867.0,2.580357142857143,33.79,-117.85,2.0
2.8152,36.0,3.532286212914485,1.0296684118673647,2028.0,3.5392670157068062,33.99,-118.08,1.639
5.2121,32.0,4.294964028776978,1.0629496402877698,1009.0,1.814748201438849,33.98,-118.46,4.667
2.4432,31.0,4.428571428571429,1.0996677740863787,1337.0,2.2209302325581395,34.68,-118.14,1.011
7.8997,36.0,6.755605381165919,0.9551569506726457,2314.0,2.594170403587444,37.58,-122.39,5.00001
5.0407,44.0,6.7293868921775895,1.0845665961945032,1183.0,2.5010570824524314,34.0,-118.34,3.149
4.2042,52.0,3.878313253012048,1.1674698795180722,1152.0,1.3879518072289156,37.79,-122.43,5.00001
4.4609,16.0,6.2607361963190185,1.021472392638037,1912.0,2.932515337423313,38.71,-121.27,1.429
4.1319,43.0,3.6946564885496183,1.0101781170483461,897.0,2.282442748091603,37.78,-122.45,3.227
3.301,27.0,4.439624853458382,1.0703399765533412,1992.0,2.335287221570926,34.13,-118.07,2.512
2.2357,30.0,5.152406417112299,1.0508021390374331,996.0,2.663101604278075,40.5,-124.1,0.723
5.5942,5.0,6.715203426124197,1.0728051391862956,1327.0,2.841541755888651,38.13,-121.32,1.869
2.0673,37.0,4.083018867924529,1.109433962264151,1146.0,4.324528301886793,32.69,-117.12,0.885
4.0568,52.0,5.176842105263158,1.0673684210526315,1012.0,2.130526315789474,37.75,-122.43,3.879
3.293,31.0,4.788679245283019,1.0415094339622641,1581.0,1.9886792452830189,37.98,-122.55,3.375
4.0651,33.0,3.7812128418549347,1.028537455410226,1347.0,1.6016646848989298,34.09,-118.37,5.00001
4.4375,39.0,4.888111888111888,1.048951048951049,358.0,2.5034965034965033,34.25,-118.27,1.958
4.0147,34.0,6.0246913580246915,1.0599647266313934,1929.0,3.4021164021164023,34.58,-118.07,1.074
3.5,37.0,4.376569037656904,1.0502092050209204,822.0,3.4393305439330546,37.71,-122.47,2.244
3.2115,37.0,4.136518771331058,1.0375426621160408,1076.0,3.6723549488054608,33.78,-118.28,1.601
2.75,27.0,3.296979865771812,1.058724832214765,1042.0,1.7483221476510067,34.03,-118.46,3.273
6.0296,7.0,7.0034246575342465,1.1712328767123288,878.0,3.006849315068493,34.5,-117.27,1.941
3.4444,48.0,5.040358744394619,1.0358744394618835,783.0,3.5112107623318387,33.98,-118.29,0.931
2.76,26.0,5.520871143375681,1.08529945553539,1720.0,3.1215970961887476,34.01,-117.45,0.952
4.5461,42.0,5.629032258064516,1.0725806451612903,1713.0,2.7629032258064514,34.16,-118.08,2.424
1.2864,40.0,2.5520702634880803,1.1279799247176914,1257.0,1.5771643663739021,33.77,-118.2,1.313
4.0625,52.0,4.156118143459915,1.0443037974683544,871.0,1.8375527426160339,37.75,-122.43,3.556
4.4896,35.0,5.540425531914893,1.053191489361702,1465.0,3.117021276595745,33.9,-118.11,1.846
2.4375,39.0,4.844559585492228,1.0880829015544042,711.0,3.683937823834197,33.91,-118.26,1.019
3.6389,44.0,6.126436781609195,1.0919540229885059,416.0,2.3908045977011496,38.34,-122.28,3.04
5.2149,18.0,4.758426966292135,1.0393258426966292,733.0,4.117977528089888,34.2,-118.59,2.019
3.5848,18.0,4.487804878048781,1.024390243902439,1047.0,2.3215077605321506,33.68,-117.99,1.869
4.0,16.0,5.145748987854251,1.008097165991903,1022.0,2.068825910931174,33.66,-117.8,2.234
6.4664,25.0,6.1923076923076925,0.878698224852071,983.0,2.908284023668639,37.31,-121.78,2.715
6.2306,22.0,5.749478079331942,0.9958246346555324,1163.0,2.4279749478079333,37.59,-122.4,5.00001
5.0106,36.0,5.529220779220779,1.0551948051948052,845.0,2.7435064935064934,33.86,-118.14,2.108
2.6894,30.0,3.6733870967741935,1.0181451612903225,932.0,1.8790322580645162,36.59,-121.88,1.795
1.4583,32.0,4.681159420289855,1.107246376811594,1307.0,3.7884057971014493,32.98,-115.52,0.586
5.9177,27.0,5.5396825396825395,0.9206349206349206,391.0,3.1031746031746033,33.92,-117.9,2.676
4.4583,18.0,4.918309859154929,1.0169014084507042,3032.0,2.846948356807512,33.81,-118.01,1.901
2.3523,37.0,3.8008595988538683,1.0802292263610316,1087.0,1.5573065902578798,33.77,-118.18,3.25
3.4609,19.0,4.792284866468843,1.086053412462908,815.0,2.4183976261127595,38.08,-122.81,2.388
2.3171,7.0,4.399752475247524,1.0627062706270627,4917.0,2.0284653465346536,33.14,-117.1,1.595
2.5562,22.0,9.39864864864865,1.7184684684684686,1086.0,2.445945945945946,38.04,-120.25,1.362
3.1125,11.0,5.705696202531645,1.071993670886076,3264.0,2.5822784810126582,39.75,-121.8,1.226
2.6403,31.0,3.7816711590296497,1.045822102425876,724.0,1.9514824797843666,32.8,-117.23,2.161
4.3403,38.0,5.068,1.36,442.0,1.768,32.77,-117.28,5.0
2.4345,35.0,4.591687041564792,1.1100244498777505,991.0,2.4229828850855744,32.74,-117.03,1.297
6.1064,33.0,6.233817701453105,1.0013210039630118,1980.0,2.6155878467635403,37.51,-122.28,4.05
1.9844,32.0,4.0,1.0375,991.0,6.19375,37.48,-122.2,2.7
3.4545,27.0,5.2889908256880735,0.9785932721712538,1760.0,2.691131498470948,33.94,-116.98,0.898
2.2466,15.0,5.742667404537908,1.289983397897067,4507.0,2.4941892639734364,34.15,-116.06,0.668
3.0,39.0,4.628930817610063,0.949685534591195,1036.0,3.257861635220126,33.92,-118.28,1.1
3.1287,50.0,4.467576791808874,1.030716723549488,883.0,3.013651877133106,34.13,-118.19,1.98
5.4485,25.0,5.685714285714286,0.9918367346938776,976.0,3.983673469387755,33.74,-117.95,2.252
2.6734,26.0,4.238938053097345,1.1880530973451326,2340.0,2.588495575221239,33.97,-118.35,1.434
2.5,34.0,3.6064,1.008,2984.0,4.7744,33.74,-117.86,1.625
1.7333,19.0,5.425196850393701,1.125984251968504,355.0,2.795275590551181,40.45,-120.36,0.7
4.125,30.0,4.7178362573099415,1.0716374269005848,1260.0,1.8421052631578947,37.89,-122.12,2.571
1.4653,7.0,3.5257936507936507,1.0178571428571428,4479.0,8.886904761904763,38.54,-121.79,3.1
4.0909,34.0,6.151869158878505,1.1004672897196262,1313.0,3.067757009345794,34.22,-118.62,2.329
2.2234,19.0,2.752393980848153,1.0013679890560876,3483.0,4.764705882352941,34.2,-118.39,1.813
2.0337,11.0,4.210280373831775,1.02803738317757,630.0,1.47196261682243,32.8,-117.04,1.467
8.5842,42.0,5.765935214211076,1.0229885057471264,1863.0,1.9467084639498433,34.11,-118.37,5.00001
5.1837,6.0,6.364681295715778,1.0637408568443052,2064.0,2.156739811912226,33.1,-117.29,2.598
1.2625,40.0,4.6124401913875595,1.1004784688995215,742.0,3.550239234449761,37.95,-121.32,0.43
5.2835,33.0,5.928057553956834,0.9658273381294964,1345.0,2.4190647482014387,32.75,-117.02,2.171
3.81,29.0,4.4734411085450345,1.0346420323325636,1352.0,3.1224018475750577,34.1,-118.1,2.346
4.3594,44.0,5.843003412969283,1.0716723549488054,691.0,2.358361774744027,33.83,-118.12,2.213
6.2296,26.0,7.216666666666667,0.9666666666666667,533.0,2.9611111111111112,37.94,-121.94,2.917
7.5337,29.0,6.233812949640288,0.9172661870503597,679.0,2.4424460431654675,37.36,-122.05,4.068
1.8875,34.0,4.247126436781609,1.0603448275862069,1735.0,4.985632183908046,34.02,-118.19,1.367
6.8753,26.0,6.987288135593221,0.9745762711864406,1241.0,2.6292372881355934,37.36,-122.04,4.03
8.2266,28.0,9.163865546218487,1.1932773109243697,728.0,3.0588235294117645,37.36,-122.08,5.00001
4.0432,29.0,5.43141592920354,0.963495575221239,3438.0,3.8030973451327434,36.58,-121.88,4.5
3.9,25.0,5.744082840236686,1.0946745562130178,1641.0,2.4275147928994083,38.3,-122.31,1.873
5.3054,36.0,5.8603896103896105,0.935064935064935,882.0,2.8636363636363638,33.96,-118.01,2.735
2.25,20.0,6.5,1.4513513513513514,1304.0,1.7621621621621621,33.69,-116.5,2.481
5.1842,17.0,6.59581881533101,1.0348432055749128,936.0,3.2613240418118465,33.15,-117.07,1.577
12.2145,19.0,8.863080684596577,1.0562347188264058,1252.0,3.0611246943765282,37.29,-122.04,5.00001
2.4653,34.0,5.466666666666667,1.0031746031746032,904.0,2.86984126984127,37.35,-120.6,0.661
2.1162,35.0,3.6227436823104693,1.0306859205776173,1513.0,2.7310469314079424,34.05,-118.31,2.292
2.6384,16.0,4.527303754266212,1.0341296928327646,1693.0,2.8890784982935154,38.46,-122.75,1.469
6.177,20.0,6.938461538461539,0.9769230769230769,831.0,3.1961538461538463,37.68,-121.91,2.629
2.1863,23.0,3.795238095238095,0.9952380952380953,3883.0,4.622619047619048,34.01,-117.93,1.576
2.4653,38.0,4.130681818181818,0.9829545454545454,559.0,3.1761363636363638,36.21,-119.1,0.495
5.0714,33.0,5.799319727891157,0.9914965986394558,1739.0,2.957482993197279,37.27,-121.9,2.556
3.6378,17.0,5.432075471698113,1.0226415094339623,1802.0,3.4,37.81,-121.22,1.261
4.2969,16.0,5.607638888888889,1.0052083333333333,1825.0,3.1684027777777777,32.91,-117.13,1.512
2.8214,40.0,3.7713178294573644,1.054263565891473,1257.0,4.872093023255814,33.98,-118.19,1.58
2.9591,2.0,4.482808022922636,1.012893982808023,1606.0,2.3008595988538683,37.99,-121.96,2.101
3.4279,25.0,5.6909090909090905,0.9854545454545455,661.0,2.403636363636364,36.81,-119.77,0.847
3.9722,17.0,20.900783289817234,3.608355091383812,999.0,2.608355091383812,38.93,-120.0,3.134
1.6937,52.0,4.2368421052631575,1.0833333333333333,589.0,2.5833333333333335,37.74,-121.43,1.083
1.0918,52.0,2.2533333333333334,1.2026666666666668,1230.0,3.28,32.71,-117.16,0.225
1.2206,20.0,3.9465408805031448,1.1320754716981132,1201.0,3.7767295597484276,33.79,-118.18,1.625
7.5582,38.0,5.676923076923077,0.9948717948717949,518.0,2.6564102564102563,34.23,-118.26,2.637
2.5326,24.0,5.532085561497326,1.1657754010695187,909.0,2.43048128342246,39.12,-120.96,1.391
2.3304,32.0,3.3106060606060606,1.0353535353535352,1792.0,4.525252525252525,34.02,-118.25,1.199
2.9167,34.0,4.588235294117647,1.0441176470588236,986.0,3.625,34.96,-120.44,1.042
5.9582,18.0,7.485477178423237,1.1784232365145229,600.0,2.4896265560165975,37.94,-122.52,5.00001
3.2794,7.0,5.546473302570863,1.044166117336849,5146.0,3.3922214897824654,34.46,-117.2,0.925
3.0938,25.0,4.039130434782609,1.0717391304347825,865.0,1.8804347826086956,34.4,-119.7,3.125
3.4583,52.0,4.5109289617486334,0.9590163934426229,973.0,2.658469945355191,37.74,-122.42,2.409
2.1354,29.0,3.687218045112782,1.0526315789473684,3029.0,4.5548872180451125,34.05,-117.74,1.107
3.7917,36.0,5.579088471849866,1.1045576407506703,1931.0,5.176943699731903,37.47,-122.14,1.606
4.0313,35.0,3.996794871794872,1.1057692307692308,1126.0,1.8044871794871795,32.77,-117.25,3.853
3.8558,15.0,6.086687306501548,1.0247678018575852,1118.0,3.461300309597523,34.07,-117.39,1.227
1.6731,14.0,4.741322314049587,1.062809917355372,4722.0,3.902479338842975,37.62,-121.02,0.958
1.3365,37.0,2.317773788150808,1.0556552962298025,1846.0,3.3141831238779176,37.76,-122.42,2.25
6.8406,41.0,7.394052044609666,1.0074349442379182,666.0,2.475836431226766,34.44,-119.69,5.00001
4.9205,31.0,5.820359281437126,1.026946107784431,975.0,2.9191616766467066,37.25,-121.91,2.405
3.125,42.0,4.968468468468468,1.0157657657657657,989.0,2.2274774774774775,37.94,-122.34,1.439
2.3611,31.0,6.151079136690647,1.5611510791366907,280.0,2.014388489208633,38.46,-123.07,1.125
4.0,38.0,5.1658536585365855,1.0634146341463415,561.0,2.7365853658536587,33.86,-118.33,2.486
4.3424,43.0,5.261780104712042,1.0418848167539267,723.0,3.7853403141361257,33.82,-118.21,1.625
6.5989,44.0,6.537459283387622,0.9381107491856677,921.0,3.0,34.12,-118.04,5.00001
3.9444,18.0,5.422087745839637,1.0816944024205748,1673.0,2.5310136157337366,37.54,-121.99,2.401
4.75,44.0,5.726114649681529,1.124203821656051,835.0,2.659235668789809,34.0,-118.44,3.558
6.1768,33.0,5.98635477582846,0.9083820662768031,1348.0,2.6276803118908383,32.76,-116.97,2.289
1.9181,17.0,4.674329501915709,1.053639846743295,800.0,3.0651340996168583,40.58,-122.36,1.188
3.0704,18.0,5.365748709122203,1.0611015490533562,4127.0,3.5516351118760756,33.19,-117.29,1.516
5.2508,12.0,7.138248847926267,1.043778801843318,1433.0,3.30184331797235,35.5,-120.71,2.929
9.0702,43.0,7.335051546391752,1.0154639175257731,1467.0,2.520618556701031,34.17,-118.18,5.00001
3.5707,29.0,5.50379746835443,1.058227848101266,1030.0,2.607594936708861,34.21,-118.22,3.417
3.9408,46.0,4.695945945945946,0.918918918918919,408.0,2.7567567567567566,37.09,-122.09,2.226
4.0,38.0,4.56140350877193,0.8859649122807017,557.0,2.442982456140351,33.96,-118.13,2.547
2.8194,9.0,5.039965986394558,1.0790816326530612,3369.0,2.864795918367347,38.89,-121.32,1.113
2.3006,23.0,5.0817460317460315,1.0873015873015872,3573.0,2.835714285714286,36.76,-119.72,0.69
3.5081,23.0,6.169603524229075,1.1167400881057268,1318.0,2.9030837004405288,40.52,-122.33,1.167
2.125,17.0,6.876785714285714,1.4607142857142856,1352.0,2.414285714285714,40.75,-122.79,0.717
3.0486,34.0,5.443627450980392,1.0686274509803921,1131.0,2.7720588235294117,35.34,-119.03,0.685
2.3851,44.0,4.346590909090909,1.0606060606060606,1543.0,2.922348484848485,34.17,-118.36,1.941
1.4384,5.0,3.7740046838407495,1.100702576112412,3284.0,3.8454332552693207,32.55,-117.06,1.088
6.075,26.0,6.541984732824427,1.0305343511450382,778.0,2.969465648854962,37.3,-122.04,4.17
2.075,40.0,4.02,1.0483333333333333,2119.0,3.5316666666666667,34.01,-118.13,1.511
3.6742,24.0,3.7154850746268657,1.0503731343283582,2645.0,2.467350746268657,37.4,-122.09,2.75
5.4607,28.0,6.122913505311077,0.9726858877086495,1881.0,2.8543247344461307,37.99,-122.0,1.923
6.1256,16.0,5.41554054054054,0.9695945945945946,1080.0,3.6486486486486487,37.41,-121.86,2.669
2.8882,32.0,4.6103896103896105,1.0064935064935066,550.0,3.5714285714285716,38.72,-121.71,1.514
2.2132,23.0,7.596153846153846,1.3461538461538463,166.0,3.1923076923076925,36.72,-121.06,1.0
3.5541,14.0,6.0,1.1460506706408347,1825.0,2.7198211624441133,34.33,-119.11,1.918
4.0208,52.0,5.169683257918552,0.9841628959276018,1211.0,2.739819004524887,37.74,-122.48,3.231
2.8649,17.0,4.223300970873787,1.0800970873786409,1158.0,2.8106796116504853,33.89,-117.97,1.375
1.6007,17.0,3.6099290780141846,1.1891252955082743,688.0,1.6264775413711583,34.27,-119.3,1.875
1.125,20.0,5.469387755102041,1.5918367346938775,77.0,1.5714285714285714,37.94,-121.23,1.5
2.8701,26.0,3.683250414593698,1.097844112769486,1998.0,3.3134328358208953,34.2,-118.53,1.911
4.3047,27.0,4.295345104333868,1.0465489566613162,2661.0,4.271268057784912,34.3,-118.45,1.521
4.2841,8.0,7.060367454068241,1.0761154855643045,1085.0,2.847769028871391,35.63,-120.67,2.567
2.515,34.0,5.319148936170213,1.1950354609929077,674.0,2.3900709219858154,38.14,-121.29,1.108
3.8816,27.0,6.070796460176991,1.0265486725663717,1340.0,2.9646017699115044,38.65,-121.29,1.473
2.4429,52.0,3.607883817427386,0.9626556016597511,938.0,1.946058091286307,34.09,-118.28,2.288
4.0039,30.0,5.1806020066889635,1.0869565217391304,885.0,2.959866220735786,33.84,-118.0,1.951
2.2813,17.0,3.677242888402626,1.012035010940919,3264.0,3.571115973741794,33.98,-118.15,1.456
2.0114,38.0,4.412903225806452,1.135483870967742,344.0,2.2193548387096773,37.8,-122.28,1.313
5.3339,19.0,6.466230936819172,1.0958605664488017,1430.0,3.1154684095860565,33.88,-117.81,3.717
8.2069,17.0,7.203571428571428,1.0910714285714285,1158.0,2.067857142857143,37.26,-121.99,4.425
3.67,14.0,5.93950177935943,1.0818505338078293,1373.0,2.4430604982206408,39.27,-120.83,1.601
3.9265,39.0,5.885714285714286,1.0914285714285714,537.0,3.0685714285714285,37.27,-121.94,2.369
3.5781,4.0,19.178571428571427,2.8452380952380953,275.0,3.2738095238095237,33.89,-117.13,2.444
4.0,37.0,4.1590189873417724,1.0759493670886076,2128.0,1.6835443037974684,37.45,-122.18,3.943
2.5437,12.0,5.065656565656566,1.0757575757575757,1849.0,4.66919191919192,38.02,-121.29,0.99
1.5933,37.0,3.998330550918197,1.0467445742904842,2489.0,4.155258764607679,32.69,-117.11,0.863
6.1228,17.0,6.665079365079365,0.9984126984126984,2020.0,3.2063492063492065,37.55,-122.28,3.757
4.4732,29.0,5.482978723404256,0.9468085106382979,1849.0,3.9340425531914893,33.77,-117.89,1.948
2.6364,48.0,4.182584269662922,0.9157303370786517,1115.0,3.1320224719101124,37.73,-122.4,1.993
1.8214,23.0,3.4574557708508844,1.0732940185341195,4729.0,3.9839932603201347,33.19,-117.37,1.738
3.1049,19.0,4.644695543000628,1.0659133709981168,3554.0,2.231010671688638,33.78,-117.99,1.739
2.7875,49.0,3.571608040201005,1.1055276381909547,2004.0,2.5175879396984926,34.1,-118.28,2.173
4.1949,29.0,5.30126582278481,1.0329113924050632,2783.0,3.5227848101265824,34.22,-119.17,1.971
3.4792,18.0,4.633802816901408,1.1070422535211268,1490.0,4.197183098591549,33.51,-117.67,1.264
3.6058,52.0,4.983240223463687,1.037243947858473,1181.0,2.1992551210428304,32.73,-117.13,2.131
4.6071,14.0,5.674698795180723,1.0271084337349397,1884.0,2.8373493975903616,35.28,-120.7,2.399
5.0681,19.0,5.939655172413793,1.139655172413793,1635.0,2.8189655172413794,34.11,-117.66,2.305
7.8139,9.0,6.645061728395062,0.9753086419753086,954.0,2.9444444444444446,33.72,-117.77,3.047
3.7986,38.0,5.35799522673031,1.0596658711217184,1540.0,3.675417661097852,34.01,-118.07,1.71
3.0043,24.0,16.793296089385475,3.4273743016759775,780.0,2.17877094972067,39.32,-120.26,1.221
4.2891,52.0,5.099730458221024,1.1185983827493262,1442.0,3.8867924528301887,37.75,-122.41,2.3
1.8899,23.0,4.664233576642336,1.2080291970802919,1200.0,2.18978102189781,32.77,-117.05,1.477
1.1915,45.0,5.594377510040161,1.180722891566265,521.0,2.0923694779116464,41.31,-122.32,0.719
2.3545,33.0,3.6277602523659307,1.2082018927444795,604.0,1.9053627760252365,33.43,-117.61,1.875
1.9327,52.0,4.564044943820225,1.0112359550561798,958.0,2.152808988764045,37.86,-122.28,1.699
3.2301,23.0,4.79933110367893,1.0919732441471572,1680.0,2.809364548494983,33.84,-117.93,1.899
2.0417,27.0,6.022371364653244,1.0760626398210291,1518.0,3.3959731543624163,37.33,-120.89,0.942
3.3531,12.0,8.551136363636363,1.7215909090909092,1554.0,2.9431818181818183,38.83,-122.74,0.908
4.0742,46.0,5.305439330543933,1.00418410041841,661.0,2.7656903765690375,34.17,-118.36,2.291
4.1902,42.0,4.818604651162791,0.9255813953488372,656.0,3.0511627906976746,34.07,-118.14,2.35
4.2054,23.0,5.3094059405940595,0.9381188118811881,1360.0,3.366336633663366,33.2,-117.27,1.507
2.2407,38.0,5.219858156028369,1.0815602836879432,670.0,2.375886524822695,35.35,-119.02,0.76
2.1528,31.0,4.457286432160804,1.0904522613065326,614.0,3.0854271356783918,37.66,-121.03,0.755
2.3661,37.0,7.923566878980892,1.5732484076433122,484.0,3.082802547770701,39.01,-121.47,0.775
2.25,10.0,5.428571428571429,1.2653061224489797,154.0,3.142857142857143,39.1,-122.33,0.75
5.6345,35.0,5.47008547008547,0.9423076923076923,1428.0,3.051282051282051,34.22,-118.58,2.282
2.1135,32.0,2.770903010033445,0.9682274247491639,2071.0,3.463210702341137,34.07,-118.27,1.525
2.7174,26.0,5.171428571428572,1.0201680672268907,1603.0,2.6941176470588237,38.69,-121.2,1.375
8.7477,52.0,9.0,1.1340782122905029,556.0,3.106145251396648,37.82,-122.23,5.00001
3.9464,20.0,7.644329896907217,1.2835051546391754,660.0,3.402061855670103,34.05,-117.49,2.077
6.4963,6.0,7.799038461538461,1.1100961538461538,6700.0,3.2211538461538463,34.24,-118.77,3.081
1.9375,40.0,4.766891891891892,0.9594594594594594,609.0,2.0574324324324325,36.78,-119.77,0.677
5.1681,52.0,6.913419913419913,1.0389610389610389,566.0,2.45021645021645,37.73,-122.48,5.00001
5.7396,16.0,6.653846153846154,0.9461538461538461,403.0,3.1,36.97,-121.59,3.087
1.975,26.0,5.282786885245901,1.0737704918032787,1100.0,4.508196721311475,36.06,-118.97,0.514
1.4554,52.0,2.498371335504886,1.242671009771987,1520.0,2.47557003257329,37.78,-122.41,3.75
5.6204,36.0,6.110738255033557,0.9798657718120806,742.0,2.48993288590604,37.73,-122.49,4.062
3.0625,32.0,3.9303482587064678,0.9900497512437811,1196.0,5.9502487562189055,33.75,-117.92,1.428
3.8456,35.0,5.461346633416459,0.9576059850374065,1154.0,2.8778054862842892,37.96,-122.05,1.598
5.0249,5.0,7.024615384615385,1.0369230769230768,999.0,3.0738461538461537,33.22,-117.27,1.967
4.4766,24.0,5.670761670761671,1.1400491400491402,1101.0,2.705159705159705,33.71,-117.98,2.3
3.0429,27.0,4.933184855233853,0.9799554565701559,1987.0,4.425389755011136,34.04,-117.74,1.296
2.2396,44.0,4.670967741935484,1.0129032258064516,861.0,2.7774193548387096,33.98,-118.32,1.086
1.4274,22.0,3.992248062015504,1.054263565891473,1367.0,2.1193798449612404,38.01,-121.31,0.905
3.821,39.0,4.5353625783348255,1.1566696508504923,1915.0,1.7144136078782453,33.55,-117.79,4.521
8.6572,20.0,8.130434782608695,1.0271739130434783,1105.0,3.0027173913043477,38.58,-121.35,3.202
3.4509,24.0,4.038664323374341,1.0105448154657293,2409.0,4.233743409490334,37.35,-121.82,1.824
3.4286,44.0,4.136085626911315,0.9923547400611621,1676.0,2.562691131498471,34.16,-118.33,2.479
5.6315,34.0,4.5405982905982905,1.064102564102564,1052.0,2.247863247863248,33.62,-117.93,4.846
2.375,31.0,2.5454545454545454,1.0,326.0,3.7045454545454546,34.26,-119.21,0.55
3.0571,49.0,4.426829268292683,1.2073170731707317,601.0,1.4658536585365853,32.74,-117.16,4.188
3.0313,40.0,4.91919191919192,1.042929292929293,1434.0,3.621212121212121,37.72,-122.4,2.191
12.542,10.0,9.873315363881401,1.1024258760107817,1179.0,3.1778975741239894,34.21,-118.69,5.00001
2.2847,41.0,3.5281385281385282,1.0909090909090908,775.0,3.354978354978355,34.01,-118.11,1.9
1.0179,42.0,3.6607142857142856,1.0446428571428572,706.0,6.303571428571429,38.94,-121.1,1.25
2.8348,22.0,4.111545988258317,1.00587084148728,1304.0,2.551859099804305,38.01,-121.31,1.016
5.32,16.0,6.186153846153847,1.0784615384615384,1488.0,2.289230769230769,33.8,-118.01,2.195
3.7636,6.0,6.096236890808143,1.1671807526218383,4892.0,3.0178901912399754,34.57,-118.14,1.676
3.6031,52.0,3.7025920873124147,1.0627557980900408,1438.0,1.9618008185538882,37.77,-122.43,2.75
3.3816,52.0,4.4869888475836435,1.1226765799256506,1008.0,3.7472118959107807,37.75,-122.42,2.625
3.0114,31.0,4.117021276595745,0.9468085106382979,1175.0,4.166666666666667,33.97,-118.14,1.77
2.7121,20.0,3.347131445170661,1.0885984023238926,5349.0,3.8845315904139435,34.23,-118.46,1.694
2.5,15.0,4.581967213114754,1.1055327868852458,1837.0,1.882172131147541,37.99,-121.33,1.759
4.4529,10.0,6.006167400881057,1.0466960352422907,4163.0,3.66784140969163,38.15,-122.24,1.441
2.9213,52.0,4.837962962962963,1.1064814814814814,496.0,2.2962962962962963,37.78,-122.26,1.908
3.9722,29.0,4.789795918367347,0.9469387755102041,1135.0,2.316326530612245,37.97,-122.32,1.61
3.375,9.0,5.654468085106383,1.1608510638297873,7235.0,3.078723404255319,33.67,-117.38,1.318
3.2699,34.0,4.828859060402684,1.0973154362416107,708.0,2.3758389261744965,34.69,-118.14,1.0
2.1875,13.0,5.5119760479041915,1.0,1606.0,2.404191616766467,34.41,-117.25,1.197
4.1458,6.0,6.575,1.0875,841.0,2.628125,34.1,-116.38,1.163
1.6964,28.0,3.3043478260869565,1.162471395881007,2145.0,4.908466819221968,34.19,-119.17,1.75
5.1615,26.0,6.687037037037037,1.0425925925925925,2089.0,3.8685185185185187,34.43,-119.79,2.762
3.5903,35.0,3.676767676767677,1.0168350168350169,962.0,3.239057239057239,33.91,-118.33,1.833
5.237,32.0,6.187817258883249,0.9746192893401016,634.0,3.218274111675127,33.8,-117.95,2.157
3.1462,19.0,2.7653061224489797,1.119047619047619,2079.0,1.4142857142857144,37.78,-122.42,1.875
5.0861,35.0,6.051724137931035,1.110344827586207,774.0,2.668965517241379,33.95,-118.01,2.967
7.2137,17.0,8.240663900414937,1.033195020746888,761.0,3.1576763485477177,34.26,-118.79,4.019
3.9861,35.0,5.912280701754386,1.0701754385964912,578.0,3.3801169590643276,33.89,-118.0,1.887
2.5764,14.0,5.08984375,1.00390625,1228.0,2.3984375,34.71,-118.06,1.5
3.3611,46.0,5.701421800947867,1.037914691943128,637.0,3.018957345971564,33.99,-118.06,1.744
2.1357,28.0,3.339563862928349,1.0311526479750779,692.0,2.155763239875389,32.8,-117.24,1.875
6.5437,14.0,6.9015486725663715,0.9966814159292036,2923.0,3.2334070796460175,33.9,-117.78,2.682
2.875,2.0,5.624161073825503,1.9798657718120805,240.0,1.610738255033557,37.59,-122.01,2.375
2.6914,52.0,4.846575342465753,1.0191780821917809,849.0,2.326027397260274,37.86,-122.27,2.188
3.2091,29.0,4.218905472636816,1.066334991708126,2332.0,3.867330016583748,37.66,-122.11,1.5
3.1842,42.0,4.6923076923076925,1.05668016194332,465.0,1.8825910931174088,37.54,-122.31,3.528
1.9597,52.0,2.839160839160839,1.097902097902098,821.0,1.9137529137529137,32.73,-117.16,2.0
5.5845,26.0,5.495356037151703,0.913312693498452,1004.0,3.108359133126935,34.22,-118.86,2.517
2.125,16.0,5.046153846153846,1.0134615384615384,1077.0,2.0711538461538463,36.28,-119.33,1.042
4.1382,15.0,5.562105263157894,1.0947368421052632,1032.0,2.1726315789473682,38.66,-121.27,1.898
8.1657,32.0,7.2166584035696575,1.029747149231532,5459.0,2.7064947942488846,34.18,-118.26,5.00001
2.9844,28.0,5.586510263929619,1.0909090909090908,1480.0,4.340175953079179,34.17,-117.35,0.792
3.5,30.0,5.728882833787466,1.0517711171662125,2012.0,2.741144414168937,32.74,-117.02,1.447
2.2692,37.0,4.449013157894737,1.111842105263158,1551.0,2.5509868421052633,34.17,-118.12,2.25
4.3906,36.0,5.8621621621621625,0.9702702702702702,1018.0,2.7513513513513512,33.78,-117.93,2.313
2.2917,19.0,5.695652173913044,1.423913043478261,493.0,2.6793478260869565,39.12,-120.69,1.182
2.1006,19.0,4.938718662952646,1.0564066852367688,4101.0,2.855849582172702,35.31,-119.01,0.748
3.6812,52.0,4.848314606741573,1.0786516853932584,614.0,1.7247191011235956,37.79,-122.44,5.0
2.295,32.0,3.6953642384105962,1.086092715231788,1265.0,4.188741721854305,33.95,-118.21,1.552
2.4423,21.0,5.7795275590551185,1.2703412073490814,1000.0,2.6246719160104988,39.07,-122.91,1.023
1.3882,47.0,4.394190871369295,1.112033195020747,693.0,2.87551867219917,36.33,-119.65,0.538
6.4319,34.0,6.514044943820225,0.9382022471910112,941.0,2.643258426966292,33.95,-118.11,4.523
2.1944,33.0,4.1313131313131315,0.9848484848484849,664.0,3.3535353535353534,34.04,-118.15,2.033
2.625,36.0,5.3355263157894735,1.105263157894737,514.0,3.3815789473684212,37.95,-121.23,0.892
7.2965,17.0,8.474242424242425,1.1090909090909091,1992.0,3.018181818181818,34.25,-118.85,3.429
1.5931,18.0,3.9296536796536796,0.9880952380952381,3565.0,3.8582251082251084,32.68,-115.5,0.884
2.1935,31.0,4.794029850746269,1.0567164179104478,1049.0,3.1313432835820896,34.16,-117.34,0.727
3.5164,47.0,5.970639032815199,1.0742659758203799,1700.0,2.936096718480138,34.18,-118.14,2.265
8.9565,35.0,6.66554054054054,1.1216216216216217,1257.0,4.246621621621622,34.07,-118.44,5.00001
1.125,18.0,4.549112426035503,1.1467455621301774,1832.0,2.1680473372781064,38.94,-122.63,0.818
1.9866,30.0,3.7868217054263567,1.0232558139534884,736.0,2.852713178294574,34.19,-118.38,1.774
11.4233,21.0,7.138783269961977,0.9980988593155894,1493.0,2.838403041825095,34.06,-118.54,5.00001
2.7697,38.0,5.473684210526316,1.0210526315789474,995.0,2.6184210526315788,38.52,-121.44,0.766
11.075,38.0,7.204678362573099,1.04093567251462,410.0,2.3976608187134505,33.61,-117.91,5.00001
6.1085,52.0,6.415041782729805,0.9749303621169917,859.0,2.3927576601671308,37.92,-122.55,5.00001
3.0625,34.0,3.2142857142857144,0.7857142857142857,39.0,2.7857142857142856,34.08,-117.08,5.00001
3.8936,13.0,4.12807881773399,1.1600985221674878,710.0,1.748768472906404,37.26,-121.88,2.259
4.6908,35.0,5.728643216080402,0.9698492462311558,486.0,2.442211055276382,37.44,-122.21,5.00001
4.5918,36.0,5.292483660130719,1.1797385620915033,1383.0,2.2598039215686274,34.06,-118.32,3.37
6.0634,15.0,5.935275080906149,1.0679611650485437,841.0,2.72168284789644,33.68,-117.78,2.343
5.5248,15.0,5.5590778097982705,0.9942363112391931,1683.0,4.85014409221902,37.3,-121.81,2.356
2.3438,42.0,2.886977886977887,1.0515970515970516,1593.0,3.914004914004914,34.07,-118.27,2.133
3.6845,32.0,4.326388888888889,1.0208333333333333,1516.0,3.509259259259259,34.21,-118.39,1.785
3.4306,29.0,5.7388059701492535,1.1243781094527363,1218.0,3.029850746268657,33.86,-118.01,1.942
2.1773,17.0,4.04,1.068,1529.0,3.058,32.59,-117.11,1.432
6.0145,14.0,6.156748911465892,1.0827285921625545,1858.0,2.6966618287373003,34.23,-118.87,2.871
4.6902,10.0,6.534569983136594,1.1264755480607083,1632.0,2.752107925801012,38.67,-121.2,1.71
2.5473,16.0,4.2255054432348365,0.9657853810264385,3343.0,5.199066874027994,38.02,-121.3,1.063
4.0547,52.0,4.787878787878788,1.0212121212121212,1425.0,4.318181818181818,37.71,-122.46,2.462
2.3,42.0,5.285266457680251,1.1316614420062696,737.0,2.310344827586207,33.96,-118.33,1.892
2.4821,37.0,5.250712250712251,1.0427350427350428,1207.0,3.438746438746439,33.88,-118.24,1.11
5.6877,16.0,5.548993288590604,0.9932885906040269,2103.0,2.822818791946309,33.62,-117.74,2.314
2.8239,43.0,3.6381909547738696,1.0134003350083751,2386.0,3.996649916247906,34.02,-118.15,1.506
3.2656,15.0,5.242792109256449,1.1062215477996966,2014.0,3.056145675265554,37.36,-120.62,0.835
2.1293,9.0,4.7352380952380955,1.1923809523809523,1938.0,3.6914285714285713,33.21,-117.24,1.514
2.2589,33.0,4.3264516129032256,1.0193548387096774,2318.0,2.990967741935484,34.19,-118.42,2.697
2.8456,40.0,4.869918699186992,1.0867208672086721,756.0,2.048780487804878,37.98,-122.02,1.655
3.5486,35.0,5.041388518024032,0.9786381842456608,1583.0,2.1134846461949266,34.01,-118.35,3.321
7.8118,17.0,7.3478260869565215,1.0217391304347827,200.0,4.3478260869565215,33.93,-117.59,2.442
6.8,33.0,6.539877300613497,1.1717791411042944,403.0,2.4723926380368098,38.37,-122.39,2.408
7.472,10.0,7.769716088328075,1.1813880126182965,1478.0,2.331230283911672,32.99,-117.25,4.399
4.6765,45.0,5.444067796610169,1.0169491525423728,735.0,2.4915254237288136,33.87,-118.13,1.984
3.1667,14.0,4.784386617100372,1.0817843866171004,737.0,2.7397769516728623,36.31,-119.78,1.264
4.2422,15.0,4.3605313092979125,1.0759013282732448,1261.0,2.3927893738140416,33.88,-117.99,1.594
4.7609,25.0,5.415143603133159,1.010443864229765,1273.0,3.3237597911227152,37.36,-122.02,3.78
2.875,41.0,4.472049689440993,1.0093167701863355,1014.0,3.1490683229813663,34.21,-118.44,1.686
3.692,34.0,5.067605633802817,1.019718309859155,1293.0,3.6422535211267606,33.92,-118.29,1.452
3.1025,28.0,4.854460093896714,1.1486697965571204,1623.0,2.539906103286385,38.12,-122.26,1.037
4.3269,35.0,6.648809523809524,1.0773809523809523,496.0,2.9523809523809526,33.82,-117.95,2.247
3.4006,22.0,4.733466933867735,1.2044088176352705,1127.0,2.258517034068136,34.28,-119.2,2.194
1.6136,14.0,9.316931982633864,2.487698986975398,1586.0,2.295224312590449,34.23,-116.62,0.674
5.0761,35.0,6.1072507552870094,1.040785498489426,1832.0,2.7673716012084593,37.93,-122.08,2.332
2.2411,47.0,3.986175115207373,0.8894009216589862,782.0,3.6036866359447006,33.98,-118.28,0.93
1.5085,17.0,4.051601423487544,1.0818505338078293,1607.0,2.8594306049822062,39.13,-121.56,0.697
6.553,41.0,7.12,1.0133333333333334,680.0,3.022222222222222,34.21,-118.19,5.00001
4.375,34.0,4.532051282051282,1.0192307692307692,381.0,2.4423076923076925,37.6,-122.39,3.409
3.2073,20.0,4.76332899869961,1.0110533159947985,5718.0,3.717815344603381,34.01,-117.68,1.235
2.4567,43.0,5.006578947368421,1.0723684210526316,1456.0,2.3947368421052633,35.62,-120.69,1.4
3.5625,11.0,4.517890772128061,0.992467043314501,2307.0,4.344632768361582,34.08,-117.99,1.41
3.2284,18.0,4.219094247246022,1.0489596083231334,3663.0,4.483476132190942,34.25,-118.41,1.571
4.2132,37.0,4.964285714285714,0.9910714285714286,771.0,3.4419642857142856,33.9,-118.09,1.646
3.1484,17.0,4.486280487804878,1.1722560975609757,1312.0,2.0,34.16,-118.26,1.875
5.0282,35.0,5.6415929203539825,0.9823008849557522,959.0,4.243362831858407,34.22,-118.52,1.954
6.939,40.0,7.075794621026895,0.9657701711491442,1063.0,2.5990220048899757,34.0,-118.35,3.72
2.625,28.0,2.866336633663366,0.9108910891089109,673.0,3.3316831683168315,34.07,-118.26,1.875
4.0481,52.0,6.57421875,1.0390625,646.0,2.5234375,34.14,-117.29,0.973
3.142,23.0,4.538277511961723,1.0526315789473684,1109.0,2.65311004784689,37.64,-122.08,1.795
1.5066,50.0,4.545691906005222,1.1070496083550914,987.0,2.577023498694517,40.41,-120.64,0.593
3.6346,22.0,6.052132701421801,1.0592417061611374,1147.0,2.7180094786729856,33.19,-117.23,1.925
5.0,24.0,4.492753623188406,0.9528985507246377,690.0,2.5,37.29,-121.96,2.83
4.0071,15.0,4.532258064516129,1.0219941348973607,1602.0,2.3489736070381233,38.34,-122.69,1.355
4.485,10.0,6.4341290893015035,1.032714412024757,3507.0,3.1007957559681696,38.72,-121.25,1.794
1.5313,20.0,4.18974358974359,0.958974358974359,1053.0,2.7,39.23,-121.05,1.549
4.2917,6.0,5.142276422764228,0.9227642276422764,764.0,3.105691056910569,36.29,-119.79,1.042
8.1844,22.0,7.817073170731708,1.0463414634146342,1083.0,2.6414634146341465,32.81,-117.23,4.063
1.5064,42.0,4.3858615611192935,1.0220913107511045,1879.0,2.767304860088365,39.72,-121.82,0.663
4.8519,46.0,5.470982142857143,1.0535714285714286,1163.0,2.595982142857143,37.32,-121.94,2.258
4.8889,18.0,5.860894941634241,1.0330739299610896,3360.0,3.2684824902723735,34.11,-117.6,1.557
3.4784,17.0,4.510532837670384,1.0285006195786865,3537.0,4.382899628252788,34.08,-117.98,1.522
4.1563,26.0,5.684426229508197,0.9262295081967213,807.0,3.307377049180328,38.67,-121.31,1.357
5.5702,19.0,5.356435643564357,1.0507425742574257,2243.0,2.775990099009901,33.71,-117.96,3.426
3.3214,33.0,4.419811320754717,1.0188679245283019,1216.0,5.735849056603773,34.27,-118.42,1.313
6.2263,52.0,6.228260869565218,1.108695652173913,232.0,2.5217391304347827,37.39,-122.33,5.00001
4.4063,13.0,28.75728155339806,5.300970873786408,252.0,2.4466019417475726,38.26,-120.33,1.558
2.9866,45.0,5.4412811387900355,1.1281138790035588,793.0,2.8220640569395017,38.89,-121.3,0.913
3.3188,32.0,6.420704845814978,1.0837004405286343,1292.0,2.845814977973568,38.66,-121.3,1.171
0.7286,46.0,3.375451263537906,1.0722021660649819,582.0,2.101083032490975,37.81,-122.29,0.952
4.675,34.0,5.3486590038314175,0.9386973180076629,661.0,2.532567049808429,33.88,-117.9,2.154
2.788,42.0,3.6946902654867255,0.9601769911504425,1997.0,4.418141592920354,34.04,-118.18,1.505
5.7415,37.0,6.424581005586592,1.1340782122905029,511.0,2.8547486033519553,37.13,-121.93,3.985
2.6667,49.0,4.2,0.9285714285714286,737.0,3.5095238095238095,37.79,-122.2,1.22
4.0882,16.0,5.851351351351352,1.0694980694980696,1301.0,2.511583011583012,33.41,-117.19,2.961
2.9712,33.0,4.609467455621302,0.9349112426035503,1600.0,4.733727810650888,34.1,-117.97,1.439
4.5625,36.0,5.636363636363637,1.032085561497326,546.0,2.9197860962566846,37.35,-121.98,2.4
2.7391,44.0,4.406896551724138,1.0206896551724138,936.0,2.1517241379310343,37.94,-122.34,1.403
1.75,49.0,5.552631578947368,1.3421052631578947,560.0,3.6842105263157894,37.81,-122.29,0.75
2.1782,34.0,4.535037878787879,1.112689393939394,3134.0,2.9678030303030303,33.61,-114.59,0.584
11.2463,22.0,8.249027237354085,1.0350194552529184,1480.0,2.8793774319066148,37.25,-121.99,5.00001
4.7475,28.0,5.325513196480938,1.064516129032258,2100.0,2.0527859237536656,37.88,-122.5,4.746
4.4167,26.0,5.005359056806002,1.1136120042872455,2103.0,2.2540192926045015,37.46,-122.23,3.338
6.5858,32.0,6.086956521739131,0.961352657004831,560.0,2.7053140096618358,37.29,-121.92,3.467
5.2099,45.0,5.686274509803922,1.0163398692810457,788.0,2.5751633986928106,34.03,-118.43,3.736
3.1944,40.0,4.43859649122807,1.043859649122807,397.0,3.482456140350877,34.07,-118.23,1.438
6.3997,50.0,7.37020316027088,1.1489841986455982,1256.0,2.835214446952596,34.44,-119.72,5.00001
1.4387,37.0,5.11734693877551,1.2465986394557824,1513.0,2.57312925170068,38.62,-121.44,0.61
2.575,40.0,4.329596412556054,1.006726457399103,1367.0,3.0650224215246635,34.08,-118.13,2.284
3.6217,20.0,4.536184210526316,1.0953947368421053,937.0,3.0822368421052633,33.8,-118.06,1.953
4.7208,19.0,4.719798657718121,0.9513422818791947,1334.0,2.238255033557047,33.78,-117.87,1.735
1.608,39.0,4.181547619047619,1.0089285714285714,1489.0,4.431547619047619,34.06,-117.66,0.918
1.4529,25.0,4.087478559176672,0.9879931389365352,1234.0,2.1166380789022297,37.49,-120.84,0.861
6.7978,24.0,6.589189189189189,0.9567567567567568,610.0,3.2972972972972974,33.99,-117.95,3.25
6.3231,45.0,4.434322033898305,1.0529661016949152,842.0,1.7838983050847457,33.87,-118.4,5.00001
1.8929,30.0,2.96875,1.0477941176470589,1245.0,2.2886029411764706,34.14,-118.25,1.969
5.5145,15.0,5.168384879725086,1.0103092783505154,1267.0,4.353951890034364,37.31,-121.82,2.194
2.0114,20.0,3.6439716312056736,1.0453900709219859,2341.0,3.3205673758865246,32.68,-117.09,1.049
4.4094,52.0,5.158227848101266,1.0332278481012658,1594.0,2.5221518987341773,37.76,-122.48,3.361
2.5459,22.0,3.512236286919831,1.0075949367088608,1804.0,1.5223628691983122,37.94,-122.05,1.793
2.6023,26.0,13.985507246376812,2.8333333333333335,307.0,2.2246376811594204,39.26,-120.01,1.393
3.0777,23.0,4.941714285714285,1.1817142857142857,1844.0,2.107428571428571,36.97,-121.96,2.638
5.1032,18.0,3.726651480637813,0.9430523917995444,853.0,1.9430523917995444,37.45,-122.19,4.646
2.9798,17.0,5.530487804878049,0.9695121951219512,1672.0,3.3983739837398375,35.02,-120.48,2.048
3.3889,10.0,4.472602739726027,0.821917808219178,407.0,2.787671232876712,38.89,-121.29,1.108
7.0245,31.0,6.581005586592179,1.1312849162011174,921.0,2.5726256983240225,37.4,-122.12,5.00001
3.7292,23.0,4.907786885245901,0.9754098360655737,2284.0,4.680327868852459,32.8,-117.15,1.463
1.6098,52.0,5.021459227467811,1.0085836909871244,701.0,3.0085836909871246,37.82,-122.28,0.875
5.6411,6.0,5.7781299524564185,1.026148969889065,2468.0,1.9556259904912836,37.29,-121.74,2.947
3.0298,46.0,4.56,1.0044444444444445,749.0,3.328888888888889,37.74,-122.17,1.076
4.3482,9.0,5.7924528301886795,1.1037735849056605,409.0,1.929245283018868,35.36,-119.06,0.952
1.2206,35.0,3.2215799614643545,1.071290944123314,2106.0,4.057803468208093,34.01,-118.27,1.292
3.5909,35.0,4.047058823529412,0.9905882352941177,1452.0,3.416470588235294,37.69,-122.47,2.561
8.203,21.0,7.595463137996219,1.0132325141776937,1508.0,2.850661625708885,34.26,-118.55,4.454
2.8,23.0,3.8995756718528995,1.0381895332390383,1811.0,2.5615275813295617,33.8,-117.94,2.143
4.817,16.0,6.332129963898917,1.0252707581227436,773.0,2.7906137184115525,38.67,-121.19,1.47
3.6682,33.0,4.60932944606414,1.0524781341107872,1553.0,2.2638483965014577,37.34,-121.97,2.661
8.0074,18.0,7.993911719939117,1.0441400304414004,1870.0,2.8462709284627095,37.85,-122.12,4.541
3.2083,46.0,5.531468531468532,1.1013986013986015,777.0,2.7167832167832167,33.99,-118.33,1.496
6.5755,23.0,5.137640449438202,0.9297752808988764,891.0,2.502808988764045,33.87,-118.37,3.599
3.5313,20.0,5.8526011560693645,0.9479768786127167,1039.0,3.0028901734104045,36.32,-119.33,0.828
3.9508,6.0,5.8731884057971016,1.1111111111111112,3010.0,3.635265700483092,33.82,-116.46,1.042
3.35,35.0,4.688372093023256,0.9488372093023256,1162.0,5.404651162790698,34.29,-118.41,1.476
1.5195,42.0,2.3997539975399755,1.040590405904059,2500.0,3.075030750307503,34.09,-118.31,2.182
1.9612,32.0,4.343220338983051,1.097457627118644,874.0,3.7033898305084745,35.37,-118.96,0.534
4.0556,49.0,4.968599033816425,1.038647342995169,1103.0,2.6642512077294684,34.1,-118.12,2.826
2.4022,47.0,4.741847826086956,1.0081521739130435,1079.0,2.932065217391304,34.01,-118.32,1.234
9.6885,20.0,8.16842105263158,1.0921052631578947,1061.0,2.792105263157895,34.4,-119.79,5.00001
3.5039,19.0,5.0233644859813085,1.1191588785046729,1052.0,2.457943925233645,36.48,-121.7,2.884
6.9584,16.0,6.310714285714286,0.9571428571428572,1061.0,3.789285714285714,37.4,-121.87,3.516
2.0242,36.0,4.967105263157895,1.0328947368421053,625.0,4.1118421052631575,34.06,-117.33,0.65
5.6399,14.0,6.389140271493213,1.057315233785822,1833.0,2.764705882352941,37.66,-121.85,3.006
5.9024,21.0,6.3974763406940065,1.0047318611987381,1974.0,3.1135646687697163,34.28,-118.74,2.21
2.8106,24.0,4.8865836791148,1.0248962655601659,1496.0,2.0691562932226835,38.65,-121.33,1.832
3.0,36.0,5.5369127516778525,1.0503355704697988,660.0,2.214765100671141,36.78,-119.81,0.797
3.5682,10.0,6.1008746355685135,1.0239067055393587,4660.0,2.717201166180758,35.03,-120.5,2.773
3.2813,45.0,5.934579439252336,1.1308411214953271,598.0,2.794392523364486,36.8,-119.99,1.054
3.7045,33.0,5.296774193548387,0.9053763440860215,1235.0,2.6559139784946235,38.32,-122.31,1.615
2.2208,52.0,4.565789473684211,1.095029239766082,1695.0,2.4780701754385963,37.87,-122.3,1.448
3.0789,8.0,4.6518375241779495,1.0386847195357833,1594.0,3.0831721470019344,33.94,-117.23,1.142
3.129,48.0,4.144736842105263,1.064327485380117,1674.0,2.4473684210526314,37.78,-122.48,3.75
5.2415,12.0,5.1610337972166995,1.0210735586481112,8190.0,3.256461232604374,37.38,-121.85,2.865
2.5035,10.0,4.871227364185111,1.1670020120724347,962.0,1.9356136820925554,38.58,-121.31,1.125
4.6,7.0,5.133333333333334,0.8,64.0,4.266666666666667,33.83,-117.17,1.875
5.8252,7.0,5.144414168937329,1.0663033605812897,2493.0,2.2643051771117166,33.67,-117.98,2.647
1.7885,36.0,5.151724137931034,1.303448275862069,338.0,2.331034482758621,37.95,-121.32,0.621
5.8411,34.0,6.49800796812749,1.0617529880478087,1265.0,2.5199203187250996,34.47,-119.72,3.818
4.2019,25.0,3.625441696113074,1.017667844522968,1646.0,5.81625441696113,33.85,-117.93,1.639
12.5902,52.0,7.021164021164021,1.0052910052910053,467.0,2.4708994708994707,37.43,-122.14,5.00001
8.2335,37.0,5.098468271334792,0.949671772428884,846.0,1.851203501094092,34.11,-118.33,4.302
4.3611,11.0,5.419753086419753,0.9629629629629629,655.0,2.6954732510288064,35.06,-120.52,3.297
2.1111,20.0,5.339920948616601,1.007905138339921,762.0,3.0118577075098814,35.34,-118.88,1.053
6.5778,46.0,6.561194029850746,1.0507462686567164,839.0,2.5044776119402985,33.97,-118.39,3.508
3.4912,7.0,8.355308219178083,1.5547945205479452,2933.0,2.5111301369863015,34.85,-117.46,1.577
3.8103,5.0,5.594215600350569,1.0569675723049956,2965.0,2.5985977212971076,40.6,-122.33,1.111
6.3199,23.0,6.909407665505227,0.975609756097561,978.0,3.407665505226481,34.3,-118.71,2.367
15.0001,32.0,8.00286944045911,1.0803443328550932,1567.0,2.248206599713056,34.11,-118.4,5.00001
1.4625,47.0,4.201117318435754,1.0446927374301676,1168.0,3.2625698324022347,33.97,-118.26,0.942
7.1193,2.0,9.09375,1.09375,199.0,3.109375,33.81,-117.76,5.00001
1.9719,42.0,3.6945812807881775,1.0328407224958949,2588.0,4.249589490968801,34.03,-118.19,1.342
8.6675,9.0,6.73943661971831,0.9788732394366197,532.0,3.7464788732394365,37.44,-121.9,4.41
1.7875,24.0,3.5335276967930027,1.0670553935860059,1202.0,3.5043731778425657,37.96,-121.3,0.768
4.6705,19.0,6.3225030084235865,1.075812274368231,2155.0,2.593261131167268,35.36,-119.07,1.107
4.6563,7.0,3.933530280649926,0.948301329394387,1367.0,2.019202363367799,33.87,-117.87,1.624
3.3125,11.0,5.361736334405145,1.0578778135048232,1963.0,3.1559485530546625,38.69,-121.46,0.968
2.875,30.0,4.421686746987952,1.1421686746987951,934.0,2.2506024096385544,32.76,-117.1,1.396
5.1708,41.0,5.741228070175438,0.9692982456140351,534.0,2.3421052631578947,34.01,-118.44,4.188
2.7708,30.0,3.619389587073609,1.1166965888689409,1359.0,2.4398563734290843,34.17,-118.38,1.923
4.1098,14.0,5.940279542566709,1.0533672172808133,2235.0,2.8398983481575604,36.83,-119.74,1.082
4.5129,16.0,6.174757281553398,1.046116504854369,1199.0,2.9101941747572817,38.95,-121.19,1.963
1.7778,44.0,3.448453608247423,0.9432989690721649,1765.0,4.548969072164948,33.96,-118.24,1.099
5.4273,44.0,5.712,0.9546666666666667,846.0,2.256,37.33,-121.93,4.21
3.4861,32.0,5.11139896373057,1.038860103626943,1322.0,3.4248704663212437,34.01,-118.08,1.581
3.2417,36.0,3.684057971014493,1.0028985507246377,811.0,2.3507246376811595,33.88,-118.33,2.833
5.9053,16.0,6.577464788732394,1.0035211267605635,995.0,3.5035211267605635,37.26,-121.8,2.605
3.0441,20.0,4.4932502596054,1.0768431983385254,2296.0,2.3842159916926273,34.09,-117.91,1.854
5.6441,18.0,6.089593383873191,1.0523776705720194,3946.0,2.7195037904893176,33.91,-117.94,3.13
10.0472,11.0,9.890756302521009,1.1596638655462186,415.0,3.4873949579831933,34.18,-118.69,5.00001
6.6343,52.0,7.166189111747851,1.0372492836676217,748.0,2.1432664756446993,34.06,-118.4,5.00001
3.6007,35.0,4.432065217391305,0.967391304347826,862.0,2.342391304347826,34.19,-118.4,2.618
8.3014,21.0,6.238137082601054,0.9718804920913884,2401.0,2.109841827768014,37.86,-122.22,3.585
3.0156,32.0,4.885906040268456,0.912751677852349,461.0,3.0939597315436242,36.57,-119.3,1.091
5.0912,44.0,6.457575757575758,1.0909090909090908,1040.0,3.1515151515151514,33.95,-118.32,1.698
2.6803,52.0,4.278688524590164,0.9979508196721312,1082.0,2.2172131147540983,37.76,-122.42,4.9
4.0313,45.0,4.426470588235294,0.9313725490196079,557.0,2.730392156862745,34.19,-118.35,2.091
3.7143,31.0,4.517829457364341,1.1085271317829457,3547.0,5.499224806201551,37.35,-121.83,1.786
3.9241,16.0,5.298245614035087,0.9373433583959899,1463.0,3.6666666666666665,34.11,-117.54,1.315
3.1071,40.0,3.951923076923077,1.1322115384615385,780.0,1.875,33.71,-118.29,4.643
2.2,42.0,3.22,0.8,157.0,3.14,33.81,-117.99,1.531
3.775,14.0,5.519572953736655,1.0569395017793595,785.0,2.793594306049822,38.1,-121.29,1.633
7.2165,25.0,5.674358974358975,0.9230769230769231,1066.0,2.7333333333333334,37.37,-122.01,3.609
3.3375,32.0,5.245098039215686,1.026143790849673,986.0,3.2222222222222223,33.85,-117.9,1.862
5.1014,15.0,6.578947368421052,1.0917559385188635,6456.0,3.0069864927806242,38.12,-122.22,1.795
3.5959,9.0,5.2416034669555795,0.9967497291440953,2460.0,2.6652221018418203,37.77,-120.87,1.427
3.7292,6.0,4.583333333333333,1.0833333333333333,69.0,2.875,37.8,-121.29,4.75
4.4375,13.0,4.548387096774194,0.9612903225806452,718.0,4.632258064516129,32.69,-117.06,1.549
1.9432,39.0,5.565625,1.046875,841.0,2.628125,34.14,-117.3,0.89
3.5391,30.0,5.229468599033816,1.2946859903381642,1500.0,3.6231884057971016,37.75,-119.55,0.559
3.2875,52.0,5.990936555891238,1.039274924471299,887.0,2.6797583081570995,34.07,-118.15,2.344
1.0617,15.0,3.3874125874125873,1.0825174825174826,2120.0,2.965034965034965,32.75,-117.1,0.924
5.3451,14.0,6.1537037037037035,0.924074074074074,1527.0,2.827777777777778,38.73,-121.26,1.721
1.0585,26.0,4.3622795115332424,1.1221166892808685,2041.0,2.7693351424694708,39.5,-121.55,0.451
6.7861,28.0,7.386861313868613,1.083941605839416,617.0,2.2518248175182483,33.55,-117.77,4.991
7.5925,39.0,7.150462962962963,0.9976851851851852,1175.0,2.7199074074074074,32.72,-117.24,4.667
6.7977,33.0,7.1945205479452055,1.0410958904109588,2041.0,2.7958904109589042,34.18,-118.63,3.897
4.97,52.0,6.685064935064935,1.12012987012987,800.0,2.5974025974025974,37.57,-122.35,5.00001
3.0294,31.0,4.706161137440758,0.9881516587677726,1042.0,2.4691943127962084,36.52,-119.55,0.702
3.1146,24.0,4.88785046728972,1.1744548286604362,715.0,2.2274143302180685,32.82,-117.17,1.875
1.4861,49.0,4.6022727272727275,1.0681818181818181,570.0,2.159090909090909,37.83,-122.27,0.972
3.4269,26.0,3.376425855513308,1.067173637515843,1745.0,2.211660329531052,34.02,-118.42,3.019
2.375,32.0,3.2567567567567566,0.918918918918919,1799.0,4.8621621621621625,33.79,-118.25,1.28
2.8462,36.0,5.671348314606742,1.0365168539325842,878.0,2.466292134831461,38.58,-121.39,0.934
1.8906,27.0,5.874015748031496,1.547244094488189,717.0,2.822834645669291,38.94,-119.96,1.042
3.6458,33.0,5.143176733780761,0.9642058165548099,1049.0,2.3467561521252795,33.93,-117.99,2.081
4.9773,12.0,7.302180685358255,1.102803738317757,1035.0,3.2242990654205608,38.44,-122.01,2.812
5.244,35.0,5.488970588235294,0.9816176470588235,811.0,2.9816176470588234,33.8,-117.96,2.18
1.4583,36.0,2.4,0.6,42.0,1.68,37.98,-122.41,0.675
4.7981,16.0,6.408536585365853,1.0670731707317074,1003.0,3.057926829268293,33.54,-117.67,1.708
3.3906,27.0,5.074324324324325,1.0444015444015444,3496.0,3.3745173745173744,34.06,-118.14,2.372
2.6055,42.0,5.054744525547445,0.9963503649635036,740.0,2.7007299270072993,38.63,-121.42,0.78
2.9073,35.0,4.691558441558442,1.0032467532467533,795.0,2.581168831168831,38.46,-122.72,1.57
3.201,44.0,4.366720516962843,1.0710823909531502,1045.0,1.6882067851373181,34.07,-118.37,2.875
2.3152,10.0,3.4055944055944054,1.1048951048951048,631.0,2.2062937062937062,37.97,-122.04,1.406
8.0595,17.0,8.18840579710145,1.0579710144927537,1052.0,3.0492753623188404,37.22,-121.87,4.85
3.8583,11.0,5.186653771760155,1.1218568665377175,2783.0,2.6914893617021276,34.24,-118.46,1.707
2.5644,31.0,5.234527687296417,1.0944625407166124,817.0,2.6612377850162865,35.35,-119.04,0.73
3.0216,37.0,5.539094650205762,1.0041152263374487,1263.0,2.5987654320987654,40.79,-124.15,0.864
6.1278,29.0,6.894736842105263,0.9868421052631579,455.0,2.9934210526315788,37.71,-122.48,4.176
3.125,52.0,4.637450199203188,1.0239043824701195,575.0,2.2908366533864544,34.08,-118.32,3.804
3.5714,4.0,5.9640287769784175,1.0827338129496402,676.0,2.431654676258993,37.98,-120.35,1.495
3.6111,44.0,4.864022662889519,1.1076487252124645,848.0,2.4022662889518416,34.16,-118.34,2.545
3.7656,7.0,6.156937799043062,1.1492822966507177,2733.0,2.615311004784689,36.86,-119.8,1.45
2.3464,11.0,3.4922118380062304,1.088785046728972,1203.0,1.8738317757009346,38.35,-122.71,1.042
4.125,26.0,4.4796875,1.0484375,1955.0,3.0546875,34.21,-118.43,2.265
3.6346,39.0,5.17799352750809,1.1148867313915858,1391.0,2.250809061488673,37.76,-122.47,3.38
2.4728,20.0,4.494974874371859,1.0904522613065326,1113.0,2.7964824120603016,38.29,-122.3,1.397
3.8269,18.0,4.873362445414847,0.9606986899563319,1091.0,2.3820960698689957,36.87,-122.05,2.76
3.0519,30.0,3.675414364640884,1.0566298342541436,2324.0,3.2099447513812156,33.95,-118.35,1.375
4.1279,7.0,7.508298755186722,1.5975103734439835,1134.0,2.3526970954356847,32.96,-117.1,1.676
5.0907,21.0,6.239971346704871,1.1060171919770774,3173.0,2.272922636103152,33.54,-117.75,3.782
3.8586,34.0,5.385126162018592,0.9814077025232404,2470.0,3.2802124833997346,34.07,-117.69,1.36
1.9688,37.0,4.017021276595744,1.0382978723404255,1107.0,4.7106382978723405,34.28,-118.44,1.441
2.8728,8.0,3.7091503267973858,1.0468409586056644,1742.0,1.89760348583878,32.91,-117.12,1.146
1.875,18.0,4.285198555956678,1.111913357400722,1343.0,4.8483754512635375,35.96,-119.04,0.517
3.25,20.0,4.72093023255814,1.1162790697674418,494.0,2.872093023255814,33.83,-117.94,3.5
3.311,17.0,5.4174174174174174,1.024024024024024,1694.0,2.5435435435435436,38.56,-121.33,1.094
3.7611,12.0,5.390625,0.9675480769230769,2445.0,2.938701923076923,37.6,-120.92,1.231
4.9516,3.0,7.338559163867115,1.1590145576707727,16305.0,3.043113101903695,38.43,-121.44,1.537
3.7857,27.0,6.371335504885994,1.0651465798045603,1004.0,3.270358306188925,37.68,-121.03,1.105
1.6118,39.0,3.7304347826086954,1.0231884057971015,1171.0,3.3942028985507244,34.09,-118.21,1.385
6.1896,19.0,5.922981366459627,1.0024844720496895,2199.0,2.7316770186335404,37.5,-122.53,3.311
3.2196,31.0,4.293159609120521,1.0390879478827362,2695.0,4.3892508143322475,34.18,-119.18,1.758
2.4286,34.0,3.7728494623655915,1.032258064516129,2217.0,2.9798387096774195,33.82,-118.2,2.048
3.0625,42.0,4.826666666666667,0.9933333333333333,420.0,2.8,34.19,-118.31,3.617
1.8681,33.0,3.2336448598130842,0.9626168224299065,488.0,4.5607476635514015,34.02,-118.17,1.125
5.7395,24.0,6.26685393258427,0.9676966292134831,1943.0,2.728932584269663,33.65,-117.96,2.898
3.9444,45.0,4.0874125874125875,0.9195804195804196,723.0,2.527972027972028,37.78,-122.27,2.129
2.3611,52.0,2.36,0.7866666666666666,269.0,3.5866666666666664,34.07,-118.04,1.313
1.2069,47.0,4.28051948051948,1.122077922077922,1308.0,3.397402597402597,34.12,-117.29,0.682
3.6875,27.0,4.887550200803213,1.0742971887550201,1623.0,3.2590361445783134,34.11,-117.89,1.402
5.0941,3.0,6.998985801217039,1.1379310344827587,5226.0,2.650101419878296,36.87,-119.75,1.437
4.7656,25.0,5.8425655976676385,1.0174927113702623,1085.0,3.163265306122449,33.68,-117.96,2.307
2.8203,24.0,4.997840172786177,1.0107991360691144,1549.0,3.345572354211663,35.05,-120.48,1.526
3.8705,36.0,5.562770562770563,0.987012987012987,679.0,2.9393939393939394,34.08,-117.92,1.919
5.5191,29.0,6.196296296296296,1.0518518518518518,794.0,2.9407407407407407,34.2,-118.61,2.458
2.9779,30.0,4.422976501305483,1.0391644908616189,1181.0,3.08355091383812,33.88,-118.16,1.695
6.0705,30.0,6.627565982404692,1.0117302052785924,1182.0,3.466275659824047,33.81,-117.82,2.367
1.837,27.0,4.152487961476726,1.1701444622792938,1500.0,2.407704654895666,37.96,-122.04,1.75
0.9782,41.0,3.953995157384988,1.0484261501210654,885.0,2.142857142857143,37.98,-121.26,0.542
3.0096,42.0,3.8107142857142855,0.9142857142857143,608.0,2.1714285714285713,37.32,-121.91,1.808
3.2369,17.0,4.465677179962894,1.0120593692022264,3013.0,2.7949907235621523,32.95,-117.05,1.678
4.3281,52.0,5.3812154696132595,1.0497237569060773,403.0,2.226519337016575,36.62,-121.92,2.365
3.0134,41.0,3.9130434782608696,0.9285714285714286,1535.0,4.767080745341615,33.91,-118.18,1.281
1.8656,50.0,3.377922077922078,1.0311688311688312,3080.0,4.0,34.01,-118.28,1.229
1.9444,26.0,4.468809073724008,1.1417769376181475,1520.0,2.873345935727788,34.64,-120.46,1.294
2.6343,14.0,4.696308724832215,1.0369127516778522,2294.0,3.848993288590604,37.73,-120.93,0.815
4.8424,23.0,5.381188118811881,1.0226308345120225,6034.0,4.267326732673268,37.34,-121.82,1.953
7.2472,30.0,7.637931034482759,1.0454545454545454,1995.0,3.126959247648903,33.96,-117.97,4.419
2.4727,19.0,3.772296015180266,1.127134724857685,1399.0,2.6546489563567364,34.25,-118.29,1.75
2.2982,45.0,5.5,1.06,1980.0,3.6,32.74,-117.21,0.875
3.1827,31.0,5.771653543307087,1.0393700787401574,608.0,2.393700787401575,38.02,-121.33,1.621
6.2715,16.0,6.835051546391752,0.9965635738831615,814.0,2.797250859106529,32.9,-117.09,2.551
1.4524,42.0,3.5231316725978647,1.0284697508896796,1167.0,4.153024911032029,34.01,-118.27,1.268
1.7,17.0,5.20554272517321,1.120092378752887,1007.0,2.325635103926097,39.43,-121.22,0.923
4.1295,29.0,5.332361516034985,1.0670553935860059,1703.0,4.965014577259475,33.76,-117.95,1.88
4.7466,19.0,5.765661252900232,1.013921113689095,1286.0,2.9837587006960558,33.82,-118.02,2.583
2.5,22.0,3.7587354409317806,1.054908485856905,1213.0,2.0183028286189684,32.8,-117.16,1.778
4.4,31.0,4.665816326530612,1.1683673469387754,719.0,1.8341836734693877,34.01,-118.48,3.538
1.2188,37.0,4.371345029239766,1.2543859649122806,865.0,2.5292397660818713,33.93,-116.88,0.55
3.0288,37.0,4.275720164609053,1.0699588477366255,719.0,2.9588477366255144,33.83,-117.91,1.614
1.1563,38.0,4.84390243902439,1.2,760.0,3.707317073170732,32.71,-117.13,0.827
2.8702,36.0,5.245569620253165,1.0329113924050632,964.0,2.440506329113924,34.07,-117.66,1.37
2.3421,35.0,3.356299212598425,1.029527559055118,2252.0,4.433070866141732,33.99,-118.2,1.542
5.3245,8.0,5.987373737373737,0.946969696969697,1094.0,2.7626262626262625,38.0,-121.78,1.745
3.7404,52.0,5.807531380753138,1.1338912133891212,735.0,3.075313807531381,34.14,-118.22,2.477
4.537,33.0,4.556989247311828,1.1268817204301076,872.0,1.875268817204301,33.74,-118.1,4.955
6.3401,7.0,7.2696310312204355,1.0293282876064334,2812.0,2.660359508041627,33.46,-117.63,3.873
4.2723,23.0,5.531772575250836,1.0,787.0,2.632107023411371,38.91,-121.15,1.931
3.5875,39.0,3.667279411764706,1.036764705882353,1202.0,2.2095588235294117,34.17,-118.32,2.5
5.8993,49.0,7.051724137931035,1.0123152709359606,1108.0,2.729064039408867,34.0,-118.34,3.133
3.9375,30.0,6.434408602150538,1.3096774193548386,1288.0,2.7698924731182797,34.54,-120.01,2.929
2.3636,39.0,3.9933993399339935,1.023102310231023,1294.0,4.270627062706271,34.06,-117.63,0.883
4.875,33.0,5.630597014925373,1.1305970149253732,748.0,2.791044776119403,37.44,-122.12,3.734
4.0625,31.0,5.50561797752809,1.0674157303370786,1356.0,3.808988764044944,33.82,-118.01,2.259
2.0893,21.0,4.836734693877551,0.9673469387755103,960.0,3.9183673469387754,37.93,-121.24,0.65
2.3173,25.0,4.9152892561983474,1.115702479338843,1482.0,3.06198347107438,36.82,-119.7,0.682
5.3623,15.0,7.55956678700361,1.1407942238267148,937.0,3.3826714801444044,33.73,-116.89,2.013
1.725,33.0,5.068027210884353,1.1473922902494331,1165.0,2.6417233560090705,40.88,-124.15,0.575
1.4653,38.0,3.383495145631068,1.0097087378640777,749.0,3.6359223300970873,34.01,-118.26,1.188
8.039,20.0,7.432314410480349,1.0363901018922852,4083.0,2.9716157205240177,37.93,-122.1,3.822
4.125,38.0,4.7734375,1.1015625,756.0,2.953125,33.9,-118.12,1.739
4.375,20.0,5.368078175895765,1.0390879478827362,905.0,2.9478827361563518,34.35,-119.73,3.352
3.4063,16.0,4.585131894484412,0.973621103117506,1009.0,2.419664268585132,34.64,-120.47,1.38
3.9647,12.0,5.629518072289157,1.069277108433735,2337.0,3.519578313253012,36.14,-121.2,1.35
3.9848,27.0,5.011472275334608,0.9808795411089866,1063.0,2.032504780114723,37.36,-122.05,4.097
3.8021,45.0,4.876456876456876,1.0512820512820513,1190.0,2.773892773892774,33.99,-118.43,3.23
3.017,31.0,5.036559139784946,0.9440860215053763,1411.0,3.0344086021505374,36.55,-119.38,0.72
3.7917,40.0,4.959798994974874,1.0301507537688441,1039.0,2.6105527638190953,38.24,-122.64,1.516
3.5585,16.0,4.560869565217391,1.108695652173913,2165.0,3.13768115942029,33.07,-117.3,2.848
2.4049,31.0,3.5402298850574714,1.1065830721003134,3558.0,3.717868338557994,33.97,-118.17,1.59
3.3844,6.0,5.420807453416149,1.0201863354037266,2075.0,3.222049689440994,37.67,-120.93,1.385
3.7361,35.0,5.734848484848484,1.143939393939394,474.0,3.590909090909091,33.93,-118.16,1.798
3.7585,19.0,5.112877583465819,1.0588235294117647,1363.0,2.166931637519873,33.96,-117.32,1.445
3.7167,48.0,4.381877022653722,0.9029126213592233,716.0,2.3171521035598706,34.06,-118.35,3.85
3.3844,52.0,5.6900452488687785,1.0407239819004526,836.0,1.8914027149321266,38.55,-121.49,1.511
1.942,31.0,4.3116057233704295,0.9984101748807631,1519.0,2.414944356120827,33.74,-116.97,0.862
2.3359,40.0,4.47976011994003,1.0344827586206897,2144.0,3.214392803598201,34.02,-118.13,1.893
9.3694,51.0,8.300970873786408,1.0744336569579287,870.0,2.8155339805825244,37.55,-122.33,5.00001
5.2923,5.0,4.363380281690141,1.064788732394366,735.0,2.0704225352112675,33.7,-117.8,1.94
5.9339,15.0,6.361313868613139,0.927007299270073,943.0,3.4416058394160585,33.51,-117.64,2.86
3.775,19.0,5.537906137184115,1.075812274368231,912.0,1.6462093862815885,33.13,-117.21,1.68
7.0691,13.0,6.6896969696969695,1.0096969696969698,2444.0,2.9624242424242424,37.57,-121.87,3.932
2.1494,37.0,4.479923518164436,1.0975143403441683,1608.0,3.074569789674952,37.79,-122.22,1.325
2.2292,5.0,4.579778830963665,1.1769352290679305,1593.0,2.5165876777251186,37.51,-120.85,1.275
3.1204,44.0,5.295774647887324,1.0586854460093897,1057.0,2.4812206572769955,38.1,-122.22,1.108
4.35,35.0,4.714859437751004,1.0662650602409638,1475.0,2.961847389558233,37.4,-122.02,2.61
2.5162,21.0,4.429347826086956,1.0366847826086956,1735.0,2.3573369565217392,38.62,-121.41,0.975
2.0575,21.0,4.901353965183753,1.0715667311411992,1297.0,2.508704061895551,35.41,-119.02,0.67
2.3233,17.0,4.6688311688311686,1.025974025974026,2760.0,3.5844155844155843,38.49,-121.47,0.788
2.0875,13.0,3.5259740259740258,1.0352504638218925,1986.0,1.842300556586271,34.19,-118.31,2.227
5.2319,38.0,6.11734693877551,1.0994897959183674,911.0,2.3239795918367347,33.87,-118.4,5.00001
5.1048,37.0,5.3538461538461535,1.3076923076923077,673.0,1.7256410256410257,33.6,-117.91,5.00001
3.0789,14.0,6.845864661654136,1.1879699248120301,769.0,2.8909774436090228,38.68,-120.63,1.317
4.7361,44.0,5.518987341772152,1.1265822784810127,783.0,3.3037974683544302,33.88,-118.18,1.677
3.4327,24.0,5.015151515151516,1.0113636363636365,687.0,2.602272727272727,33.77,-118.0,1.928
1.6369,15.0,6.003115264797508,1.3302180685358256,810.0,2.5233644859813085,39.13,-122.87,0.865
2.0202,22.0,5.851703406813627,1.2745490981963927,1382.0,2.7695390781563125,41.54,-123.92,0.711
3.2426,50.0,3.8567741935483872,1.0735483870967741,1345.0,1.735483870967742,34.08,-118.33,4.429
2.6368,25.0,3.662534435261708,1.0537190082644627,2629.0,3.621212121212121,33.82,-118.3,1.759
2.8553,52.0,4.664652567975831,1.0981873111782476,1636.0,2.471299093655589,37.78,-122.46,3.607
3.0354,23.0,4.327217125382263,1.007645259938838,1554.0,2.376146788990826,37.96,-121.34,1.137
3.0546,33.0,2.922576447625244,1.0299284320104098,3477.0,2.262199089134678,37.7,-122.48,2.979
2.0899,21.0,4.583497053045186,1.0098231827111985,1308.0,2.569744597249509,40.48,-122.36,0.748
2.3333,37.0,4.6,1.1555555555555554,443.0,3.2814814814814817,33.87,-117.57,1.228
3.0718,52.0,5.068965517241379,1.1130268199233717,1128.0,2.160919540229885,37.76,-122.24,2.667
1.8429,18.0,4.359797297297297,1.0608108108108107,2732.0,4.614864864864865,36.54,-119.29,0.583
1.7062,28.0,4.370967741935484,0.9838709677419355,246.0,3.967741935483871,34.3,-118.43,1.646
8.7819,20.0,7.484251968503937,1.062992125984252,704.0,2.7716535433070866,33.96,-118.43,5.00001
1.7701,26.0,2.666082383873795,1.098159509202454,4812.0,4.217353198948291,33.78,-118.18,1.462
2.0313,41.0,4.1415929203539825,1.1371681415929205,913.0,4.039823008849558,33.93,-118.28,1.226
2.5179,45.0,4.938837920489297,1.033639143730887,823.0,2.5168195718654434,38.24,-122.63,1.455
8.0838,36.0,7.084935897435898,1.125,1433.0,2.296474358974359,33.8,-118.38,5.00001
1.7228,36.0,4.962264150943396,1.0424528301886793,712.0,3.358490566037736,37.79,-121.22,1.05
3.0,2.0,7.069343065693431,1.2773722627737227,756.0,2.759124087591241,40.58,-122.32,1.142
2.3042,36.0,4.461538461538462,1.1418269230769231,822.0,1.9759615384615385,32.75,-117.24,2.206
2.7857,36.0,4.894230769230769,1.3685897435897436,710.0,2.2756410256410255,32.78,-117.25,2.917
2.9375,39.0,5.165254237288136,1.0233050847457628,1103.0,2.336864406779661,38.56,-121.53,0.866
3.7904,15.0,6.109813084112149,1.1331775700934579,1063.0,2.4836448598130842,38.79,-121.24,1.732
2.5993,33.0,4.1016260162601625,0.967479674796748,1027.0,4.17479674796748,37.6,-121.02,0.68
15.0001,46.0,8.365591397849462,0.967741935483871,238.0,2.5591397849462365,34.08,-118.43,5.00001
2.3182,38.0,3.365432098765432,0.9753086419753086,1798.0,4.439506172839506,34.21,-118.38,1.712
2.0227,44.0,5.102325581395349,1.1116279069767443,609.0,2.832558139534884,37.74,-122.16,1.031
7.4729,28.0,6.871035940803383,1.025369978858351,1328.0,2.807610993657505,37.35,-122.04,4.316
5.5925,13.0,5.757981462409886,1.043254376930999,3188.0,3.283213182286303,34.3,-118.9,2.086
2.885,9.0,5.323108384458077,1.0143149284253579,4660.0,4.76482617586912,33.71,-117.82,1.625
1.975,30.0,4.808917197452229,1.0870488322717622,1402.0,2.976645435244161,34.65,-120.44,1.34
3.3472,45.0,4.244725738396625,0.9704641350210971,1237.0,5.219409282700422,33.87,-117.93,1.68
2.9312,25.0,4.5,1.1152173913043477,1078.0,2.3434782608695652,33.79,-117.83,2.201
2.6709,19.0,4.176047904191617,1.148502994011976,2278.0,2.7281437125748504,34.19,-118.44,2.155
4.5294,18.0,5.348457350272232,1.014519056261343,1820.0,3.3030852994555353,33.82,-118.0,2.248
1.6321,20.0,3.376689189189189,1.099662162162162,1302.0,2.199324324324324,32.64,-117.09,0.575
5.0672,14.0,7.075664621676892,1.01840490797546,3196.0,3.2678936605316973,38.27,-122.06,1.713
4.1146,41.0,4.938997821350762,1.0588235294117647,1045.0,2.2766884531590414,37.68,-122.4,2.722
1.0,33.0,4.140939597315437,1.2516778523489933,777.0,2.6073825503355703,33.19,-115.46,0.4
2.8182,12.0,5.404761904761905,1.0627705627705628,1153.0,2.4956709956709955,40.92,-124.09,1.269
5.2145,28.0,6.807407407407408,1.011111111111111,899.0,3.3296296296296295,37.96,-121.96,2.292
1.6953,35.0,3.7439024390243905,1.0975609756097562,691.0,4.213414634146342,32.71,-117.13,0.813
4.6852,52.0,5.509687034277198,1.0298062593144561,1436.0,2.1400894187779436,33.77,-118.13,3.952
3.3854,31.0,4.11669658886894,0.9856373429084381,1108.0,1.9892280071813286,32.76,-117.11,2.044
12.9792,23.0,8.219827586206897,1.0452586206896552,1344.0,2.896551724137931,37.35,-122.15,5.00001
1.5491,20.0,1.64,0.68,87.0,3.48,34.06,-118.25,2.25
3.116,19.0,3.4034514925373136,1.0872201492537314,3870.0,1.805037313432836,34.02,-118.4,3.0
2.9507,44.0,4.82680412371134,1.0309278350515463,1256.0,2.5896907216494847,37.69,-122.1,1.571
2.694,41.0,5.233333333333333,1.1229166666666666,1179.0,2.45625,38.04,-122.26,1.23
4.25,27.0,5.17825311942959,1.0463458110516934,1781.0,3.1746880570409983,33.76,-118.02,2.148
5.128,29.0,3.932471264367816,1.160919540229885,1157.0,1.6623563218390804,33.97,-118.5,5.00001
4.0804,33.0,5.666666666666667,0.9508771929824561,710.0,2.491228070175439,37.92,-122.3,2.39
2.8672,30.0,4.635616438356164,1.0904109589041096,1130.0,3.095890410958904,34.06,-118.13,1.985
4.635,33.0,6.052380952380952,1.1095238095238096,1099.0,2.6166666666666667,38.46,-122.4,2.485
7.7589,8.0,6.376899696048632,1.0395136778115501,908.0,2.7598784194528876,33.67,-117.81,3.429
2.6976,52.0,4.4335511982570806,1.0522875816993464,904.0,1.9694989106753813,38.58,-121.47,1.093
6.7181,15.0,7.199438202247191,0.9410112359550562,1080.0,3.033707865168539,36.83,-119.85,1.603
3.0721,40.0,4.843283582089552,0.9477611940298507,793.0,2.958955223880597,34.13,-117.27,0.838
2.7266,45.0,4.763993948562784,0.9667170953101362,1160.0,1.7549167927382754,32.76,-117.17,3.542
3.694,36.0,4.831360946745562,1.0207100591715976,1382.0,4.088757396449704,37.6,-122.02,1.596
2.535,24.0,5.0853889943074,1.1499051233396584,1728.0,3.2789373814041745,33.78,-116.97,0.748
5.749,36.0,5.822368421052632,0.9736842105263158,938.0,3.085526315789474,34.26,-118.48,2.38
2.0625,44.0,4.056022408963585,1.1008403361344539,1066.0,2.9859943977591037,37.01,-121.57,1.703
8.3252,41.0,6.984126984126984,1.0238095238095237,322.0,2.5555555555555554,37.88,-122.23,4.526
3.5156,52.0,4.4961832061068705,1.0076335877862594,288.0,2.198473282442748,37.87,-122.28,2.0
2.0173,25.0,2.5920055134390076,1.0954514128187456,7221.0,2.4882839421088905,34.07,-118.28,1.775
3.5,42.0,4.9110576923076925,0.9086538461538461,869.0,2.0889423076923075,34.02,-118.33,1.811
3.1827,41.0,5.261904761904762,1.0809523809523809,443.0,2.1095238095238096,38.56,-121.43,1.317
2.625,33.0,3.9642857142857144,0.9972527472527473,2650.0,3.64010989010989,34.0,-118.11,1.787
3.3942,4.0,5.412186379928316,1.2783751493428912,1804.0,2.15531660692951,36.81,-119.86,0.721
2.4444,36.0,6.154121863799283,1.2473118279569892,1054.0,3.7777777777777777,34.16,-117.35,0.734
3.3333,40.0,4.668498168498169,1.0824175824175823,1156.0,2.1172161172161172,34.16,-118.24,3.743
3.775,25.0,5.2075471698113205,1.125,1084.0,2.556603773584906,34.1,-117.87,1.917
3.7619,47.0,4.997361477572559,1.0765171503957784,1629.0,4.298153034300792,34.04,-118.2,1.276
3.7949,13.0,5.832258064516129,1.0725806451612903,2189.0,3.5306451612903227,34.17,-117.33,1.063
6.2987,23.0,7.1722846441947565,1.0374531835205993,724.0,2.7116104868913857,34.48,-119.85,3.482
2.8482,39.0,4.148648648648648,0.918918918918919,1204.0,3.254054054054054,37.48,-122.21,2.472
4.5167,26.0,5.2593856655290105,0.9778156996587031,1590.0,2.7133105802047783,34.23,-118.5,3.19
3.2937,33.0,5.317647058823529,1.0676470588235294,824.0,2.4235294117647057,38.16,-121.69,0.964
3.1439,24.0,4.599290780141844,1.053191489361702,441.0,1.5638297872340425,37.4,-122.01,0.475
4.0431,9.0,5.740816326530612,1.0040816326530613,1144.0,2.3346938775510204,34.96,-120.38,2.268
3.3107,26.0,5.0552147239263805,1.052760736196319,2918.0,3.5803680981595094,33.74,-116.22,0.694
3.7454,35.0,5.6298076923076925,1.0240384615384615,2176.0,5.230769230769231,34.05,-117.98,1.569
1.9167,14.0,4.346483704974271,1.2092624356775301,1495.0,2.5643224699828475,38.55,-121.41,1.563
10.3224,32.0,7.83879781420765,1.0191256830601092,2099.0,2.8674863387978142,37.9,-122.14,5.00001
4.4063,20.0,5.900560224089636,1.0518207282913166,2071.0,2.9005602240896358,38.03,-121.34,1.308
3.4208,22.0,3.929368029739777,1.0055762081784387,1300.0,2.41635687732342,33.87,-118.36,2.9
4.125,52.0,5.371663244353183,0.971252566735113,1085.0,2.2279260780287475,37.89,-122.28,2.709
6.6603,52.0,6.6573426573426575,1.0384615384615385,797.0,2.7867132867132867,34.16,-118.24,3.804
2.7813,36.0,4.65034965034965,0.9545454545454546,761.0,2.660839160839161,39.44,-123.79,1.058
2.2132,34.0,4.858044164037855,1.0347003154574133,1037.0,3.271293375394322,34.13,-117.91,1.385
2.1513,8.0,8.117845117845118,1.5589225589225588,786.0,2.6464646464646466,40.61,-121.67,0.804
3.5877,14.0,5.53314606741573,1.0601123595505617,4356.0,2.447191011235955,37.7,-120.99,1.609
3.2024,15.0,5.952286282306163,1.0377733598409542,1231.0,2.4473161033797215,33.15,-117.07,1.804
3.9375,48.0,4.643939393939394,1.0909090909090908,370.0,1.4015151515151516,34.08,-118.38,4.5
3.8083,41.0,4.618834080717488,0.9596412556053812,664.0,2.977578475336323,34.22,-118.44,1.838
8.0113,18.0,7.233333333333333,0.9814814814814815,658.0,2.437037037037037,38.29,-122.18,3.93
4.6628,44.0,6.589905362776025,1.0977917981072556,837.0,2.640378548895899,37.59,-122.38,4.592
3.6969,35.0,4.474820143884892,1.223021582733813,278.0,2.0,34.39,-119.59,3.35
1.7865,19.0,4.2215189873417724,1.1582278481012658,1048.0,3.3164556962025316,37.93,-122.35,0.88
4.3644,19.0,5.854783207157605,1.0116999311768755,3517.0,2.420509291121817,38.56,-121.39,1.374
3.6625,22.0,5.747474747474747,0.9966329966329966,822.0,2.7676767676767677,39.75,-121.87,1.266
3.1395,27.0,4.643086816720257,1.32475884244373,597.0,1.9196141479099678,33.42,-117.62,3.1
4.6172,24.0,5.46095717884131,1.0604534005037782,1050.0,2.6448362720403025,33.89,-117.82,2.383
3.9226,19.0,6.204946996466431,1.0,2357.0,2.7762073027090697,38.69,-121.23,1.487
2.1974,18.0,3.3815028901734103,1.0751445086705202,681.0,1.9682080924855492,34.43,-119.71,2.55
4.1514,10.0,5.4706439393939394,1.053030303030303,2917.0,2.762310606060606,34.32,-118.46,1.941
3.4688,8.0,5.811145510835913,1.4829721362229102,884.0,2.736842105263158,38.85,-120.71,1.201
4.4519,32.0,5.78714859437751,1.0481927710843373,629.0,2.5261044176706826,38.37,-121.45,1.375
5.7368,35.0,6.2368421052631575,0.9973684210526316,996.0,2.6210526315789475,33.79,-118.1,2.872
5.8053,24.0,6.4576271186440675,0.9813559322033898,1818.0,3.08135593220339,33.77,-118.03,2.559
5.2598,47.0,6.335106382978723,1.0425531914893618,867.0,2.3058510638297873,37.73,-122.48,3.715
2.5389,47.0,5.346072186836518,1.0636942675159236,1308.0,2.7770700636942673,38.54,-121.44,0.757
2.75,35.0,5.639308855291577,1.0259179265658747,1293.0,2.7926565874730023,38.39,-122.77,1.975
5.299,12.0,7.214932126696833,1.0475113122171946,1200.0,2.7149321266968327,34.91,-120.44,2.268
1.7388,12.0,5.7688356164383565,1.3356164383561644,1315.0,2.2517123287671232,33.94,-116.51,0.66
3.5625,32.0,5.016372795969773,1.1032745591939546,1989.0,2.505037783375315,37.26,-121.91,2.552
6.2683,16.0,5.882882882882883,0.8828828828828829,713.0,3.2117117117117115,32.99,-117.06,1.807
5.7309,36.0,4.938053097345133,0.8805309734513275,662.0,2.9292035398230087,37.64,-122.08,1.779
2.2562,39.0,5.007448789571694,1.111731843575419,1888.0,3.515828677839851,37.77,-122.2,0.948
3.0208,38.0,5.605664488017429,1.0544662309368191,1568.0,3.4161220043572986,34.0,-118.11,1.937
3.5882,21.0,13.568627450980392,2.788235294117647,658.0,2.5803921568627453,33.71,-116.68,1.611
4.1387,24.0,4.647619047619048,0.9942857142857143,4516.0,4.300952380952381,33.91,-118.06,1.577
4.0775,28.0,3.9328358208955225,0.996268656716418,1485.0,2.7705223880597014,33.91,-118.35,2.414
3.212,31.0,5.1732776617954075,0.9686847599164927,1346.0,2.8100208768267225,34.83,-114.61,0.704
4.0132,46.0,4.480295566502463,1.0123152709359606,1534.0,3.7783251231527095,37.73,-122.42,2.294
2.9432,52.0,4.949458483754513,1.1371841155234657,986.0,3.55956678700361,33.98,-118.3,0.94
1.9908,33.0,4.491048593350383,1.0549872122762147,1515.0,1.9373401534526855,38.61,-121.4,1.188
4.5125,35.0,5.363344051446945,1.067524115755627,807.0,2.594855305466238,34.21,-118.5,2.003
7.2861,24.0,6.2064516129032254,0.9419354838709677,492.0,3.174193548387097,37.37,-121.81,3.28
3.8125,15.0,5.460365853658536,1.0548780487804879,1219.0,3.716463414634146,34.02,-117.61,1.703
3.3162,27.0,5.238235294117647,1.2970588235294118,759.0,2.2323529411764707,33.78,-116.47,1.136
5.1333,4.0,7.107561665992721,1.1399110392236151,7766.0,3.1403154063890013,34.12,-117.54,1.818
5.1629,20.0,6.178787878787879,1.1303030303030304,862.0,2.6121212121212123,37.73,-121.46,2.229
4.0,36.0,5.6298076923076925,1.0480769230769231,1191.0,2.862980769230769,37.97,-122.02,1.71
6.3111,42.0,5.1068376068376065,0.9871794871794872,1146.0,2.448717948717949,37.44,-122.13,3.974
4.0197,17.0,5.819338422391858,0.9923664122137404,1330.0,3.3842239185750635,36.59,-119.62,0.88
3.7772,26.0,5.412413793103449,1.0772413793103448,2332.0,3.216551724137931,33.85,-117.88,2.239
2.773,20.0,3.8841405508072175,1.2070275403608737,2824.0,2.6818613485280154,34.2,-118.43,1.405
2.5938,39.0,5.788079470198675,1.0894039735099337,831.0,2.751655629139073,37.66,-120.99,1.356
3.9712,46.0,6.410334346504559,1.1762917933130699,922.0,2.802431610942249,37.79,-122.18,2.081
6.3528,7.0,7.721739130434782,1.0543478260869565,2772.0,3.0130434782608697,38.69,-121.18,2.745
4.1058,30.0,6.368,1.048,1117.0,2.978666666666667,34.9,-120.43,1.64
2.8833,45.0,4.7153846153846155,1.073076923076923,590.0,2.269230769230769,37.94,-122.33,1.404
2.506,25.0,3.374717832957111,1.0474040632054176,5217.0,2.944130925507901,34.14,-118.25,1.845
4.4444,16.0,6.2555555555555555,0.9407407407407408,921.0,3.411111111111111,38.35,-122.69,1.918
3.2833,9.0,9.628428927680797,2.117206982543641,825.0,2.057356608478803,33.7,-116.22,1.247
1.2,35.0,3.9877300613496933,1.0920245398773005,1216.0,3.7300613496932513,33.93,-118.3,0.992
1.3302,38.0,4.37958115183246,1.044502617801047,1116.0,2.9214659685863875,38.63,-121.44,0.622
1.767,15.0,4.436893203883495,0.9902912621359223,1266.0,4.097087378640777,36.59,-119.43,0.633
2.5833,37.0,4.158536585365853,0.9829268292682927,1839.0,4.485365853658537,33.92,-118.21,1.327
2.0995,15.0,3.430830039525692,0.9644268774703557,1133.0,4.478260869565218,34.93,-120.44,0.875
3.3514,27.0,4.837606837606837,1.1217948717948718,1485.0,3.173076923076923,32.61,-117.08,1.491
2.3098,52.0,2.7037037037037037,1.093681917211329,679.0,1.4793028322440087,34.0,-118.51,5.00001
6.8162,15.0,7.383620689655173,1.0603448275862069,766.0,3.3017241379310347,36.72,-119.72,1.272
3.8105,52.0,6.098765432098766,1.0534979423868314,1114.0,2.292181069958848,36.77,-119.8,0.876
3.0437,33.0,4.705996131528046,1.0154738878143132,1466.0,2.8355899419729207,33.92,-117.44,1.108
6.431,30.0,7.06390977443609,0.849624060150376,740.0,2.781954887218045,34.0,-118.35,4.925
2.4375,47.0,4.8961538461538465,1.0153846153846153,1193.0,4.588461538461538,34.05,-118.19,1.229
2.7201,17.0,5.626118067978533,1.110912343470483,1432.0,2.5617173524150267,38.75,-120.63,1.175
1.7176,34.0,4.501915708812261,0.9616858237547893,683.0,2.6168582375478926,36.43,-119.86,0.584
4.4844,31.0,5.945205479452055,0.9486301369863014,801.0,2.743150684931507,33.2,-117.22,2.055
1.6164,17.0,4.672297297297297,1.1722972972972974,719.0,2.429054054054054,38.98,-122.83,0.778
1.631,34.0,4.516312056737589,1.0950354609929078,2474.0,3.5092198581560283,34.02,-118.3,1.375
4.0042,52.0,4.216216216216216,1.1486486486486487,410.0,2.77027027027027,37.76,-122.39,2.083
2.9688,22.0,5.987261146496815,1.1464968152866242,743.0,2.3662420382165603,41.68,-123.91,1.527
1.9932,29.0,4.32994923857868,1.0532994923857868,990.0,2.512690355329949,38.47,-122.72,1.648
2.8342,35.0,3.923076923076923,1.0671550671550671,2401.0,2.9316239316239314,34.16,-118.3,2.568
1.2012,12.0,1.4657534246575343,0.8986301369863013,1194.0,3.271232876712329,34.05,-118.27,2.75
4.0909,16.0,5.278350515463917,0.961340206185567,1052.0,2.711340206185567,36.33,-119.66,0.928
3.2232,27.0,4.86737400530504,1.0954907161803713,1221.0,3.2387267904509285,33.43,-117.62,2.471
6.8538,29.0,6.657992565055762,1.0074349442379182,661.0,2.45724907063197,37.83,-122.19,3.689
9.8413,32.0,7.17004048582996,1.0148448043184886,4353.0,2.937246963562753,34.22,-118.19,5.00001
4.997,9.0,6.734790874524715,1.091254752851711,3084.0,2.931558935361217,35.33,-119.09,1.429
5.8972,35.0,5.663551401869159,1.0996884735202492,853.0,2.6573208722741435,33.83,-118.34,3.509
2.8561,36.0,4.259189443920829,1.0188501413760602,4818.0,4.5409990574929315,34.19,-119.18,1.791
1.8781,29.0,3.751269035532995,1.0482233502538072,1580.0,4.01015228426396,34.06,-118.21,1.475
4.1339,26.0,4.280388978930308,1.0259319286871962,3657.0,5.927066450567261,33.79,-117.82,2.223
1.3125,10.0,4.438356164383562,0.9680365296803652,773.0,3.529680365296804,33.94,-117.28,1.357
6.0132,21.0,6.146341463414634,0.8878048780487805,583.0,2.84390243902439,36.77,-119.68,1.508
2.0926,11.0,4.134939759036144,0.9734939759036144,722.0,1.7397590361445783,38.61,-121.34,1.661
1.8086,38.0,3.5,1.1119402985074627,1783.0,4.435323383084577,33.99,-118.27,0.971
5.5767,34.0,6.609826589595376,1.0028901734104045,1051.0,3.03757225433526,33.78,-118.08,3.72
1.425,43.0,3.690909090909091,1.018181818181818,1805.0,4.1022727272727275,37.96,-121.27,0.613
3.8068,19.0,3.8009049773755654,1.0950226244343892,964.0,1.453996983408748,33.98,-118.46,5.00001
1.9766,19.0,5.787575150300601,1.1843687374749499,984.0,1.971943887775551,39.75,-121.6,0.926
3.8672,50.0,5.334801762114537,1.1497797356828194,523.0,2.303964757709251,37.88,-122.29,2.167
5.3678,7.0,7.38625,1.090625,5499.0,3.436875,34.14,-117.58,2.317
9.532,50.0,7.114427860696518,0.9253731343283582,620.0,3.084577114427861,34.19,-118.11,4.833
4.1635,52.0,5.9442970822281165,1.1750663129973475,1042.0,2.763925729442971,37.77,-122.47,3.984
5.9088,5.0,5.880597014925373,1.1009657594381037,2834.0,2.4881474978050924,33.53,-117.7,2.885
0.9318,35.0,2.803339517625232,1.1001855287569573,914.0,1.6957328385899815,33.78,-118.19,1.875
3.25,39.0,4.503205128205129,1.0737179487179487,1109.0,1.7772435897435896,34.06,-118.36,3.55
4.4107,17.0,6.426966292134831,1.1348314606741574,626.0,3.5168539325842696,38.31,-121.27,1.516
2.3159,13.0,4.1274060494958755,1.0421631530705775,3094.0,2.835930339138405,33.16,-117.2,0.916
2.7155,36.0,4.196774193548387,1.0290322580645161,2780.0,4.483870967741935,34.28,-118.45,1.498
3.1691,45.0,4.96068796068796,0.9680589680589681,1104.0,2.7125307125307123,38.9,-121.29,1.087
3.8056,30.0,4.435530085959885,0.9455587392550143,757.0,2.169054441260745,33.97,-118.35,3.238
2.6806,42.0,3.7588832487309647,1.0431472081218274,1206.0,3.0609137055837565,34.03,-118.15,1.893
6.0531,25.0,5.833333333333333,1.0021097046413503,1666.0,3.5147679324894514,33.8,-117.81,2.307
4.218,52.0,5.396761133603239,1.04251012145749,1362.0,2.757085020242915,37.78,-122.48,3.938
3.0052,34.0,3.6564625850340136,1.0816326530612246,906.0,3.0816326530612246,37.66,-122.41,2.425
2.1429,52.0,5.502923976608187,1.0760233918128654,414.0,2.4210526315789473,37.98,-121.28,0.699
2.1667,37.0,3.2721518987341773,1.0569620253164558,2173.0,4.584388185654008,34.02,-118.26,1.177
9.1569,22.0,7.252669039145908,0.9252669039145908,773.0,2.7508896797153026,37.28,-122.01,5.00001
1.8214,10.0,5.838983050847458,1.271186440677966,845.0,2.3870056497175143,36.76,-119.85,0.801
3.62,4.0,4.9629331184528604,1.216760676873489,2649.0,2.1345688960515714,37.69,-121.89,1.393
4.0444,15.0,5.980392156862745,1.0163398692810457,2629.0,4.295751633986928,32.7,-116.99,1.501
1.76,29.0,3.664335664335664,1.062937062937063,1697.0,3.9557109557109555,37.3,-120.5,0.632
6.223,10.0,5.740869565217391,1.031304347826087,2190.0,3.8086956521739133,37.27,-121.8,2.607
2.6779,26.0,5.467871485943775,1.21285140562249,1847.0,3.708835341365462,34.1,-117.74,1.36
6.0661,16.0,5.992537313432836,0.8955223880597015,1117.0,4.167910447761194,37.58,-122.07,2.47
4.5625,20.0,6.202197802197802,1.0527472527472528,1372.0,3.0153846153846153,36.78,-119.53,1.369
0.8026,23.0,5.369230769230769,1.1507692307692308,1054.0,3.243076923076923,37.81,-122.29,1.125
3.3095,36.0,5.473118279569892,1.10752688172043,1154.0,4.136200716845878,33.89,-118.25,1.055
2.5625,12.0,7.020527859237537,1.2991202346041055,877.0,2.5718475073313782,38.82,-122.5,1.092
2.32,7.0,3.939873417721519,1.0651898734177214,5410.0,3.4240506329113924,33.15,-117.18,1.175
3.6761,18.0,4.403581267217631,1.1143250688705235,1894.0,2.608815426997245,33.82,-117.89,1.405
3.3333,45.0,4.594132029339853,0.9657701711491442,946.0,2.312958435207824,34.05,-118.36,2.547
4.875,32.0,5.031578947368421,1.03859649122807,672.0,2.357894736842105,33.8,-118.35,3.117
2.1691,39.0,4.023668639053255,1.0887573964497042,589.0,1.742603550295858,38.57,-121.47,1.5
5.2998,30.0,6.646182495344506,1.0260707635009312,1540.0,2.8677839851024207,33.74,-117.8,2.472
2.0411,24.0,4.186346863468635,1.0774907749077491,1239.0,2.2859778597785976,38.0,-121.85,1.0
2.59,21.0,5.840764331210191,1.0222929936305734,1120.0,3.56687898089172,36.71,-119.52,0.693
2.3462,36.0,4.272,0.984,949.0,3.796,34.09,-118.09,1.885
2.6576,5.0,5.939205955334987,1.1290322580645162,1944.0,2.411910669975186,34.44,-117.22,0.985
3.5125,11.0,4.277860326894502,1.0089153046062407,2098.0,3.1173848439821694,32.58,-117.06,1.424
7.7751,13.0,7.9017632241813605,1.0503778337531486,1318.0,3.3198992443324937,35.39,-118.94,1.941
3.275,39.0,5.176056338028169,1.0985915492957747,1047.0,3.686619718309859,34.21,-118.35,1.814
2.9926,9.0,5.599353796445881,1.0872374798061388,2356.0,3.8061389337641356,35.65,-120.64,1.582
4.2143,35.0,5.627002288329519,1.002288329519451,970.0,2.219679633867277,34.16,-118.07,3.694
5.8309,52.0,6.477876106194691,0.9336283185840708,603.0,2.668141592920354,34.18,-118.13,3.091
5.1775,35.0,5.875881523272215,1.005641748942172,2354.0,3.3201692524682653,33.84,-118.01,2.134
5.2374,26.0,5.2405063291139244,0.9430379746835443,508.0,3.2151898734177213,34.45,-118.53,1.855
5.997,19.0,5.805015673981191,1.0363636363636364,3963.0,2.484639498432602,34.22,-118.35,2.287
2.5029,43.0,3.922920892494929,1.0365111561866125,1895.0,3.843813387423935,33.94,-118.2,1.597
3.9607,18.0,5.832699619771863,1.0456273764258555,741.0,2.817490494296578,38.12,-121.29,1.325
1.9688,31.0,4.10801393728223,1.0104529616724738,2302.0,4.010452961672474,35.23,-118.82,0.539
2.5398,47.0,5.416413373860182,1.027355623100304,1003.0,3.048632218844985,33.94,-118.29,1.057
2.2863,5.0,4.106457242582897,1.0610820244328099,2505.0,4.371727748691099,36.6,-119.44,0.692
1.8801,26.0,4.634464751958225,1.0861618798955615,1217.0,3.177545691906005,36.42,-119.1,0.576
7.2315,35.0,7.158607350096712,1.0212765957446808,1511.0,2.9226305609284333,37.88,-122.1,3.671
4.0,16.0,14.802197802197803,3.5934065934065935,271.0,2.978021978021978,34.22,-117.09,0.875
1.8839,25.0,5.232294617563739,1.0509915014164306,1460.0,4.135977337110481,36.31,-119.61,0.463
8.2827,24.0,8.460972017673049,1.0824742268041236,2061.0,3.035346097201767,34.15,-117.87,4.514
3.9632,20.0,5.742857142857143,0.8642857142857143,448.0,3.2,39.33,-123.23,1.471
5.0369,12.0,5.624233128834356,0.9815950920245399,2173.0,3.3328220858895707,37.81,-121.21,1.639
1.5521,40.0,3.4548335974643423,1.01743264659271,2464.0,3.9049128367670365,33.97,-118.28,0.901
4.1458,35.0,5.141486810551559,1.014388489208633,1192.0,2.8585131894484412,33.89,-118.31,2.315
1.1696,52.0,2.436,0.944,1349.0,5.396,37.87,-122.25,5.00001
3.6106,18.0,4.3934681181959565,1.026438569206843,1590.0,2.472783825816485,33.92,-117.95,1.536
8.8342,52.0,8.345205479452055,1.021917808219178,975.0,2.671232876712329,37.89,-122.27,4.305
3.0833,44.0,5.116704805491991,0.9405034324942791,1036.0,2.3707093821510297,35.29,-120.67,2.193
3.3516,26.0,4.327296248382924,1.0582147477360933,1599.0,2.0685640362225097,34.17,-118.39,2.415
2.6941,11.0,5.599378881987578,1.0854037267080745,2074.0,3.220496894409938,36.93,-120.04,0.633
1.7616,52.0,5.602150537634409,1.1612903225806452,1789.0,3.206093189964158,38.55,-121.46,0.841
1.869,43.0,5.966911764705882,1.0808823529411764,781.0,2.8713235294117645,36.76,-119.77,0.56
2.9293,22.0,3.6593932943054814,1.0431080361894625,5162.0,2.74720596061735,33.89,-118.12,1.708
1.7121,46.0,4.0092879256965945,1.0866873065015479,1120.0,3.4674922600619196,33.97,-118.26,0.982
2.5547,39.0,4.148305084745763,0.9957627118644068,857.0,3.6313559322033897,33.99,-118.29,1.089
1.8827,20.0,5.427184466019417,1.0533980582524272,1405.0,3.4101941747572817,36.06,-119.31,0.487
2.7374,9.0,4.433444259567388,1.0682196339434276,2827.0,2.3519134775374377,38.01,-121.88,1.5
4.5881,3.0,6.037243947858473,0.9655493482309124,3295.0,3.0679702048417132,33.69,-117.19,1.364
2.0133,35.0,3.0200803212851404,0.9578313253012049,2059.0,4.134538152610442,34.07,-118.22,1.458
6.276,17.0,6.433333333333334,0.9755555555555555,1588.0,3.528888888888889,33.67,-117.82,2.907
2.1667,11.0,5.5285714285714285,1.119047619047619,640.0,3.0476190476190474,33.72,-117.28,1.146
3.0735,23.0,5.334589299171062,1.0406932931424264,3205.0,2.4152223059532782,34.11,-117.78,2.123
2.875,52.0,6.107142857142857,1.0714285714285714,469.0,2.7916666666666665,37.78,-122.19,1.6
6.1949,5.0,6.273835920177383,1.0321507760532151,2565.0,2.843680709534368,33.01,-117.08,2.387
1.5938,36.0,5.537142857142857,1.177142857142857,732.0,4.182857142857143,37.29,-120.31,0.576
2.995,18.0,4.75098814229249,0.9841897233201581,1531.0,3.025691699604743,37.81,-121.21,1.243
3.8512,17.0,3.93812375249501,1.029940119760479,1112.0,2.219560878243513,33.83,-118.06,1.638
5.1155,35.0,3.8880778588807785,0.9683698296836983,782.0,1.9026763990267639,33.6,-117.87,5.0
6.6605,29.0,7.825396825396825,1.0380952380952382,859.0,2.726984126984127,38.03,-121.25,2.207
3.7617,23.0,5.818652849740933,1.1321243523316062,1035.0,2.6813471502590676,38.47,-122.66,1.726
2.325,18.0,3.681899641577061,1.1657706093189963,2103.0,1.8844086021505377,34.1,-118.35,2.5
8.0082,16.0,7.790528233151184,1.029143897996357,1642.0,2.9908925318761383,33.57,-117.66,2.866
1.9063,52.0,1.553030303030303,0.9015151515151515,228.0,1.7272727272727273,37.97,-122.53,2.0
11.6471,50.0,8.696682464454977,1.09478672985782,636.0,3.014218009478673,34.12,-118.1,5.00001
2.9904,36.0,4.3675417661097855,1.026252983293556,755.0,1.801909307875895,32.74,-117.25,2.868
5.3538,24.0,6.681132075471698,1.0,1591.0,3.0018867924528303,32.83,-117.17,2.125
5.2447,10.0,6.755936675461742,1.0065963060686016,2568.0,3.387862796833773,38.39,-121.36,1.481
4.3814,16.0,6.286415711947627,1.0147299509001637,1799.0,2.944353518821604,36.79,-121.74,2.453
2.3658,17.0,4.073093220338983,1.1133474576271187,3102.0,3.2860169491525424,32.78,-117.17,1.641
2.2024,20.0,5.277777777777778,1.037037037037037,304.0,2.814814814814815,37.76,-120.9,1.563
3.7566,32.0,5.453389830508475,1.125,2609.0,5.5275423728813555,34.28,-118.41,1.467
1.7325,36.0,2.6145339652448656,1.0900473933649288,1957.0,3.0916271721958926,34.1,-118.32,2.219
5.536,13.0,6.119174942704355,1.0435446906035142,3920.0,2.9946524064171123,33.88,-117.64,2.048
2.0,17.0,7.289156626506024,1.9156626506024097,416.0,5.0120481927710845,37.31,-120.35,0.875
3.1062,11.0,5.140302613480055,1.0412654745529573,2212.0,3.0426409903713894,33.23,-117.34,1.41
3.3333,30.0,4.670967741935484,1.0774193548387097,325.0,2.096774193548387,36.62,-121.91,2.479
7.0598,25.0,6.965986394557823,0.9863945578231292,357.0,2.4285714285714284,34.31,-118.49,3.563
9.6023,21.0,8.286652078774617,1.0765864332603938,1246.0,2.726477024070022,32.79,-117.06,3.913
7.8537,22.0,8.156182212581346,1.0455531453362257,1485.0,3.2212581344902387,33.9,-117.8,3.549
1.2375,52.0,3.2962962962962963,1.0572390572390573,975.0,3.282828282828283,32.71,-117.14,1.0
2.6701,41.0,4.8887323943661976,1.06056338028169,1680.0,2.3661971830985915,38.89,-121.08,1.39
3.8162,18.0,5.2247557003257326,1.0472312703583062,1973.0,3.2133550488599347,34.25,-119.2,2.35
4.0767,5.0,5.4604743083003955,1.0889328063241106,3207.0,3.16897233201581,38.03,-121.95,1.431
2.0398,49.0,4.253012048192771,1.0542168674698795,1200.0,3.6144578313253013,32.68,-117.1,0.936
4.9886,8.0,7.050669772859639,1.1141525917297612,5810.0,3.3838089691322075,33.98,-117.47,1.581
3.415,52.0,4.627639155470249,1.0095969289827256,2165.0,4.155470249520153,33.74,-117.87,1.725
5.3185,52.0,6.210023866348449,0.9976133651551312,1137.0,2.7136038186157516,34.18,-118.28,3.58
4.9102,32.0,5.995994659546062,1.0881174899866488,1696.0,2.2643524699599467,34.15,-118.61,3.191
3.8837,32.0,5.5597189695550355,1.053864168618267,1580.0,3.700234192037471,34.07,-117.89,2.003
3.2237,31.0,4.65792759051186,1.0649188514357053,2313.0,2.8876404494382024,33.92,-118.14,2.182
1.3729,15.0,3.6039488966318234,1.1207897793263646,3061.0,3.5551684088269453,37.99,-121.31,1.103
1.8362,36.0,4.7250608272506085,1.0072992700729928,1051.0,2.557177615571776,35.36,-119.04,0.669
4.1429,52.0,5.460829493087558,1.0898617511520738,1053.0,2.4262672811059907,34.08,-118.32,3.803
6.07,52.0,6.329317269076305,0.9598393574297188,696.0,2.7951807228915664,34.16,-118.16,2.618
5.6292,24.0,6.454954954954955,0.9831081081081081,2444.0,2.7522522522522523,37.94,-122.04,2.314
2.0547,35.0,4.75,1.0,1183.0,4.349264705882353,32.69,-117.1,0.98
1.2157,36.0,5.024574669187145,1.1833648393194707,1490.0,2.816635160680529,35.36,-119.01,0.57
6.0516,29.0,6.9581395348837205,1.3116279069767443,463.0,2.1534883720930234,33.63,-117.95,5.00001
4.0921,20.0,5.577608142493639,1.0330788804071247,1766.0,4.493638676844784,32.69,-117.07,1.35
4.1181,36.0,4.905027932960894,0.9329608938547486,499.0,2.787709497206704,34.21,-118.57,1.904
3.1736,39.0,5.364116094986807,0.9762532981530343,956.0,2.5224274406332454,35.43,-119.02,0.707
2.5739,22.0,4.586160108548168,1.0719131614654003,2199.0,2.983717774762551,34.19,-118.54,2.392
1.9107,23.0,3.721495327102804,1.091588785046729,1380.0,2.5794392523364484,33.95,-118.17,1.819
4.2813,52.0,6.8578947368421055,1.1210526315789473,883.0,2.3236842105263156,32.76,-117.1,2.708
4.2407,39.0,4.769369369369369,1.10990990990991,1254.0,2.2594594594594595,37.57,-122.34,4.338
4.8667,34.0,5.712418300653595,1.0,549.0,3.588235294117647,33.84,-117.97,1.868
4.2768,32.0,5.022304832713755,0.8810408921933085,823.0,3.059479553903346,32.84,-117.18,1.678
2.0221,20.0,4.721875,1.025,791.0,2.471875,39.9,-120.93,0.709
1.7,27.0,4.2,1.0913043478260869,462.0,2.008695652173913,38.44,-122.71,3.5
5.1165,40.0,5.747368421052632,1.1210526315789473,457.0,2.405263157894737,33.94,-117.76,1.842
4.5795,43.0,5.866666666666666,1.025,651.0,2.7125,34.01,-118.44,4.0
2.3333,42.0,4.931924882629108,1.1267605633802817,945.0,2.2183098591549295,38.67,-121.18,1.16
4.1833,22.0,6.564231738035264,1.035264483627204,1252.0,3.1536523929471034,37.76,-121.11,1.921
3.48,26.0,5.610619469026549,1.0123893805309734,1524.0,2.697345132743363,37.31,-120.46,0.953
1.6469,24.0,4.274193548387097,1.0483870967741935,1686.0,4.532258064516129,35.87,-119.26,0.476
2.6121,26.0,3.782608695652174,1.0054347826086956,384.0,2.0869565217391304,32.75,-117.22,1.25
1.375,16.0,3.9508196721311477,1.3770491803278688,152.0,2.4918032786885247,40.51,-123.21,0.488
4.4209,33.0,5.709864603481625,1.0928433268858802,1264.0,2.4448742746615086,36.49,-121.74,2.746
4.7216,41.0,5.7967914438502675,0.9545454545454546,1171.0,3.1310160427807485,33.69,-118.33,3.119
2.1792,18.0,4.559766763848397,0.9912536443148688,1161.0,3.3848396501457727,32.79,-115.69,0.552
4.3203,37.0,5.565826330532213,0.9719887955182073,1095.0,3.0672268907563027,33.82,-118.11,2.328
2.4555,15.0,6.177033492822966,1.291866028708134,1697.0,2.7065390749601277,39.9,-122.57,0.556
2.181,37.0,4.6773255813953485,1.0872093023255813,1173.0,3.4098837209302326,36.71,-119.56,0.599
3.9479,35.0,5.362862010221465,1.0170357751277683,2110.0,3.594548551959114,33.78,-117.97,2.038
4.0153,25.0,4.276595744680851,1.0653495440729484,1139.0,1.7310030395136777,34.05,-118.39,4.6
5.8371,35.0,5.482758620689655,1.1352785145888593,724.0,1.9204244031830238,33.55,-117.8,5.00001
3.2639,10.0,5.1156186612576064,1.081135902636917,1335.0,2.707910750507099,36.13,-120.37,0.864
6.3267,36.0,5.246628131021194,1.0539499036608864,1090.0,2.1001926782273603,33.96,-118.45,5.00001
3.9615,17.0,5.4935064935064934,1.0086580086580086,494.0,2.1385281385281387,38.65,-121.52,3.313
2.182,15.0,6.047482014388489,1.3899280575539568,1756.0,2.5266187050359714,34.18,-116.29,0.608
2.4322,12.0,5.105125977410947,1.0616854908774978,2992.0,2.5994787141615987,33.96,-116.97,1.121
4.625,48.0,5.152631578947369,1.0157894736842106,1098.0,2.889473684210526,33.75,-118.3,2.734
3.045,36.0,5.140298507462687,1.0537313432835822,1174.0,3.5044776119402985,34.0,-118.09,1.606
4.0208,36.0,5.453551912568306,0.9726775956284153,531.0,2.901639344262295,37.71,-122.15,1.915
4.8,20.0,5.430232558139535,1.1046511627906976,229.0,2.6627906976744184,37.08,-122.04,2.615
2.135,27.0,3.8853046594982077,1.028673835125448,1085.0,3.888888888888889,34.03,-118.29,1.196
5.363,17.0,7.29700272479564,1.0735694822888284,1225.0,3.337874659400545,33.89,-117.34,2.113
2.3043,28.0,3.590909090909091,1.0669856459330143,1028.0,2.45933014354067,33.91,-118.29,1.775
2.3947,40.0,4.442190669371197,1.0060851926977687,1214.0,2.462474645030426,34.14,-117.28,0.819
5.8186,52.0,4.796839729119639,0.9729119638826185,1014.0,2.288939051918736,37.31,-121.9,2.811
7.3151,34.0,6.204176334106728,1.0092807424593968,1087.0,2.5220417633410674,33.9,-118.4,4.922
7.9761,52.0,7.709756097560976,1.1512195121951219,842.0,2.053658536585366,37.8,-122.44,5.00001
2.0227,22.0,4.837837837837838,1.1317567567567568,746.0,2.52027027027027,33.87,-117.95,0.55
2.7234,44.0,5.810218978102189,1.0602189781021898,1399.0,2.552919708029197,38.01,-121.8,1.102
2.1181,39.0,3.4711538461538463,1.0745192307692308,1890.0,4.543269230769231,33.97,-118.16,1.766
14.4113,28.0,11.634686346863468,1.5092250922509225,569.0,2.0996309963099633,36.57,-121.94,5.00001
1.1051,32.0,3.901129943502825,1.0593220338983051,1268.0,3.5819209039548023,33.94,-118.28,0.942
2.5474,40.0,4.8879551820728295,1.0364145658263306,1293.0,3.6218487394957983,34.09,-118.07,1.981
2.136,8.0,4.106035889070147,1.030995106035889,1686.0,2.7504078303425774,32.81,-116.94,1.435
4.8717,27.0,7.032454361054767,1.105476673427992,1798.0,3.6470588235294117,34.26,-118.74,2.041
3.2321,11.0,7.0414673046252,1.1531100478468899,1520.0,2.4242424242424243,38.71,-121.19,3.908
3.6618,23.0,4.591633466135458,1.0717131474103585,2493.0,4.96613545816733,33.72,-117.89,1.835
2.6635,18.0,3.1538461538461537,1.1538461538461537,812.0,3.67420814479638,33.75,-117.87,1.625
3.09,35.0,4.421461897356143,1.0139968895800933,1726.0,2.684292379471229,37.66,-122.11,1.741
2.7685,29.0,3.658252427184466,1.1757281553398058,2320.0,2.2524271844660193,34.14,-118.27,2.045
4.7612,18.0,4.9625,1.0807291666666667,3922.0,2.042708333333333,34.01,-118.38,3.041
1.3615,43.0,3.7186858316221767,1.053388090349076,2123.0,4.359342915811088,34.02,-118.21,1.333
3.4,27.0,4.203076923076923,1.003076923076923,878.0,2.7015384615384614,33.82,-117.94,1.969
4.4196,18.0,5.451612903225806,0.96415770609319,706.0,2.5304659498207887,35.38,-119.12,1.21
5.5124,34.0,3.9156626506024095,0.7228915662650602,433.0,5.216867469879518,34.26,-118.44,1.743
2.7336,14.0,4.8,0.98,931.0,2.66,36.3,-119.32,0.892
6.1253,25.0,6.66205533596838,0.9920948616600791,1717.0,3.3932806324110674,34.27,-118.75,2.25
1.8972,17.0,4.382830626450116,1.0893271461716938,2393.0,2.7761020881670535,38.66,-121.38,1.005
8.0755,52.0,6.253822629969419,1.0795107033639144,722.0,2.2079510703363914,37.79,-122.44,5.00001
2.2717,18.0,5.520259319286872,1.0907617504051863,1567.0,2.539708265802269,39.83,-120.46,0.759
2.6944,17.0,5.1475195822454305,1.1005221932114881,1995.0,2.60443864229765,32.74,-116.98,1.583
2.9315,46.0,5.1352657004830915,0.9879227053140096,1292.0,3.1207729468599035,33.98,-118.34,1.49
5.5292,16.0,6.875,1.0150862068965518,1414.0,3.0474137931034484,34.11,-117.68,2.086
2.1838,32.0,4.057347670250896,0.953405017921147,1211.0,4.340501792114695,33.89,-118.24,0.983
3.8654,27.0,5.500881834215168,1.1199294532627866,1887.0,3.328042328042328,33.88,-118.09,1.953
1.7824,26.0,4.154373927958834,1.0840480274442539,2601.0,4.461406518010292,33.91,-118.21,1.102
8.4546,46.0,8.537931034482758,1.013793103448276,377.0,2.6,34.13,-118.08,5.00001
4.5833,37.0,4.896551724137931,0.9862068965517241,886.0,3.0551724137931036,33.87,-118.35,2.613
4.3068,26.0,6.5493421052631575,1.0855263157894737,1014.0,3.335526315789474,33.24,-117.23,2.401
2.4259,40.0,4.280966767371601,1.0211480362537764,1068.0,3.226586102719033,34.01,-118.12,1.646
4.7341,4.0,5.274753758424054,1.130637636080871,4762.0,2.468636599274235,33.66,-117.67,2.374
2.7619,21.0,4.043795620437956,0.9817518248175182,524.0,1.9124087591240877,38.3,-122.3,1.546
8.163,10.0,6.0,1.0,128.0,2.098360655737705,33.49,-117.67,2.5
1.0649,43.0,3.564625850340136,1.0612244897959184,1320.0,4.489795918367347,38.56,-121.51,1.375
4.5341,44.0,5.453083109919571,1.1340482573726542,1491.0,3.997319034852547,37.7,-122.47,2.365
3.233,33.0,5.166841552990556,1.0566631689401889,3502.0,3.6747114375655823,34.08,-117.34,0.994
5.5461,36.0,6.224137931034483,1.1896551724137931,158.0,2.7241379310344827,37.71,-122.19,2.625
2.9861,34.0,3.6834170854271355,1.020100502512563,2488.0,4.16750418760469,34.2,-118.37,1.718
6.5617,30.0,7.200367647058823,1.0091911764705883,1330.0,2.4448529411764706,37.83,-122.01,3.866
2.9306,40.0,4.635235732009925,0.8833746898263027,799.0,1.9826302729528535,34.17,-118.32,2.793
2.3617,6.0,4.726438698915763,1.1551292743953294,2447.0,2.040867389491243,34.51,-117.34,1.031
4.9583,10.0,5.0625,2.5625,55.0,3.4375,38.87,-120.5,0.875
11.2979,24.0,8.321969696969697,1.0132575757575757,1443.0,2.7329545454545454,34.13,-118.49,5.00001
5.308,37.0,4.635294117647059,1.0147058823529411,662.0,1.9470588235294117,33.9,-118.42,5.00001
2.7305,16.0,5.298657718120805,1.0973154362416107,934.0,3.134228187919463,34.9,-117.16,0.738
2.4735,43.0,5.185792349726776,1.1420765027322404,971.0,2.6530054644808745,34.1,-117.43,0.899
3.0536,35.0,5.318435754189944,0.994413407821229,480.0,2.6815642458100557,40.62,-124.18,1.07
1.9805,16.0,3.9773013871374525,1.0844892812105926,1837.0,2.3165195460277426,38.66,-121.34,0.929
4.0417,5.0,7.64021164021164,1.5308641975308641,1420.0,2.504409171075838,33.98,-116.5,1.464
3.5039,32.0,4.205630354957161,1.062423500611995,2583.0,3.1615667074663403,37.65,-122.41,2.324
3.3462,14.0,18.348754448398576,3.131672597864769,616.0,2.192170818505338,40.25,-121.15,1.452
3.125,6.0,7.8,1.1,27.0,2.7,33.89,-117.03,1.875
6.3612,35.0,7.03855421686747,1.0554216867469879,1042.0,2.5108433734939757,32.69,-117.19,4.827
4.7845,37.0,5.53551912568306,1.0874316939890711,493.0,2.6939890710382515,33.81,-118.13,2.314
4.325,42.0,4.799485861182519,1.0231362467866323,927.0,2.3830334190231364,37.3,-121.88,2.47
2.0,15.0,6.479423868312757,1.4670781893004115,1281.0,2.6358024691358026,34.85,-116.51,0.647
5.1602,16.0,4.280487804878049,1.0,674.0,1.6439024390243901,37.34,-122.03,2.312
4.2727,46.0,5.837349397590361,1.0271084337349397,768.0,2.3132530120481927,37.8,-122.19,2.469
4.0211,4.0,6.3704712612367205,1.1362026695723235,10493.0,2.8583492236447836,34.68,-118.09,1.44
2.9191,19.0,4.457386363636363,0.9971590909090909,1035.0,2.940340909090909,33.19,-117.24,1.594
8.4045,7.0,7.63523372061605,1.0440421507700621,12203.0,3.2972169683869224,37.53,-121.92,4.511
3.6953,36.0,4.739130434782608,1.3478260869565217,416.0,3.0144927536231885,34.09,-118.33,2.0
3.8776,11.0,6.131555555555556,1.0542222222222222,6000.0,2.6666666666666665,38.69,-121.32,1.245
2.1406,16.0,4.958333333333333,1.0148809523809523,479.0,1.4255952380952381,33.69,-117.77,0.55
2.3929,11.0,4.912408759124087,1.0583941605839415,318.0,2.321167883211679,38.09,-122.11,1.225
4.9615,52.0,5.98984771573604,1.0964467005076142,467.0,2.3705583756345177,37.98,-122.58,2.922
2.35,40.0,3.971830985915493,0.8309859154929577,213.0,3.0,35.24,-118.99,0.917
2.0583,34.0,4.526104417670683,1.104417670682731,971.0,3.8995983935742973,34.12,-117.3,0.648
3.0833,34.0,5.764383561643836,1.063013698630137,1578.0,4.323287671232877,34.11,-117.35,0.884
2.697,27.0,3.126746506986028,1.0189620758483033,2242.0,2.2375249500998002,34.01,-118.43,4.125
3.8646,36.0,4.975395430579965,1.0070298769771528,1462.0,2.5694200351493848,33.84,-118.16,2.146
3.5,12.0,5.751054852320675,1.090717299578059,1351.0,2.850210970464135,37.99,-120.26,1.071
3.5172,43.0,3.988344988344988,1.0326340326340326,1190.0,2.773892773892774,34.1,-118.29,2.655
1.875,15.0,4.294117647058823,1.1490196078431372,1570.0,3.0784313725490198,36.61,-121.84,1.223
4.475,13.0,5.970893970893971,0.9916839916839917,1607.0,3.3409563409563408,36.97,-119.85,1.024
3.6083,15.0,4.050675675675675,1.0168918918918919,510.0,1.722972972972973,32.86,-117.23,1.801
2.3199,15.0,3.130311614730878,0.983947119924457,2749.0,2.595845136921624,37.37,-121.84,1.401
4.7125,27.0,6.421511627906977,1.0261627906976745,1034.0,3.005813953488372,34.21,-118.58,2.509
3.6509,34.0,5.018666666666666,1.1413333333333333,1034.0,2.7573333333333334,33.95,-118.03,1.732
3.0568,19.0,4.267898383371825,0.9884526558891455,1130.0,2.6096997690531176,38.47,-122.67,1.903
3.1964,18.0,9.789473684210526,3.18796992481203,320.0,2.406015037593985,36.66,-118.96,0.8
3.2619,25.0,6.193251533742331,1.2607361963190185,888.0,2.723926380368098,38.04,-121.63,1.838
2.6055,36.0,4.9748427672955975,0.9842767295597484,761.0,2.393081761006289,36.78,-119.82,0.692
2.1397,32.0,3.5943060498220643,1.0907473309608542,2557.0,4.549822064056939,33.79,-118.21,1.453
3.0977,24.0,4.276084949215143,1.074792243767313,2360.0,2.1791320406278856,34.24,-118.54,2.64
3.6832,20.0,4.231794871794872,1.0574358974358975,2079.0,2.1323076923076925,37.58,-121.98,2.169
3.7051,52.0,5.6879194630872485,1.1593959731543624,1645.0,2.76006711409396,37.76,-122.39,2.537
3.2361,35.0,6.472027972027972,1.1433566433566433,1007.0,3.520979020979021,38.69,-121.37,0.84
1.2469,33.0,4.773255813953488,1.052325581395349,579.0,3.366279069767442,35.37,-119.01,0.467
1.0391,24.0,1.9680511182108626,1.0591054313099042,1184.0,1.8913738019169328,32.72,-117.16,1.625
2.1553,26.0,4.463119709794437,0.9987908101571947,2072.0,2.505441354292624,35.33,-119.02,0.847
3.6516,20.0,5.757225433526012,1.0491329479768785,889.0,2.569364161849711,38.67,-121.29,1.305
4.7009,31.0,5.011904761904762,1.0476190476190477,1046.0,2.0753968253968256,34.01,-118.43,5.00001
1.3291,16.0,3.8318670576735094,1.0694037145650048,2612.0,2.5532746823069403,32.8,-116.96,1.208
3.8029,36.0,5.428057553956834,1.0017985611510791,1445.0,2.5989208633093526,38.1,-122.21,1.299
7.6166,16.0,7.210412147505423,1.0390455531453362,1470.0,3.188720173535792,37.96,-121.99,2.604
3.7568,4.0,5.727411944869831,1.1439509954058193,6666.0,2.5520673813169985,33.22,-117.3,1.841
3.2645,52.0,4.0866477272727275,1.0241477272727273,1186.0,1.6846590909090908,34.08,-118.35,1.75
3.745,42.0,5.059113300492611,1.116584564860427,1785.0,2.9310344827586206,33.98,-118.35,1.708
5.0092,17.0,6.1170046801872076,1.0202808112324493,1895.0,2.9563182527301093,36.82,-121.66,2.387
1.8109,29.0,3.805223068552775,1.192600652883569,2994.0,3.2578890097932534,33.79,-118.19,1.375
5.8995,21.0,6.958549222797927,0.9481865284974094,462.0,2.393782383419689,37.96,-121.35,1.899
5.1677,18.0,4.1448109412711185,1.0981496379726468,2286.0,1.839098954143202,33.86,-118.4,3.808
2.5313,38.0,3.918918918918919,0.9234234234234234,1065.0,4.797297297297297,34.26,-118.41,1.361
3.1635,34.0,5.767650834403081,1.0757381258023107,2335.0,2.9974326059050065,34.52,-117.3,0.743
2.225,26.0,5.742718446601942,1.3398058252427185,513.0,2.4902912621359223,40.97,-121.89,0.52
3.3281,40.0,5.847908745247148,0.9695817490494296,669.0,2.543726235741445,38.26,-122.13,1.702
3.8081,25.0,5.1837160751565765,1.1837160751565763,1941.0,2.0260960334029225,34.17,-118.44,2.867
7.6286,33.0,8.386666666666667,1.0133333333333334,253.0,3.3733333333333335,34.05,-117.9,3.304
3.1982,29.0,4.78698224852071,1.047337278106509,3036.0,3.5928994082840235,37.36,-121.83,1.717
2.1776,34.0,4.633744855967078,1.0534979423868314,589.0,2.4238683127572016,38.61,-121.42,0.844
5.7068,9.0,5.861561119293078,1.0839469808541973,1705.0,2.5110456553755522,37.7,-121.76,2.567
10.1454,26.0,8.171220400728597,1.0091074681238617,1598.0,2.9107468123861566,33.63,-117.9,5.00001
3.699,19.0,3.532110091743119,1.073394495412844,2672.0,2.0428134556574924,37.32,-121.97,2.375
6.4696,10.0,7.217391304347826,0.9710144927536232,1700.0,3.5196687370600412,32.97,-117.13,2.495
3.024,27.0,4.725536992840095,1.0572792362768497,2807.0,3.3496420047732696,33.97,-117.35,1.225
2.0357,30.0,4.055415617128464,1.0327455919395465,1000.0,2.5188916876574305,36.77,-119.79,0.602
2.5741,29.0,4.932160804020101,0.9849246231155779,1208.0,3.0351758793969847,36.71,-119.56,0.73
2.7625,52.0,4.391534391534392,1.0582010582010581,701.0,3.708994708994709,34.07,-118.26,2.321
2.5042,19.0,5.739957716701903,1.2600422832980973,1301.0,2.7505285412262155,38.61,-120.66,1.264
7.0796,45.0,5.759013282732448,0.9791271347248577,1127.0,2.138519924098672,33.76,-118.12,5.00001
2.0335,33.0,4.448453608247423,1.0824742268041236,1371.0,3.533505154639175,36.0,-120.14,0.439
3.5491,41.0,4.423076923076923,0.9576923076923077,729.0,2.8038461538461537,37.35,-121.98,2.611
5.1082,33.0,4.940828402366864,1.0710059171597632,781.0,4.621301775147929,37.38,-121.84,1.958
3.5331,30.0,5.539115646258503,0.9761904761904762,1804.0,3.068027210884354,37.6,-120.94,1.029
3.6019,20.0,3.6911392405063292,1.1063291139240505,2165.0,1.8270042194092826,34.03,-118.41,4.636
2.9167,25.0,3.5666251556662516,1.0510585305105853,1745.0,2.1731008717310085,34.14,-118.23,2.243
3.5347,23.0,5.430952380952381,0.9714285714285714,1164.0,2.7714285714285714,40.56,-122.38,1.012
1.4688,16.0,4.7611940298507465,1.0149253731343284,212.0,3.1641791044776117,33.99,-116.79,0.9
4.3958,52.0,2.1176470588235294,0.9264705882352942,1061.0,15.602941176470589,37.77,-122.4,2.25
4.4286,6.0,4.203166226912929,0.978891820580475,832.0,2.1952506596306067,33.7,-117.79,2.395
2.9135,27.0,5.349282296650718,0.9330143540669856,647.0,3.0956937799043063,37.48,-120.89,1.594
3.0078,42.0,3.3333333333333335,1.0095238095238095,662.0,3.1523809523809523,34.09,-118.13,1.917
2.5821,20.0,3.5811051693404634,1.0873440285204992,1570.0,1.3992869875222815,38.58,-121.5,1.25
3.5192,24.0,5.909706546275395,1.0948081264108351,726.0,1.6388261851015802,33.01,-117.06,1.591
2.0865,40.0,5.2288557213930345,1.1691542288557213,574.0,2.855721393034826,34.64,-120.45,1.115
1.9125,35.0,2.926829268292683,0.8536585365853658,477.0,11.634146341463415,35.37,-119.01,0.475
3.18,28.0,4.27,1.0325,1694.0,2.1175,38.0,-122.54,2.77
3.0926,6.0,3.67351598173516,1.0833333333333333,2295.0,2.6198630136986303,34.24,-118.52,4.185
2.0871,20.0,3.5859154929577466,0.9971830985915493,1548.0,4.3605633802816905,33.64,-116.11,0.847
2.8868,37.0,4.784397163120567,1.1560283687943262,2909.0,4.126241134751773,37.47,-122.14,1.566
1.2404,26.0,3.045238095238095,1.042857142857143,1276.0,3.038095238095238,40.59,-122.39,0.813
6.8374,27.0,6.972527472527473,1.021978021978022,464.0,2.5494505494505493,37.37,-122.09,5.00001
3.1058,32.0,3.936333699231614,1.0109769484083424,2249.0,2.468715697036224,37.62,-122.4,2.53
3.692,46.0,5.67479674796748,1.1951219512195121,608.0,2.4715447154471546,34.16,-118.34,2.445
4.3222,15.0,6.361247216035634,1.1184855233853006,7540.0,3.3585746102449887,33.91,-117.43,1.38
2.575,15.0,5.828196347031963,1.1386986301369864,5656.0,3.228310502283105,38.49,-121.46,1.079
1.6607,52.0,2.3333333333333335,0.8817204301075269,531.0,5.709677419354839,32.71,-117.15,1.375
1.4886,52.0,4.862745098039215,1.3333333333333333,124.0,2.4313725490196076,37.76,-122.38,4.5
1.4923,31.0,4.592841163310962,1.0402684563758389,1193.0,2.668903803131991,40.07,-122.14,0.444
4.1779,10.0,5.817850637522769,1.0546448087431695,2088.0,3.80327868852459,34.03,-117.64,1.591
2.1793,36.0,2.882,1.068,1809.0,3.618,34.11,-118.2,1.857
2.8125,29.0,6.078571428571428,1.075,914.0,3.2642857142857142,36.46,-119.69,0.792
4.9342,23.0,5.735798016230839,1.0532010820559061,4580.0,4.129846708746618,34.04,-117.93,1.81
4.1717,33.0,4.985333333333333,1.1186666666666667,2701.0,1.8006666666666666,34.11,-118.35,5.00001
2.0882,20.0,5.9655172413793105,1.1077586206896552,557.0,2.4008620689655173,39.76,-121.57,1.049
5.4842,22.0,5.1553956834532375,1.0906474820143885,1792.0,2.57841726618705,37.3,-122.03,3.353
3.59,34.0,4.257731958762887,1.0549828178694158,869.0,2.986254295532646,33.87,-117.99,1.619
2.9054,44.0,5.206185567010309,1.0120274914089347,1373.0,2.359106529209622,38.31,-122.27,1.552
4.3,41.0,5.445468509984639,1.0721966205837175,1221.0,1.8755760368663594,34.15,-118.36,5.00001
3.8333,34.0,4.6761904761904765,0.9904761904761905,1025.0,3.253968253968254,33.92,-117.89,1.704
6.0302,52.0,5.8203125,0.9296875,634.0,2.4765625,37.81,-122.24,2.873
2.5784,28.0,3.2795081967213116,1.1081967213114754,1799.0,1.4745901639344263,34.09,-118.38,2.729
2.8542,52.0,4.497237569060774,1.1933701657458564,327.0,1.8066298342541436,38.56,-121.48,1.25
3.1779,16.0,4.636165577342048,0.9607843137254902,1860.0,4.052287581699346,38.04,-121.29,0.973
3.4306,49.0,4.886792452830188,1.0415094339622641,765.0,2.8867924528301887,34.03,-118.34,1.302
1.7396,34.0,3.9581589958158996,1.0627615062761506,1101.0,4.606694560669456,33.96,-118.24,1.059
5.5137,15.0,4.90443686006826,1.0102389078498293,1382.0,2.358361774744027,33.63,-117.73,1.618
2.3266,43.0,4.478823529411764,1.12,1484.0,1.7458823529411764,38.58,-121.47,1.375
4.7273,23.0,5.506306306306306,1.0018018018018018,1508.0,2.717117117117117,33.73,-117.81,2.342
3.55,36.0,4.654320987654321,0.9654320987654321,1049.0,2.5901234567901232,33.85,-118.13,2.128
3.071,10.0,6.6875,1.1206896551724137,1283.0,2.7650862068965516,34.53,-117.26,1.516
3.2405,16.0,6.11377245508982,1.215568862275449,2033.0,3.0434131736526946,35.12,-118.46,0.855
6.5195,35.0,6.364516129032258,1.1209677419354838,1361.0,2.195161290322581,34.11,-118.36,5.00001
9.8177,22.0,8.088180112570356,0.9962476547842402,1426.0,2.675422138836773,33.72,-118.06,5.00001
4.6406,20.0,6.109979633401222,1.0692464358452138,1207.0,2.4582484725050917,38.07,-122.19,2.175
4.6761,32.0,5.315151515151515,0.9818181818181818,917.0,2.778787878787879,37.36,-121.99,2.983
3.9673,24.0,4.291153415453527,1.0627099664053752,1613.0,1.8062709966405375,34.05,-118.43,4.773
3.5968,12.0,5.841346153846154,1.0280448717948718,3960.0,3.173076923076923,38.49,-121.4,1.063
3.5486,4.0,6.208333333333333,1.305,1478.0,2.4633333333333334,36.37,-119.65,1.48
2.1202,52.0,4.052805280528053,0.966996699669967,648.0,2.1386138613861387,37.85,-122.27,1.555
4.8456,35.0,5.968036529680365,1.1232876712328768,672.0,3.0684931506849313,33.92,-118.31,1.464
1.8672,18.0,5.329512893982808,1.171919770773639,741.0,2.1232091690544412,39.43,-121.32,0.847
3.8125,38.0,5.758720930232558,0.997093023255814,796.0,2.313953488372093,34.15,-117.28,0.974
2.1411,52.0,4.456582633053221,1.0420168067226891,817.0,2.288515406162465,38.1,-122.25,0.972
4.0391,52.0,6.2439024390243905,1.0627177700348431,782.0,2.724738675958188,37.76,-122.49,3.327
2.925,26.0,5.283524904214559,1.0938697318007662,1291.0,2.4731800766283527,35.52,-120.69,1.814
1.8432,28.0,4.302788844621514,1.1872509960159363,524.0,2.087649402390438,34.44,-119.75,3.273
5.1786,16.0,6.860714285714286,1.1142857142857143,862.0,3.0785714285714287,33.28,-117.17,3.768
2.2992,52.0,4.966587112171838,1.1408114558472553,1051.0,2.5083532219570404,40.41,-120.66,0.702
1.7841,34.0,5.171348314606742,0.9943820224719101,1019.0,2.8623595505617976,37.03,-120.61,0.675
7.9606,34.0,6.504545454545455,1.018181818181818,503.0,2.286363636363636,37.9,-122.55,4.534
3.287,19.0,3.668181818181818,1.043939393939394,1726.0,2.6151515151515152,33.9,-118.3,1.814
5.1377,45.0,4.738636363636363,1.0113636363636365,187.0,2.125,34.14,-118.4,3.607
3.153,42.0,3.9234642497482377,0.9879154078549849,4496.0,4.527693856998993,33.95,-118.22,1.509
4.7097,12.0,6.505263157894737,1.0736842105263158,1048.0,2.7578947368421054,34.56,-118.21,2.621
3.4643,28.0,4.173469387755102,1.0612244897959184,244.0,2.489795918367347,37.74,-121.13,0.909
2.9107,28.0,4.083333333333333,0.9814814814814815,504.0,4.666666666666667,34.07,-117.98,1.525
5.8002,19.0,6.610859728506787,0.9434389140271493,1221.0,2.762443438914027,38.32,-122.32,2.387
3.9338,36.0,4.9125,0.83125,463.0,2.89375,37.64,-122.08,1.827
2.6607,9.0,3.876923076923077,1.0153846153846153,1311.0,2.241025641025641,38.46,-122.74,0.915
2.6875,39.0,3.6332518337408315,1.1418092909535453,758.0,1.8533007334963325,34.43,-119.7,3.206
4.9867,7.0,4.826747720364741,1.0562310030395137,3223.0,2.4490881458966567,37.51,-122.0,1.817
4.7778,6.0,7.358227848101266,1.1493670886075948,2275.0,2.8797468354430378,34.5,-118.26,3.404
5.8914,26.0,5.938616071428571,0.9921875,2932.0,3.2723214285714284,33.79,-118.03,2.376
1.9787,39.0,4.398119122257054,1.0376175548589341,1659.0,2.6003134796238245,38.68,-121.78,0.978
6.0115,3.0,5.533980582524272,1.0563106796116506,1024.0,1.9883495145631067,37.98,-122.33,1.75
5.7613,28.0,8.647398843930636,1.6242774566473988,676.0,1.953757225433526,33.84,-116.55,5.00001
5.2113,19.0,6.330494037478705,0.959114139693356,1788.0,3.0459965928449746,32.86,-117.19,2.674
4.5694,31.0,6.104925053533191,0.9807280513918629,1286.0,2.753747323340471,33.16,-117.34,2.437
3.2889,32.0,5.0610859728506785,1.0509049773755657,2177.0,2.4626696832579187,38.0,-121.33,0.989
1.2273,41.0,3.3380681818181817,0.9659090909090909,1241.0,3.5255681818181817,33.96,-118.28,0.984
1.8833,23.0,7.642857142857143,2.4166666666666665,265.0,3.1547619047619047,39.02,-122.79,0.969
3.7019,37.0,4.514388489208633,0.8561151079136691,671.0,2.4136690647482015,32.78,-116.97,1.386
4.675,24.0,6.412735849056604,1.0235849056603774,1318.0,3.108490566037736,34.19,-118.95,2.288
1.742,24.0,6.9289617486338795,1.469945355191257,636.0,3.4754098360655736,36.49,-118.96,1.188
4.0208,17.0,4.694915254237288,1.1864406779661016,119.0,2.016949152542373,34.16,-118.42,3.417
1.6071,44.0,3.8625,1.5125,315.0,3.9375,36.65,-121.63,1.125
2.0417,24.0,6.979910714285714,1.5044642857142858,1015.0,2.265625,39.08,-122.86,0.788
4.0313,19.0,4.444444444444445,1.0902777777777777,1413.0,3.2708333333333335,33.75,-117.92,1.475
5.2971,34.0,6.386430678466077,1.047197640117994,776.0,2.2890855457227137,37.37,-122.09,4.421
2.4805,11.0,6.5949895615866385,1.2860125260960333,1343.0,2.8037578288100207,41.75,-124.23,0.732
4.1282,7.0,5.144516129032258,1.0987096774193548,2904.0,1.8735483870967742,33.11,-117.31,1.881
6.1273,26.0,7.0049504950495045,0.9876237623762376,1204.0,2.98019801980198,33.92,-118.0,2.896
1.2625,45.0,5.32404181184669,1.0139372822299653,801.0,2.7909407665505226,37.73,-122.19,0.847
2.3169,28.0,3.6804733727810652,1.0562130177514792,2891.0,4.2766272189349115,33.72,-116.21,0.689
3.2375,25.0,3.392523364485981,1.280373831775701,411.0,1.9205607476635513,36.14,-121.62,4.5
5.2541,5.0,5.469879518072289,1.0860585197934596,1467.0,2.5249569707401034,33.8,-117.69,2.371
1.3343,22.0,3.6855845629965946,0.9750283768444948,4179.0,4.743473325766175,36.72,-119.75,0.608
3.9464,9.0,4.675257731958763,1.0670103092783505,619.0,3.1907216494845363,34.14,-117.96,1.796
5.0473,5.0,5.371508379888268,1.0977653631284916,2053.0,2.86731843575419,38.02,-122.26,1.848
1.3713,23.0,4.329938900203666,1.030549898167006,2091.0,4.258655804480652,36.96,-120.04,0.518
1.8793,38.0,5.744588744588745,1.1341991341991342,784.0,3.393939393939394,33.12,-115.52,0.608
8.2064,36.0,7.15695067264574,1.0493273542600896,654.0,2.9327354260089686,33.79,-118.37,5.00001
6.2575,15.0,7.35546875,0.9921875,893.0,3.48828125,38.39,-121.37,1.435
5.0106,33.0,4.290010741138561,1.0633727175080558,1647.0,1.7690655209452202,33.81,-118.44,5.00001
3.4659,31.0,5.144288577154309,1.0160320641282565,1198.0,2.400801603206413,32.78,-117.02,1.63
4.3542,34.0,5.578313253012048,0.9698795180722891,978.0,2.9457831325301207,33.2,-117.27,1.569
1.6341,38.0,3.355481727574751,1.0465116279069768,1157.0,3.8438538205980066,33.99,-118.18,1.618
3.148,22.0,5.170542635658915,1.0,1520.0,3.9276485788113695,37.64,-121.03,1.023
3.488,23.0,4.7391732283464565,1.063976377952756,3232.0,3.1811023622047245,33.94,-118.02,1.918
5.3908,8.0,5.396103896103896,1.025974025974026,740.0,4.805194805194805,32.69,-117.05,1.655
4.0327,5.0,5.283908045977012,1.2310344827586206,1916.0,2.2022988505747128,35.35,-119.1,1.31
4.7788,31.0,6.422932330827067,1.0018796992481203,1245.0,2.3402255639097747,32.79,-117.2,2.76
3.0833,29.0,5.434108527131783,0.9819121447028424,1124.0,2.904392764857881,38.69,-121.37,0.87
3.6298,34.0,4.2896825396825395,0.8134920634920635,1325.0,5.257936507936508,34.06,-117.8,1.085
2.5259,35.0,4.567398119122257,1.0705329153605017,1562.0,2.4482758620689653,32.73,-117.23,2.402
2.1969,47.0,5.767676767676767,1.1245791245791246,570.0,1.9191919191919191,37.65,-121.01,1.494
3.6667,45.0,5.891402714932127,1.0271493212669682,988.0,2.235294117647059,37.97,-121.31,1.231
5.4038,26.0,6.028125,0.915625,1067.0,3.334375,34.26,-118.76,2.221
7.355,11.0,7.2486702127659575,0.9787234042553191,2526.0,3.359042553191489,34.29,-118.73,3.439
5.0299,40.0,5.815384615384615,0.9384615384615385,371.0,2.853846153846154,33.89,-118.36,3.292
1.9045,20.0,3.2624686542212316,1.0080802451936473,7604.0,2.118696015603232,37.43,-122.15,3.75
4.7216,20.0,4.961481481481481,1.0148148148148148,1822.0,2.6992592592592595,33.94,-117.89,2.27
4.6786,16.0,5.350061199510404,1.08812729498164,2530.0,3.0966952264381886,37.59,-122.03,2.56
3.875,15.0,5.058405682715075,1.0757695343330702,3359.0,2.6511444356748224,34.1,-117.87,1.733
3.212,33.0,5.684073107049608,1.0548302872062663,891.0,2.3263707571801566,38.0,-120.39,1.052
12.8879,28.0,7.703196347031963,1.0319634703196348,2431.0,2.7751141552511416,34.14,-118.51,5.00001
4.3152,33.0,6.046686746987952,0.9984939759036144,1864.0,2.8072289156626504,32.79,-117.01,1.593
3.93,52.0,4.781578947368421,1.181578947368421,948.0,2.4947368421052634,37.76,-122.46,3.9
7.2634,12.0,7.133034379671151,1.0189337319382163,5781.0,2.8804185351270553,37.77,-122.06,3.416
4.0417,34.0,5.25748502994012,0.9580838323353293,372.0,2.2275449101796405,38.22,-122.63,2.321
2.9464,19.0,5.672661870503597,1.0494604316546763,3012.0,2.70863309352518,38.56,-121.37,1.135
3.141,43.0,5.0736,1.064,1534.0,2.4544,32.76,-117.04,1.414
2.9559,22.0,5.909937888198757,1.0869565217391304,760.0,2.360248447204969,37.02,-121.83,2.884
10.7309,52.0,7.850364963503649,1.0218978102189782,762.0,2.781021897810219,37.73,-122.47,5.00001
2.5991,28.0,3.489130434782609,1.0891304347826087,936.0,2.034782608695652,32.76,-117.12,1.475
2.1875,48.0,4.5,1.0142857142857142,791.0,2.825,33.99,-118.32,1.152
4.875,36.0,5.4784172661870505,0.9460431654676259,717.0,2.579136690647482,33.84,-118.11,2.189
4.555,39.0,4.900621118012422,0.984472049689441,872.0,2.7080745341614905,34.25,-117.55,1.531
2.8306,29.0,4.713798977853492,1.0425894378194207,1437.0,2.4480408858603067,32.75,-117.05,1.429
4.504,28.0,6.362433862433862,1.2222222222222223,1011.0,2.6746031746031744,34.24,-118.7,2.043
8.2961,52.0,6.588028169014085,1.147887323943662,646.0,2.2746478873239435,34.06,-118.4,5.00001
5.8541,22.0,6.448105436573312,0.9884678747940692,1871.0,3.0823723228995057,33.66,-117.97,2.815
4.475,33.0,5.170731707317073,1.016260162601626,1035.0,2.1036585365853657,34.16,-118.45,3.148
5.3261,38.0,6.267515923566879,1.089171974522293,429.0,2.732484076433121,37.53,-122.3,3.768
4.4561,12.0,6.094874591057797,1.0261723009814614,3018.0,3.2911668484187566,35.41,-119.12,0.969
2.68,30.0,3.3196480938416424,1.0175953079178885,1433.0,4.202346041055718,33.93,-118.36,1.7
5.343,17.0,6.3180327868852455,1.0098360655737706,2585.0,2.8251366120218577,33.7,-117.95,2.319
2.8287,28.0,4.714285714285714,0.974025974025974,919.0,2.9837662337662336,36.58,-119.6,0.731
2.5938,40.0,3.8114754098360657,1.0573770491803278,1203.0,4.930327868852459,33.94,-118.22,1.154
2.5685,20.0,4.7950738916256155,1.0,1725.0,1.6995073891625616,38.41,-122.4,2.676
3.5125,10.0,7.090128755364807,1.3562231759656653,725.0,3.111587982832618,33.65,-117.25,1.556
4.5781,9.0,6.085790884718499,1.0630026809651474,2235.0,2.9959785522788205,33.18,-117.26,2.256
0.6831,37.0,3.904831625183016,0.9824304538799414,2865.0,4.194729136163982,33.95,-118.23,0.875
4.5179,17.0,5.7727272727272725,1.2727272727272727,219.0,9.954545454545455,37.44,-121.97,1.125
5.6407,34.0,6.065972222222222,0.9670138888888888,1861.0,3.2309027777777777,34.21,-118.61,2.515
2.2356,39.0,3.06140350877193,1.0175438596491229,1046.0,4.587719298245614,34.02,-118.26,1.195
3.765,33.0,5.717889908256881,1.0412844036697249,1203.0,2.7591743119266057,37.97,-121.34,0.946
3.162,26.0,3.576452599388379,1.0764525993883791,1283.0,1.9617737003058104,37.56,-122.32,4.15
8.634,48.0,5.615942028985507,0.9166666666666666,641.0,2.322463768115942,37.9,-122.56,4.635
3.6417,27.0,4.262865090403338,1.023643949930459,1840.0,2.5591098748261474,33.88,-118.08,2.081
0.716,39.0,4.730769230769231,1.0961538461538463,316.0,6.076923076923077,37.96,-122.36,1.042
5.1478,17.0,5.103448275862069,0.9540229885057471,357.0,4.103448275862069,32.57,-117.09,1.389
4.8889,5.0,6.1587628865979385,0.9422680412371134,1821.0,3.754639175257732,34.11,-117.39,1.389
2.1538,44.0,4.368852459016393,1.0368852459016393,825.0,3.3811475409836067,37.73,-122.19,0.797
2.2813,22.0,3.8558823529411765,0.9382352941176471,1455.0,4.279411764705882,37.38,-120.72,0.673
4.149,44.0,5.520361990950226,1.0972850678733033,1011.0,2.2873303167420813,34.43,-119.69,4.436
2.5139,52.0,3.6038781163434903,1.077562326869806,1189.0,3.293628808864266,34.12,-118.21,1.9
3.8403,21.0,4.886842105263158,1.05,881.0,2.318421052631579,33.47,-117.7,3.5
6.2984,18.0,6.022801302931596,0.9348534201954397,2046.0,3.3322475570032575,33.73,-117.97,2.698
3.6312,7.0,4.579741379310345,1.0948275862068966,1358.0,2.9267241379310347,37.76,-121.43,1.476
1.4015,35.0,4.098591549295775,0.9753521126760564,992.0,3.492957746478873,35.35,-119.0,0.487
1.2778,42.0,3.4615384615384617,1.1497975708502024,890.0,3.603238866396761,34.0,-118.28,1.125
1.6944,33.0,4.892857142857143,1.0714285714285714,716.0,3.1964285714285716,32.72,-117.09,1.118
2.7048,8.0,4.228404099560762,0.9692532942898975,2441.0,3.5739385065885796,32.59,-117.08,1.53
3.0687,37.0,3.1531531531531534,1.0360360360360361,342.0,3.081081081081081,34.17,-118.3,2.0
2.3917,10.0,6.589686098654709,1.3565022421524664,1167.0,2.616591928251121,35.27,-118.34,0.79
4.2589,20.0,5.06140350877193,1.0109649122807018,2223.0,4.875,37.29,-121.83,1.91
4.1581,22.0,6.3585118376550165,1.0022547914317925,3157.0,3.5591882750845545,34.12,-117.35,1.265
3.6607,23.0,6.296296296296297,1.128395061728395,1016.0,2.508641975308642,39.18,-120.99,1.53
2.1295,15.0,5.127604166666667,1.02734375,3500.0,4.557291666666667,35.76,-119.29,0.598
4.0642,41.0,5.794520547945205,1.0356164383561643,1168.0,3.2,37.73,-122.41,2.725
2.0,37.0,3.7296137339055795,1.0343347639484979,1040.0,4.463519313304721,33.94,-118.24,0.842
3.6875,39.0,4.436018957345971,0.919431279620853,691.0,3.2748815165876777,33.98,-118.09,1.695
5.0947,12.0,6.765853658536585,1.1886178861788619,1609.0,2.616260162601626,35.48,-120.56,2.675
2.8558,13.0,4.562314540059347,0.9347181008902077,1843.0,2.734421364985163,33.25,-117.31,0.971
4.7083,15.0,7.918057663125948,1.078907435508346,1949.0,2.9575113808801214,38.68,-121.09,2.133
5.8666,37.0,5.824561403508772,1.0964912280701755,626.0,2.745614035087719,34.01,-118.45,4.401
4.0337,23.0,6.094420600858369,1.053648068669528,1586.0,3.40343347639485,38.16,-122.26,1.304
3.2093,32.0,4.788405797101449,1.0347826086956522,2032.0,2.944927536231884,33.98,-118.07,1.678
3.0375,21.0,4.972270363951473,1.0329289428076256,1471.0,2.5493934142114383,32.82,-117.17,1.976
1.8542,22.0,4.789115646258503,1.1938775510204083,636.0,2.163265306122449,37.26,-121.96,3.333
3.2589,9.0,11.458507963118189,2.0561609388097235,2811.0,2.3562447611064545,37.84,-120.2,1.379
4.8497,19.0,5.730994152046784,0.9415204678362573,2519.0,2.9461988304093567,38.5,-121.52,1.844
2.4539,28.0,2.519327731092437,0.9647058823529412,3328.0,5.593277310924369,33.73,-117.85,1.15
3.071,8.0,4.5962962962962965,1.0851851851851853,1427.0,2.6425925925925924,34.64,-120.47,1.204
4.4375,52.0,4.57286432160804,1.0552763819095476,1525.0,1.9158291457286432,37.79,-122.44,5.00001
2.355,42.0,4.620352250489237,1.0019569471624266,1684.0,3.295499021526419,37.31,-120.48,0.756
2.3125,48.0,5.025714285714286,1.1114285714285714,716.0,2.045714285714286,39.2,-121.05,1.083
2.1625,18.0,5.488135593220339,1.1728813559322033,904.0,3.064406779661017,39.42,-123.35,0.772
5.1788,52.0,4.786792452830189,1.0547169811320756,849.0,1.6018867924528302,37.77,-122.44,4.769
2.593,22.0,3.6056105610561056,1.028052805280528,1644.0,2.712871287128713,33.97,-118.03,1.92
3.8542,33.0,5.00253164556962,1.0227848101265822,1379.0,3.491139240506329,33.94,-118.09,1.754
4.125,34.0,5.87218045112782,1.0225563909774436,825.0,3.101503759398496,34.09,-117.9,2.208
4.4367,5.0,6.1020408163265305,1.0566161948650428,4916.0,3.2363396971691905,34.2,-117.35,1.332
2.4659,17.0,9.747727272727273,2.0295454545454548,958.0,2.1772727272727272,33.74,-116.41,1.778
3.4844,46.0,4.876777251184834,0.8578199052132701,567.0,2.6872037914691944,37.74,-122.16,1.295
2.7159,25.0,5.694852941176471,0.9889705882352942,819.0,3.011029411764706,36.37,-119.83,1.014
2.125,44.0,4.29426433915212,1.139650872817955,2177.0,5.428927680798005,33.98,-118.27,0.925
1.2096,49.0,4.397058823529412,1.3235294117647058,287.0,4.220588235294118,34.03,-118.26,1.0
4.2685,38.0,5.835051546391752,1.1855670103092784,1124.0,2.8969072164948453,34.26,-118.31,1.896
2.2206,34.0,5.433962264150943,1.0075471698113208,1018.0,3.841509433962264,36.62,-119.5,0.634
2.2227,30.0,5.278551532033426,1.0194986072423398,990.0,2.7576601671309193,40.77,-124.17,0.813
7.2392,31.0,7.281889763779527,0.9826771653543307,1852.0,2.916535433070866,33.77,-117.81,3.346
2.4505,25.0,4.225388601036269,1.0751295336787565,1045.0,2.7072538860103625,33.2,-117.24,1.475
15.0001,37.0,9.333333333333334,1.0378006872852235,809.0,2.7800687285223367,34.09,-118.41,5.00001
2.29,23.0,5.6833810888252145,1.0974212034383954,1518.0,2.174785100286533,34.04,-117.05,1.118
2.0562,41.0,4.536656891495602,1.217008797653959,1024.0,3.002932551319648,37.77,-122.2,1.02
6.015,41.0,6.794964028776978,1.0827338129496402,802.0,2.884892086330935,33.81,-118.38,4.885
3.1406,33.0,5.039634146341464,1.0182926829268293,814.0,2.481707317073171,37.95,-122.04,1.631
4.0993,5.0,5.4324324324324325,0.9896049896049897,1490.0,3.0977130977130978,36.79,-119.69,0.83
6.2781,17.0,6.787798408488063,0.9814323607427056,1238.0,3.283819628647215,37.75,-121.94,2.698
3.1106,11.0,3.67680608365019,1.1039290240811153,1659.0,2.102661596958175,34.16,-118.37,2.094
5.0527,15.0,6.09556313993174,1.0204778156996588,727.0,2.4812286689419794,33.48,-117.68,2.314
2.0441,33.0,5.983758700696056,1.308584686774942,1155.0,2.679814385150812,35.63,-117.66,0.421
4.5759,43.0,4.728476821192053,1.076158940397351,836.0,2.7682119205298013,34.23,-118.26,2.092
2.9821,20.0,3.63953488372093,1.062015503875969,1461.0,2.8313953488372094,33.97,-118.1,1.425
2.4786,14.0,4.371014492753623,1.0057971014492753,1679.0,4.866666666666666,36.49,-120.22,0.56
2.8611,17.0,5.83265306122449,1.0816326530612246,692.0,2.8244897959183675,40.42,-122.25,0.987
3.6917,35.0,6.047808764940239,1.1115537848605577,857.0,3.414342629482072,33.91,-118.12,1.975
3.6708,8.0,4.815013404825737,1.1380697050938338,1907.0,2.5563002680965146,37.64,-122.11,1.979
2.5262,21.0,3.0216216216216214,1.0576576576576577,4426.0,3.9873873873873875,33.78,-118.27,1.673
1.9338,43.0,3.2420091324200913,1.0776255707762556,1506.0,3.4383561643835616,37.78,-122.23,1.125
3.4028,33.0,3.9106382978723406,0.8851063829787233,724.0,3.0808510638297872,33.93,-117.47,1.105
7.5078,24.0,7.022857142857143,0.992,2710.0,3.097142857142857,34.3,-118.51,3.44
4.4732,16.0,6.0,1.0613496932515338,862.0,2.644171779141104,33.5,-117.66,1.863
10.49,7.0,10.005873715124816,1.1527165932452277,2175.0,3.193832599118943,33.53,-117.65,5.00001
1.9944,52.0,6.046610169491525,1.1906779661016949,620.0,2.6271186440677967,37.76,-122.41,2.625
3.0521,29.0,5.987234042553191,1.127659574468085,556.0,2.3659574468085105,38.54,-121.42,1.08
5.6652,17.0,6.07514450867052,0.9942196531791907,446.0,2.578034682080925,37.26,-121.87,2.345
1.6833,18.0,4.6,1.068421052631579,572.0,3.0105263157894737,37.35,-120.62,0.71
7.5752,52.0,3.142857142857143,1.0,55.0,7.857142857142857,34.02,-118.21,0.675
2.5331,31.0,4.096676737160121,0.9788519637462235,1301.0,3.930513595166163,33.11,-117.08,1.151
2.4207,26.0,4.140540540540541,0.9891891891891892,980.0,1.7657657657657657,32.85,-117.2,2.135
1.125,27.0,5.649122807017544,1.4210526315789473,112.0,1.9649122807017543,33.3,-115.96,0.544
4.7356,18.0,6.815668202764977,1.1336405529953917,550.0,2.5345622119815667,38.31,-122.42,3.333
5.7652,13.0,6.497017892644135,0.9761431411530815,1431.0,2.84493041749503,32.72,-116.87,2.599
5.9356,14.0,6.688195991091314,1.017817371937639,2915.0,3.2461024498886415,37.11,-121.65,3.217
3.1103,33.0,3.8198529411764706,0.9411764705882353,1432.0,5.264705882352941,34.21,-119.17,1.435
2.9076,52.0,4.386609071274298,1.0928725701943844,1191.0,2.572354211663067,33.87,-117.91,1.773
5.0947,14.0,5.076923076923077,1.0384615384615385,943.0,3.626923076923077,32.68,-117.04,1.527
1.7038,28.0,4.598774885145483,1.0704441041347625,1530.0,2.343032159264931,41.73,-124.22,0.783
5.4223,52.0,7.112612612612613,1.0337837837837838,1229.0,2.768018018018018,34.16,-118.11,3.256
5.678,28.0,5.859259259259259,0.9777777777777777,696.0,2.577777777777778,37.35,-122.04,3.701
3.4792,8.0,36.47826086956522,6.304347826086956,291.0,2.5304347826086957,39.35,-120.24,1.808
4.5278,44.0,4.032051282051282,0.8397435897435898,326.0,2.08974358974359,34.03,-118.42,3.743
5.0294,27.0,6.427884615384615,1.0072115384615385,1176.0,2.826923076923077,34.44,-119.8,2.802
5.1104,30.0,5.280442804428044,1.003690036900369,1387.0,2.559040590405904,37.27,-121.93,2.781
3.0441,17.0,5.292328042328043,1.0767195767195767,2313.0,3.0595238095238093,34.65,-118.21,1.401
2.5863,30.0,5.027496382054993,1.0636758321273516,1674.0,2.422575976845152,34.04,-117.04,0.983
4.3162,26.0,5.6938775510204085,0.961038961038961,1524.0,2.8274582560296846,34.7,-120.48,1.364
1.8618,52.0,4.157718120805369,1.0738255033557047,934.0,3.134228187919463,34.36,-119.06,1.833
2.8071,14.0,6.011834319526627,1.2958579881656804,443.0,2.621301775147929,33.48,-116.89,1.375
10.2289,34.0,7.447368421052632,0.9784688995215312,1139.0,2.72488038277512,34.18,-118.09,5.00001
5.0457,34.0,6.328787878787879,1.0954545454545455,1586.0,2.403030303030303,37.45,-122.23,3.951
2.6386,38.0,3.371698113207547,0.9584905660377359,2113.0,3.986792452830189,37.32,-121.88,1.776
1.6821,18.0,4.93569844789357,1.0864745011086474,859.0,1.9046563192904655,40.57,-122.35,0.694
1.7986,32.0,3.6473429951690823,0.9903381642512077,681.0,3.289855072463768,36.68,-119.73,0.493
2.9145,21.0,6.498771498771498,1.1400491400491402,1245.0,3.058968058968059,36.19,-119.12,1.142
2.5,37.0,3.066518847006652,1.042128603104213,1185.0,2.6274944567627494,34.13,-118.26,2.071
2.6083,36.0,6.6856060606060606,1.5113636363636365,451.0,1.7083333333333333,33.83,-116.56,3.219
4.615,36.0,5.566197183098591,1.036619718309859,1236.0,3.4816901408450702,33.95,-118.04,1.74
2.75,22.0,5.471698113207547,1.0581761006289307,1541.0,2.4229559748427674,37.17,-118.3,0.945
3.7321,33.0,5.616438356164384,1.0136986301369864,2580.0,3.5342465753424657,34.07,-117.72,1.342
3.6875,38.0,6.753387533875339,1.032520325203252,1003.0,2.7181571815718155,34.04,-117.18,1.528
4.95,45.0,5.507598784194529,1.0212765957446808,752.0,2.2857142857142856,37.5,-122.25,3.45
3.3639,25.0,6.395348837209302,1.2299741602067182,910.0,2.351421188630491,33.74,-116.41,1.688
4.2429,3.0,7.3166571915861285,1.3160886867538375,5820.0,3.3086981239340534,34.04,-117.46,1.473
8.4352,14.0,8.106100795755967,0.9787798408488063,1209.0,3.206896551724138,37.87,-122.02,4.414
2.9219,18.0,5.46875,1.3203125,260.0,2.03125,38.51,-121.49,1.529
3.2845,45.0,4.551546391752577,1.041237113402062,401.0,2.0670103092783507,38.44,-122.7,1.783
3.9125,52.0,5.088838268792711,1.0751708428246014,986.0,2.2460136674259683,34.15,-118.01,2.655
3.8667,37.0,5.894736842105263,1.0512820512820513,2083.0,2.8110661268556005,38.09,-122.21,1.27
3.0875,31.0,5.680890538033395,1.1057513914656771,1263.0,2.3432282003710574,32.77,-117.09,2.915
4.8984,31.0,4.492690058479532,0.9853801169590644,1486.0,2.172514619883041,34.18,-118.49,3.117
3.1691,42.0,3.5300925925925926,1.0555555555555556,1688.0,3.9074074074074074,34.1,-118.24,1.413
6.0471,17.0,6.535849056603774,0.9792452830188679,1713.0,3.232075471698113,33.61,-117.66,2.484
4.7647,12.0,6.241269841269841,1.0603174603174603,3129.0,3.311111111111111,33.26,-116.98,2.541
3.1442,30.0,5.780487804878049,1.0048780487804878,1248.0,3.0439024390243903,36.7,-119.57,0.723
3.7857,19.0,20.2,4.05,187.0,2.3375,36.79,-118.91,0.786
3.0963,23.0,4.961038961038961,1.0505050505050506,2942.0,2.1226551226551225,38.51,-121.52,1.569
4.023,14.0,5.594736842105263,1.091578947368421,2228.0,2.345263157894737,38.42,-122.66,2.084
9.5221,48.0,7.021317829457364,1.0232558139534884,1282.0,2.4844961240310077,34.05,-118.48,5.00001
3.9485,52.0,5.440251572327044,1.0352201257861635,1927.0,2.4238993710691825,34.1,-118.15,4.191
2.7694,32.0,4.473007712082262,1.025706940874036,1563.0,4.017994858611825,36.76,-121.75,1.324
3.1696,17.0,4.07,0.97,307.0,3.07,37.5,-122.04,1.563
3.9816,27.0,4.928667563930014,1.1224764468371466,3009.0,4.049798115746972,33.73,-117.93,1.795
3.0466,15.0,3.0356798457087755,1.0761812921890068,3556.0,3.429122468659595,37.36,-121.85,1.596
2.6553,41.0,4.4627831715210355,1.0194174757281553,1249.0,4.042071197411003,34.1,-118.1,1.831
3.5492,25.0,4.946043165467626,0.960431654676259,1032.0,3.712230215827338,32.73,-117.04,1.254
3.0774,27.0,2.8456375838926173,1.0067114093959733,455.0,1.5268456375838926,32.79,-117.25,2.75
2.5067,18.0,4.0807926829268295,1.1966463414634145,1391.0,2.120426829268293,36.96,-122.03,2.326
1.125,23.0,6.130434782608695,2.5652173913043477,47.0,2.0434782608695654,40.99,-123.35,0.66
5.4088,27.0,4.711656441717792,1.156441717791411,553.0,1.696319018404908,33.9,-118.43,5.00001
13.2935,27.0,7.607142857142857,1.012672811059908,2336.0,2.6912442396313363,34.11,-118.49,5.00001
2.9063,47.0,4.723076923076923,1.0615384615384615,374.0,5.753846153846154,33.77,-118.28,1.469
5.1718,31.0,5.676416819012797,1.0639853747714807,1359.0,2.4844606946983547,34.16,-118.23,4.291
3.766,33.0,4.947890818858561,1.0049627791563276,993.0,2.464019851116625,34.14,-117.96,1.639
4.4423,37.0,5.684350132625995,1.013262599469496,1047.0,2.777188328912467,33.84,-118.12,2.16
1.4279,38.0,5.15566037735849,1.2075471698113207,856.0,4.037735849056604,34.08,-117.27,0.73
6.2452,16.0,6.656903765690377,0.9414225941422594,926.0,3.8744769874476988,33.71,-117.89,2.663
2.3147,38.0,3.2213225371120107,1.00944669365722,1537.0,2.0742240215924426,34.28,-119.29,1.925
1.3712,37.0,6.698863636363637,1.6022727272727273,354.0,2.0113636363636362,38.48,-123.01,1.183
1.8993,17.0,4.699367088607595,1.0917721518987342,823.0,2.6044303797468356,40.95,-124.1,0.784
2.7325,25.0,4.93687374749499,1.0070140280561122,2756.0,2.7615230460921842,38.31,-122.29,1.629
4.8359,35.0,5.473015873015873,0.9873015873015873,992.0,3.149206349206349,34.26,-118.45,1.956
3.7647,17.0,5.349248452696728,1.0106100795755968,3424.0,3.0274093722369586,32.73,-117.0,1.276
4.1379,42.0,4.828767123287672,1.0547945205479452,624.0,2.136986301369863,38.03,-122.7,3.091
2.425,17.0,3.1600877192982457,1.162280701754386,769.0,1.6864035087719298,33.89,-117.87,1.717
4.1667,35.0,5.276951672862453,1.100371747211896,1413.0,2.62639405204461,34.23,-118.25,2.712
3.5,10.0,5.72791519434629,1.1236749116607774,866.0,3.060070671378092,40.25,-122.35,1.043
2.1574,35.0,4.7297650130548305,1.097911227154047,2721.0,3.552219321148825,33.92,-117.28,0.869
5.7763,14.0,6.847746650426309,1.048721071863581,3108.0,3.7856272838002436,33.99,-117.72,2.067
4.8013,36.0,6.010060362173038,0.9879275653923542,1360.0,2.7364185110663986,33.84,-118.15,2.241
4.2542,16.0,6.048561151079137,1.0989208633093526,1603.0,2.883093525179856,36.97,-122.05,2.941
4.1713,23.0,6.356060606060606,1.0416666666666667,1227.0,4.6477272727272725,33.26,-117.3,1.338
4.1719,27.0,6.8106575963718825,1.1315192743764173,2680.0,3.0385487528344672,34.71,-118.16,1.172
6.3088,6.0,7.038608400509122,1.1438268985999152,6223.0,2.6402206194314806,33.48,-117.7,3.403
1.7463,36.0,3.4244897959183676,1.0204081632653061,1079.0,4.404081632653061,34.07,-118.22,1.583
3.7449,6.0,5.237011592958352,1.123658222413053,5634.0,2.419063975955346,38.63,-121.49,1.293
2.7308,31.0,4.47612551159618,1.0477489768076398,2385.0,3.2537517053206004,34.0,-118.12,1.738
2.8889,30.0,3.639581657280772,1.0555108608205954,1910.0,1.5366049879324215,34.08,-118.38,3.353
3.099,27.0,4.191122071516646,1.0875462392108508,2465.0,3.0394574599260173,33.89,-118.09,1.666
4.7143,46.0,5.882845188284519,0.9832635983263598,771.0,3.225941422594142,37.72,-122.45,2.193
4.1563,4.0,5.645833333333333,0.9851190476190477,915.0,2.7232142857142856,34.66,-120.48,1.726
5.9114,46.0,6.079470198675497,1.0562913907284768,767.0,2.5397350993377485,37.72,-122.47,3.99
2.5234,37.0,4.101167315175097,0.9299610894941635,879.0,3.4202334630350193,36.58,-119.44,0.635
3.625,18.0,6.469135802469136,1.1419753086419753,469.0,2.8950617283950617,38.37,-122.0,1.25
2.2778,41.0,5.333333333333333,1.1785714285714286,605.0,3.6011904761904763,33.93,-118.29,1.281
3.7316,13.0,5.508701472556894,1.0468540829986612,2903.0,3.8862115127175367,36.85,-121.38,1.924
2.0034,51.0,4.904605263157895,1.1332236842105263,1831.0,3.0115131578947367,38.03,-121.9,0.877
4.4655,7.0,6.1487964989059085,1.0153172866520788,1564.0,3.422319474835886,33.15,-117.12,1.828
5.0285,9.0,6.1737891737891735,1.0541310541310542,1290.0,3.675213675213675,38.04,-121.36,1.482
4.7941,37.0,6.166666666666667,0.9270833333333334,529.0,2.7552083333333335,32.78,-117.05,1.617
5.6263,39.0,5.689280868385346,1.033921302578019,1833.0,2.4871099050203527,37.97,-122.54,3.521
4.15,11.0,5.500932835820896,1.0615671641791045,2728.0,2.544776119402985,35.62,-117.66,0.857
2.3715,18.0,3.421338155515371,1.027124773960217,974.0,1.7613019891500905,37.29,-121.87,2.28
3.4187,37.0,4.453172205438066,1.0362537764350452,782.0,2.3625377643504533,37.98,-122.02,1.617
2.0643,37.0,3.7511210762331837,0.9955156950672646,1477.0,3.311659192825112,34.42,-119.67,2.467
4.8125,31.0,4.684331797235023,1.0956221198156681,1532.0,1.7649769585253456,34.04,-118.49,5.00001
5.7862,11.0,6.758558558558558,1.018018018018018,1949.0,3.511711711711712,38.01,-122.24,2.694
2.8214,8.0,4.443228454172367,1.158686730506156,2608.0,3.567715458276334,34.27,-118.38,1.583
2.8884,6.0,3.9479905437352247,1.1170212765957446,2315.0,2.7364066193853427,34.15,-118.26,2.523
1.2841,43.0,4.644230769230769,1.2259615384615385,857.0,4.1201923076923075,32.71,-117.14,0.72
3.4167,31.0,7.023255813953488,1.1317829457364341,383.0,2.9689922480620154,37.67,-121.06,1.969
3.244,7.0,6.220820189274448,1.110410094637224,964.0,3.0410094637223977,33.6,-117.02,3.372
1.9704,35.0,3.504012841091493,1.0208667736757624,3504.0,5.624398073836276,34.2,-119.16,1.603
3.9036,37.0,4.968023255813954,0.9680232558139535,778.0,2.261627906976744,33.95,-118.13,3.266
4.6452,45.0,5.689138576779026,0.9850187265917603,681.0,2.550561797752809,33.79,-118.14,2.125
4.3512,24.0,4.976100628930817,1.0213836477987421,3196.0,4.020125786163522,33.76,-117.95,1.914
3.6579,48.0,4.557726465364121,1.014209591474245,1421.0,2.523978685612789,34.1,-118.26,3.186
3.4375,26.0,3.910909090909091,1.0227272727272727,3320.0,3.018181818181818,37.69,-122.46,2.777
2.1071,18.0,4.641935483870967,1.0290322580645161,699.0,2.2548387096774194,34.12,-117.23,0.735
2.767,42.0,4.7356020942408374,1.1099476439790577,1094.0,2.863874345549738,34.04,-118.37,1.43
2.319,41.0,5.366265060240964,1.1132530120481927,1129.0,2.720481927710843,36.78,-119.79,0.591
1.3824,46.0,2.664188351920694,1.0123915737298637,2075.0,2.5712515489467163,37.76,-122.42,2.125
3.6354,7.0,6.307152875175316,1.1654978962131837,2248.0,3.152875175315568,33.66,-116.31,0.98
2.8974,26.0,3.9512670565302144,1.0896686159844056,1545.0,3.0116959064327484,34.2,-118.48,1.899
3.6875,14.0,6.639175257731959,1.134020618556701,997.0,3.4261168384879723,36.3,-119.38,0.932
2.2697,52.0,4.368421052631579,1.0,731.0,3.206140350877193,37.8,-122.24,1.27
3.0147,37.0,3.9582089552238804,1.0,1771.0,5.286567164179105,37.48,-122.21,2.181
2.8102,17.0,5.560581583198708,1.1389337641357027,1693.0,2.7350565428109856,39.31,-121.13,1.289
1.8849,27.0,4.935643564356436,1.051155115511551,1419.0,2.3415841584158414,39.15,-121.63,0.735
2.3664,20.0,3.685121107266436,1.1314878892733564,1870.0,3.235294117647059,34.07,-118.13,1.922
1.2668,27.0,2.7605321507760534,1.0443458980044347,653.0,1.4478935698447895,32.72,-117.16,2.25
4.5938,20.0,5.136792452830188,0.9811320754716981,531.0,2.5047169811320753,36.74,-119.5,1.069
3.0625,25.0,5.1035598705501615,1.0032362459546926,844.0,2.7313915857605178,35.41,-119.04,0.694
3.3003,13.0,3.70873786407767,1.0449029126213591,1600.0,1.941747572815534,33.78,-118.15,2.078
2.4956,11.0,4.960328317373461,1.0656634746922025,1819.0,2.488372093023256,36.75,-119.7,0.875
1.9829,34.0,4.4407484407484406,1.0353430353430353,2916.0,3.0311850311850312,37.5,-120.86,0.828
0.8668,52.0,2.4431818181818183,0.9886363636363636,904.0,10.272727272727273,37.8,-122.28,1.375
1.6725,47.0,2.063858695652174,1.0414402173913044,4225.0,2.870244565217391,34.06,-118.31,1.875
3.625,25.0,5.887788778877888,1.0297029702970297,904.0,2.9834983498349836,36.63,-119.43,1.076
10.5815,11.0,8.465671641791046,1.1134328358208956,959.0,2.8626865671641792,37.83,-121.94,5.00001
7.8336,25.0,8.055016181229773,1.0161812297734627,911.0,2.9482200647249193,32.79,-117.07,2.776
4.2218,37.0,5.351585014409222,1.0201729106628241,1956.0,2.8184438040345823,33.85,-118.17,2.005
4.3176,52.0,6.251417769376181,1.0453686200378072,1269.0,2.398865784499055,33.97,-117.39,1.362
4.2788,52.0,4.614457831325301,1.0240963855421688,483.0,1.9397590361445782,37.88,-122.26,3.325
7.1924,52.0,5.715942028985507,0.9478260869565217,755.0,2.1884057971014492,37.91,-122.56,5.00001
2.1793,22.0,4.762331838565022,1.0089686098654709,1122.0,2.515695067264574,39.67,-123.5,0.715
5.0227,9.0,6.269565217391304,0.9521739130434783,633.0,2.752173913043478,34.05,-117.15,1.623
4.4792,11.0,8.047619047619047,1.2108843537414966,543.0,3.693877551020408,33.68,-116.95,1.739
2.8942,45.0,4.45609756097561,0.9951219512195122,1507.0,3.675609756097561,36.67,-121.62,1.29
4.0585,29.0,6.530275229357798,1.0128440366972478,1533.0,2.8128440366972476,33.16,-117.33,2.455
6.1737,25.0,7.889502762430939,1.0718232044198894,1212.0,3.3480662983425415,33.85,-118.05,3.131
2.625,42.0,4.7882037533512065,0.9597855227882037,1318.0,3.5335120643431637,33.91,-118.27,1.011
1.5625,38.0,5.097510373443983,1.2946058091286308,1516.0,3.145228215767635,37.75,-122.16,0.917
3.2929,27.0,5.068711656441717,1.0871165644171779,2002.0,2.456441717791411,36.71,-121.66,1.575
3.2373,32.0,4.340096618357488,1.038647342995169,4119.0,3.979710144927536,34.07,-118.05,1.831
2.6719,52.0,4.691075514874142,1.0045766590389016,1109.0,2.537757437070938,37.78,-122.49,3.185
3.3558,29.0,3.9864864864864864,0.9432432432432433,965.0,2.608108108108108,33.92,-118.34,1.996
3.6053,35.0,4.510135135135135,1.0,635.0,2.14527027027027,37.3,-121.92,3.458
4.0298,5.0,4.531128404669261,1.0544747081712063,1213.0,2.359922178988327,32.64,-117.04,2.256
4.4491,19.0,6.369668246445498,1.1113744075829384,1216.0,2.881516587677725,38.01,-121.78,1.339
2.9286,22.0,2.8142857142857145,0.7714285714285715,331.0,4.728571428571429,33.69,-116.15,1.125
1.3092,5.0,3.295663600525624,1.0867279894875164,2066.0,2.7148488830486204,32.71,-117.16,3.25
3.2596,42.0,4.0117096018735365,0.9742388758782201,1349.0,3.159250585480094,34.17,-118.37,1.918
5.3226,18.0,5.567741935483871,0.8903225806451613,1186.0,3.825806451612903,37.6,-122.06,2.317
4.4934,34.0,5.060948081264108,0.9841986455981941,1483.0,3.3476297968397293,33.89,-118.1,1.856
4.8233,8.0,6.061361457334612,0.959731543624161,2969.0,2.8465963566634707,38.37,-122.69,2.14
5.4188,10.0,6.266187050359712,1.0467625899280575,1469.0,2.6420863309352516,33.48,-117.65,4.022
5.6485,26.0,7.629787234042553,1.0382978723404255,653.0,2.7787234042553193,38.57,-121.36,1.295
3.625,20.0,3.5945945945945947,0.9459459459459459,87.0,2.3513513513513513,40.22,-123.43,0.675
6.0666,30.0,6.446064139941691,1.0087463556851313,844.0,2.4606413994169096,37.84,-122.2,3.115
4.0667,35.0,5.10913140311804,0.9153674832962138,1054.0,2.3474387527839644,37.33,-121.96,2.769
5.5787,42.0,6.306451612903226,1.0806451612903225,602.0,3.236559139784946,33.93,-118.31,1.42
3.6597,10.0,5.412935323383085,1.0099502487562189,533.0,2.6517412935323383,32.81,-115.58,0.875
2.9973,19.0,4.914330218068536,0.8909657320872274,2482.0,3.866043613707165,34.07,-117.46,1.134
4.7583,35.0,6.609427609427609,1.0437710437710437,919.0,3.0942760942760943,34.23,-118.48,2.586
4.072,24.0,4.781065088757397,0.9881656804733728,1367.0,2.6962524654832345,37.38,-122.05,3.642
3.1576,45.0,3.963924963924964,1.0086580086580086,1320.0,1.9047619047619047,37.78,-122.45,3.333
7.3658,14.0,7.010324483775811,1.0044247787610618,2138.0,3.1533923303834808,33.88,-117.85,2.885
15.0001,26.0,12.5,1.25,17.0,4.25,37.13,-121.96,4.0
2.95,35.0,4.370535714285714,1.0803571428571428,1146.0,2.5580357142857144,37.68,-122.12,1.489
3.2279,43.0,5.662790697674419,1.1007751937984496,800.0,3.10077519379845,37.37,-121.83,1.824
4.5644,26.0,4.47887323943662,1.0774647887323943,562.0,1.9788732394366197,37.38,-122.07,2.802
6.5784,38.0,6.327402135231317,1.0249110320284698,870.0,3.096085409252669,34.12,-118.02,4.085
3.8631,17.0,3.6359223300970873,1.1407766990291262,1382.0,2.236245954692557,33.82,-117.88,2.25
2.9688,43.0,4.44559585492228,1.0414507772020725,1343.0,3.4792746113989637,34.08,-118.08,2.114
4.21,11.0,5.1649122807017545,0.9157894736842105,1012.0,3.550877192982456,33.2,-117.28,1.756
3.2105,28.0,5.91820580474934,1.0527704485488127,1464.0,3.862796833773087,34.08,-117.18,0.903
3.6786,11.0,6.1975903614457835,1.0939759036144578,1402.0,3.378313253012048,36.09,-119.06,0.729
3.0625,12.0,3.7425149700598803,0.9910179640718563,1047.0,3.1347305389221556,33.76,-118.0,2.088
4.3836,18.0,6.057575757575758,1.1272727272727272,2071.0,3.1378787878787877,38.71,-121.31,1.02
2.3281,33.0,3.6312997347480107,1.0822281167108754,1475.0,3.9124668435013263,34.08,-118.18,1.519
4.2969,32.0,5.199346405228758,1.0457516339869282,1818.0,5.9411764705882355,34.29,-118.41,1.458
3.3936,15.0,5.532697547683924,1.1049046321525886,2884.0,3.9291553133514987,34.07,-117.62,1.27
0.9573,19.0,2.951219512195122,1.0,658.0,16.048780487804876,37.64,-121.0,1.625
5.6958,15.0,6.057840616966581,0.9884318766066839,2519.0,3.2377892030848328,37.23,-121.77,2.538
4.8125,28.0,6.066071428571429,1.0660714285714286,1397.0,2.494642857142857,33.68,-117.92,2.446
5.7133,13.0,6.75625,1.0166666666666666,1585.0,3.3020833333333335,38.7,-121.24,1.668
3.7895,29.0,5.323529411764706,1.0661764705882353,1377.0,3.375,37.63,-122.1,1.809
2.3844,13.0,5.333333333333333,1.0207156308851224,1065.0,2.005649717514124,33.22,-117.28,0.986
2.06,40.0,5.28021978021978,1.0934065934065933,509.0,2.7967032967032965,34.15,-117.3,0.855
3.4345,37.0,4.486486486486487,1.0165165165165164,2354.0,3.5345345345345347,33.76,-117.88,2.355
5.3582,35.0,4.8125,0.9375,334.0,3.4791666666666665,34.34,-119.04,2.813
2.9074,16.0,3.492905937992643,1.1024697845507094,4649.0,2.442984760903836,37.55,-121.99,2.138
2.564,32.0,4.18655462184874,1.035294117647059,2660.0,4.470588235294118,34.06,-117.99,1.458
2.0458,18.0,5.047727272727273,1.0431818181818182,952.0,2.1636363636363636,39.78,-121.57,1.057
4.8854,30.0,5.280632411067193,0.9446640316205533,905.0,3.5770750988142295,34.04,-117.93,1.781
1.6641,43.0,4.628440366972477,1.0321100917431192,604.0,2.770642201834862,38.63,-121.43,0.67
4.74,42.0,5.105540897097625,1.0237467018469657,1136.0,2.9973614775725594,33.9,-118.36,2.3
4.4375,22.0,5.4189723320158105,1.2124505928853755,1947.0,1.923913043478261,32.95,-117.26,5.00001
2.0375,48.0,4.944606413994169,1.154518950437318,1481.0,4.317784256559767,37.79,-122.23,1.225
5.7837,23.0,6.607940446650124,1.066997518610422,1499.0,3.7196029776674937,33.79,-118.01,2.58
4.1739,16.0,5.981060606060606,0.9753787878787878,1596.0,3.022727272727273,38.03,-121.35,1.313
7.316,13.0,6.694096601073345,0.9928443649373881,1590.0,2.8443649373881934,37.69,-121.92,2.854
3.2917,10.0,34.57142857142857,7.022321428571429,483.0,2.15625,37.63,-118.99,2.318
1.25,36.0,4.568047337278107,1.0710059171597632,1938.0,3.8224852071005917,33.95,-118.24,0.974
5.0875,26.0,6.07168458781362,0.931899641577061,885.0,3.172043010752688,33.73,-117.97,2.242
3.1326,13.0,6.648414985590778,1.1123919308357348,925.0,2.6657060518731988,37.35,-119.68,1.198
7.0315,42.0,6.836111111111111,1.0527777777777778,1179.0,3.275,34.14,-118.06,4.373
2.5212,21.0,5.897923875432526,1.3350634371395618,3623.0,2.0893886966551327,33.82,-116.52,1.452
6.1922,29.0,6.7465753424657535,1.0,2634.0,2.5772994129158513,37.94,-122.09,2.732
12.1579,14.0,8.40251572327044,1.0534591194968554,1113.0,3.5,34.18,-118.21,5.00001
2.1062,26.0,3.6942148760330578,1.0764462809917354,2582.0,5.3347107438016526,34.26,-118.42,1.364
2.6937,45.0,5.060640732265446,1.1453089244851258,2109.0,2.4130434782608696,38.12,-122.27,1.118
4.7663,38.0,5.566037735849057,1.0150943396226415,827.0,3.120754716981132,33.9,-118.13,1.916
6.3467,44.0,6.994065281899109,1.0148367952522255,891.0,2.6439169139465877,34.18,-118.12,3.527
4.6182,42.0,5.85838779956427,1.1111111111111112,1023.0,2.2287581699346406,36.59,-121.9,3.01
3.5,37.0,4.635036496350365,0.9927007299270073,1092.0,3.9854014598540144,33.98,-118.09,1.607
3.6719,52.0,5.465753424657534,1.0753424657534247,1024.0,3.506849315068493,34.16,-118.13,2.279
7.1069,16.0,7.683636363636364,1.044848484848485,3132.0,3.7963636363636364,33.71,-117.79,3.134
4.45,32.0,5.1561866125760645,1.0669371196754565,1278.0,2.5922920892494927,34.24,-118.28,2.636
3.6583,18.0,5.3292011019283745,1.0647382920110193,2500.0,3.443526170798898,33.92,-117.47,1.261
2.8603,17.0,6.427561837455831,1.3745583038869258,736.0,2.6007067137809186,39.15,-120.87,1.289
1.1295,29.0,3.639344262295082,1.2418032786885247,1391.0,2.8504098360655736,33.77,-118.18,1.375
3.5465,35.0,4.482861400894188,1.0044709388971684,1584.0,2.360655737704918,33.84,-118.13,2.132
1.625,52.0,2.7777777777777777,0.5555555555555556,14.0,1.5555555555555556,32.66,-117.11,1.188
3.5977,23.0,5.439914163090129,1.0515021459227467,1327.0,2.847639484978541,34.1,-117.86,1.806
4.0,30.0,3.6875,0.875,400.0,3.5714285714285716,34.28,-119.16,2.192
3.0179,52.0,4.765217391304348,1.0739130434782609,423.0,1.8391304347826087,34.1,-118.36,5.00001
2.9386,13.0,5.2218390804597705,1.0126436781609196,2298.0,2.6413793103448278,33.24,-117.33,1.434
6.8643,25.0,6.291571753986332,0.9339407744874715,1166.0,2.656036446469248,34.22,-118.64,3.337
1.7365,24.0,2.6298234139960757,1.1164159581425768,3727.0,2.4375408763897974,34.07,-118.29,1.125
3.7857,16.0,5.077504725897921,0.9754253308128544,1553.0,2.935727788279773,38.69,-121.34,1.127
6.5372,52.0,7.166666666666667,1.1124031007751938,695.0,2.693798449612403,37.75,-122.46,3.94
2.0655,37.0,4.684210526315789,1.1345029239766082,1553.0,4.54093567251462,33.96,-118.24,0.934
2.462,28.0,3.599609375,1.08203125,1402.0,2.73828125,34.14,-118.24,2.54
3.75,27.0,4.13768115942029,1.1107660455486543,1901.0,1.9679089026915113,37.77,-122.28,2.428
6.8869,6.0,7.382384532760472,1.0300751879699248,2354.0,2.5284640171858217,38.51,-121.06,2.631
2.2,28.0,3.719360568383659,1.0390763765541742,1556.0,2.763765541740675,33.11,-117.08,1.277
1.9286,35.0,4.480662983425415,1.0856353591160222,1296.0,3.5801104972375692,34.13,-117.31,0.685
4.4583,31.0,5.982222222222222,0.9888888888888889,1129.0,2.508888888888889,32.8,-117.02,1.7
1.9014,24.0,5.024326672458732,1.0912250217202433,1990.0,1.7289313640312771,33.7,-117.19,0.835
2.5556,24.0,4.864904552129222,1.1292217327459617,1631.0,2.395007342143906,38.66,-121.35,1.057
2.3314,29.0,4.879049676025918,1.041036717062635,1099.0,2.373650107991361,38.74,-120.81,1.216
4.375,27.0,5.205741626794258,1.0574162679425838,1440.0,3.444976076555024,33.8,-117.9,2.125
2.6991,50.0,4.809338521400778,1.0972762645914398,1079.0,4.198443579766537,34.4,-119.05,1.813
5.4716,18.0,6.748251748251748,1.1351981351981353,1116.0,2.6013986013986012,33.89,-117.92,4.0
4.119,28.0,5.0756143667296785,1.0982986767485823,1243.0,2.3497164461247637,33.86,-118.37,3.24
6.2924,27.0,6.246520874751491,1.0119284294234592,1520.0,3.021868787276342,33.93,-117.98,2.325
4.575,16.0,4.690987124463519,1.0965665236051503,908.0,1.9484978540772533,33.77,-117.85,2.25
1.9797,22.0,2.8020050125313283,1.0952380952380953,1190.0,2.982456140350877,33.77,-118.2,1.438
8.0257,48.0,7.781045751633987,1.1274509803921569,859.0,2.80718954248366,34.04,-118.49,5.00001
3.0156,27.0,4.882352941176471,0.9592760180995475,1220.0,2.760180995475113,37.93,-122.33,1.115
2.723,20.0,6.496969696969697,1.1954545454545455,1800.0,2.727272727272727,41.48,-122.93,0.796
3.3971,22.0,4.676348547717843,1.1908713692946058,697.0,2.892116182572614,33.9,-118.35,2.203
2.9625,17.0,5.712887438825448,1.068515497553018,1763.0,2.8760195758564437,39.66,-121.66,1.012
6.3131,17.0,5.293948126801153,1.1873198847262247,1364.0,1.9654178674351586,37.33,-122.05,4.364
2.3846,32.0,2.801556420233463,1.034046692607004,3646.0,3.546692607003891,34.08,-118.3,2.583
2.2462,52.0,5.692634560906516,1.1671388101983002,1728.0,2.4475920679886687,41.32,-122.09,0.629
3.7313,13.0,4.696559503666102,1.0428652002256062,4126.0,2.327129159616469,34.21,-118.56,1.898
3.1389,31.0,5.374631268436578,1.1002949852507375,2229.0,3.2876106194690267,38.02,-121.87,1.178
4.5491,34.0,7.397058823529412,1.4558823529411764,275.0,4.044117647058823,34.36,-118.29,3.75
7.8061,2.0,11.110599078341014,1.631336405529954,703.0,3.23963133640553,33.58,-117.65,3.314
3.3438,50.0,5.3428571428571425,0.9428571428571428,130.0,3.7142857142857144,34.27,-118.85,5.00001
3.46,31.0,4.457575757575758,0.9727272727272728,841.0,2.5484848484848484,33.93,-117.96,2.328
3.3906,44.0,4.258928571428571,0.8125,220.0,1.9642857142857142,34.18,-118.39,2.238
1.2455,41.0,4.065217391304348,1.0869565217391304,1805.0,3.567193675889328,33.95,-118.3,1.008
4.8542,36.0,4.365979381443299,0.9536082474226805,713.0,3.6752577319587627,33.92,-118.09,1.674
3.1989,37.0,3.943820224719101,0.9962546816479401,939.0,3.5168539325842696,37.47,-122.2,3.208
3.2564,19.0,4.04102096627165,1.0733819507748406,5005.0,2.281221513217867,34.23,-118.6,2.303
5.0804,22.0,5.596923076923077,1.106153846153846,1329.0,2.0446153846153847,37.38,-122.11,5.00001
3.7431,19.0,6.240208877284595,1.1240208877284594,3043.0,3.9725848563968666,33.93,-117.46,1.328
2.875,20.0,4.767676767676767,1.0378787878787878,826.0,2.085858585858586,38.25,-122.62,1.891
2.9583,23.0,7.121951219512195,1.3658536585365855,92.0,2.2439024390243905,38.9,-122.6,0.917
3.625,37.0,4.060869565217391,1.0043478260869565,587.0,2.5521739130434784,34.19,-118.4,1.813
1.4891,41.0,4.551851851851852,1.1185185185185185,994.0,3.6814814814814816,34.11,-117.32,0.673
3.0348,20.0,5.325475285171103,1.0714828897338402,3107.0,2.3627376425855515,38.63,-121.32,1.505
6.1601,26.0,6.395408163265306,1.0025510204081634,1333.0,3.4005102040816326,33.67,-117.9,2.661
3.4559,47.0,6.148550724637682,1.1521739130434783,775.0,2.8079710144927534,38.69,-121.77,1.231
3.9734,17.0,6.2155844155844155,1.0376623376623377,2066.0,2.6831168831168832,39.01,-121.02,1.854
2.6098,23.0,6.385542168674699,1.0983935742971886,1829.0,3.6726907630522088,36.18,-119.27,0.66
2.9958,37.0,3.857657657657658,0.963963963963964,1093.0,1.9693693693693695,37.69,-122.14,1.784
1.8801,38.0,4.6502732240437155,1.0382513661202186,1191.0,3.2540983606557377,35.37,-119.01,0.578
2.7275,17.0,5.574285714285714,1.0514285714285714,681.0,1.9457142857142857,34.38,-119.55,5.00001
2.1383,31.0,3.3344947735191637,1.0278745644599303,1300.0,4.529616724738676,34.06,-118.04,1.534
5.8127,34.0,5.424,0.9573333333333334,1016.0,2.7093333333333334,37.31,-121.98,2.883
2.0817,41.0,2.2724137931034485,1.0034482758620689,1224.0,4.220689655172414,34.04,-118.29,1.325
4.2898,40.0,5.224867724867725,1.029100529100529,1116.0,2.9523809523809526,34.09,-118.06,2.516
4.325,52.0,5.569131832797428,0.9807073954983923,875.0,2.8135048231511255,34.17,-118.29,2.926
3.6016,21.0,5.387755102040816,1.0770975056689343,1175.0,2.6643990929705215,37.74,-121.13,1.346
4.2656,52.0,4.841463414634147,1.0630081300813008,1096.0,2.227642276422764,37.35,-121.95,2.361
1.6667,50.0,4.711678832116788,1.010948905109489,864.0,3.153284671532847,32.79,-115.57,0.681
3.1972,20.0,3.5460122699386503,1.1196319018404908,583.0,1.7883435582822085,37.75,-122.28,1.0
3.5,10.0,5.929955290611028,1.1341281669150522,1834.0,2.7332339791356186,35.55,-120.7,1.721
2.6,19.0,4.043557168784029,1.014519056261343,2845.0,5.163339382940109,37.33,-121.85,1.728
2.1265,32.0,4.436314363143631,1.1111111111111112,2050.0,2.7777777777777777,37.98,-121.26,0.557
4.3269,34.0,5.5344827586206895,1.0531609195402298,1661.0,2.3864942528735633,36.59,-121.84,2.213
5.2016,27.0,5.577464788732394,1.028169014084507,1346.0,2.7082494969818915,34.19,-118.65,2.43
5.1771,17.0,6.495180722891567,1.0674698795180724,2732.0,3.291566265060241,33.18,-117.03,2.128
3.6991,19.0,3.746450304259635,1.050709939148073,2496.0,2.5314401622718052,37.34,-122.04,2.715
3.3194,21.0,6.878048780487805,1.1170731707317074,590.0,2.8780487804878048,37.32,-120.55,1.414
7.7197,26.0,6.0,1.0,19.0,2.375,38.0,-122.49,4.0
3.1538,43.0,3.506726457399103,0.9282511210762332,827.0,3.708520179372197,34.01,-118.13,1.543
4.1875,15.0,6.535471331389699,1.0796890184645287,3139.0,3.0505344995140913,35.41,-120.65,2.616
3.5109,29.0,4.6923076923076925,1.085164835164835,2223.0,3.0535714285714284,34.09,-117.88,1.86
2.087,21.0,3.622516556291391,1.0838852097130243,1526.0,3.368653421633554,34.02,-118.29,1.413
3.6719,46.0,4.296774193548387,1.0612903225806452,746.0,2.4064516129032256,34.43,-119.72,3.574
1.3096,31.0,3.994041708043694,1.1996027805362464,3707.0,3.6812313803376364,33.96,-118.29,1.163
2.8793,36.0,4.941558441558442,1.08008658008658,1836.0,3.9740259740259742,33.91,-118.2,1.181
1.9052,38.0,4.203773584905661,1.0773584905660378,1697.0,3.20188679245283,34.0,-117.41,0.834
6.3702,23.0,6.440263405456256,1.0141110065851364,2951.0,2.7761053621825025,37.31,-122.01,3.32
3.4186,6.0,5.66256157635468,1.0270935960591132,2561.0,3.1539408866995076,38.53,-121.99,1.273
6.9308,18.0,6.704761904761905,1.0793650793650793,1048.0,3.326984126984127,33.88,-117.83,2.317
2.9531,34.0,4.316239316239316,0.8803418803418803,678.0,2.8974358974358974,37.87,-121.27,1.04
2.6071,10.0,11.632978723404255,2.63031914893617,1020.0,2.7127659574468086,34.23,-116.76,0.89
2.9583,47.0,5.284246575342466,1.0513698630136987,859.0,2.941780821917808,37.79,-122.21,1.388
8.944,30.0,7.170454545454546,1.0875,1776.0,2.018181818181818,34.1,-118.39,5.00001
1.3373,18.0,2.745920745920746,1.020979020979021,1377.0,3.2097902097902096,32.79,-115.56,0.583
3.016,31.0,4.45945945945946,1.0675675675675675,2181.0,2.9472972972972973,37.65,-122.07,1.618
1.1471,14.0,6.44131455399061,1.812206572769953,436.0,2.0469483568075115,36.0,-116.22,0.329
4.4712,52.0,4.490909090909091,1.0303030303030303,277.0,1.6787878787878787,37.8,-122.42,5.00001
5.1814,46.0,5.68135593220339,1.0915254237288134,846.0,2.8677966101694916,34.19,-118.36,2.095
3.6106,27.0,4.469262295081967,1.026639344262295,1555.0,3.1864754098360657,33.91,-117.91,1.964
2.25,50.0,4.20722891566265,1.1566265060240963,1149.0,2.7686746987951807,37.8,-122.23,1.235
5.3168,18.0,6.638888888888889,1.0833333333333333,92.0,2.5555555555555554,37.53,-120.88,1.75
3.8542,15.0,5.725806451612903,1.0,1296.0,2.986175115207373,37.66,-120.96,1.452
2.0044,30.0,2.2844932844932844,0.9352869352869353,2595.0,3.1684981684981683,34.09,-118.32,2.125
3.017,19.0,8.096666666666666,1.53,883.0,2.9433333333333334,38.86,-120.02,0.976
3.9375,28.0,5.303225806451613,1.0903225806451613,1081.0,2.324731182795699,33.64,-117.9,3.398
3.4115,16.0,5.408719346049046,1.050408719346049,1202.0,1.6376021798365124,33.62,-117.64,1.848
4.4659,32.0,5.321621621621621,1.072972972972973,1349.0,3.645945945945946,33.89,-118.27,1.381
5.615,27.0,6.678373382624769,1.0086260012322859,4406.0,2.7147258163894024,38.08,-122.58,2.856
4.5,50.0,5.569620253164557,1.0791139240506329,741.0,2.3449367088607596,38.01,-122.14,1.783
2.48,20.0,4.6453900709219855,1.0780141843971631,1538.0,2.181560283687943,37.69,-121.01,1.356
3.5606,30.0,4.851694915254237,1.1080508474576272,1272.0,2.694915254237288,32.84,-117.18,1.651
0.536,52.0,5.0,1.0,13.0,2.6,32.75,-117.19,1.625
10.5142,23.0,7.683431952662722,0.9911242603550295,922.0,2.727810650887574,37.34,-122.08,5.00001
5.0862,2.0,9.080459770114942,1.5517241379310345,235.0,2.7011494252873565,38.43,-121.85,1.665
6.2427,11.0,6.161016949152542,1.0466101694915255,635.0,2.690677966101695,33.88,-117.97,2.185
7.7382,38.0,5.482293423271501,1.1062394603709949,1251.0,2.109612141652614,34.07,-118.43,5.00001
2.3062,16.0,5.2631578947368425,1.0368421052631578,508.0,2.6736842105263157,39.09,-121.11,1.388
3.9871,26.0,6.387218045112782,1.0225563909774436,799.0,3.0037593984962405,34.87,-120.43,1.577
1.1346,17.0,1.8680738786279683,1.02726473175022,3915.0,3.4432717678100264,34.06,-118.27,1.375
8.4375,47.0,8.03448275862069,1.4396551724137931,295.0,2.543103448275862,37.42,-122.19,5.00001
1.9906,29.0,8.970967741935484,1.9903225806451612,890.0,2.870967741935484,38.88,-122.72,0.966
2.6583,52.0,4.310204081632653,0.9142857142857143,792.0,3.23265306122449,37.78,-122.21,1.426
4.9042,52.0,6.356223175965665,1.0042918454935623,1364.0,2.927038626609442,34.19,-118.3,3.435
8.4443,17.0,7.465483234714004,0.9743589743589743,1527.0,3.0118343195266273,34.15,-118.84,3.585
2.7885,46.0,5.103092783505154,0.9553264604810997,531.0,1.824742268041237,38.55,-121.51,1.372
2.475,16.0,3.466666666666667,1.0666666666666667,51.0,3.4,34.35,-119.32,2.25
13.6623,15.0,8.329411764705883,1.0658823529411765,1364.0,3.2094117647058824,33.02,-117.18,5.00001
4.3039,29.0,4.5987012987012985,1.0207792207792208,2259.0,2.933766233766234,37.66,-122.43,2.784
6.1986,17.0,6.778225806451613,1.0221774193548387,1520.0,3.064516129032258,34.04,-117.24,2.145
4.1189,42.0,5.83989501312336,0.963254593175853,864.0,2.267716535433071,38.01,-122.12,1.724
2.5643,37.0,4.763975155279503,0.9782608695652174,1147.0,3.562111801242236,38.62,-121.45,0.598
2.0357,34.0,4.906103286384977,1.1220657276995305,896.0,2.103286384976526,36.64,-118.05,0.742
2.4191,3.0,6.274193548387097,1.6451612903225807,422.0,2.2688172043010755,37.99,-120.35,2.175
1.2171,33.0,5.084033613445378,1.2100840336134453,850.0,3.5714285714285716,34.11,-117.26,0.593
3.8529,17.0,4.9169675090252705,1.023465703971119,2213.0,3.9945848375451263,32.58,-117.06,1.477
3.7262,52.0,5.631578947368421,1.0157894736842106,555.0,2.9210526315789473,37.78,-122.19,1.669
3.4899,14.0,4.29778933680104,1.093628088426528,2272.0,2.954486345903771,33.68,-117.99,2.167
7.419,41.0,6.725165562913907,0.9735099337748344,859.0,2.8443708609271523,34.2,-118.19,4.837
3.6154,5.0,4.193548387096774,0.9919354838709677,1037.0,2.7876344086021505,38.02,-121.9,1.818
2.7266,28.0,6.131914893617021,1.2567375886524823,1650.0,2.3404255319148937,35.36,-120.83,2.668
5.5843,31.0,5.203240058910162,1.0736377025036818,1647.0,2.425625920471281,33.85,-118.38,3.846
1.9267,18.0,4.7309090909090905,1.0018181818181817,1042.0,1.8945454545454545,32.6,-117.07,0.675
2.7237,20.0,3.6715686274509802,1.1151960784313726,4826.0,2.957107843137255,34.19,-118.46,2.335
5.2034,29.0,5.645491803278689,1.040983606557377,2046.0,4.192622950819672,33.81,-118.28,2.124
1.84,45.0,3.9836065573770494,1.0585480093676816,1484.0,3.4754098360655736,33.99,-118.3,0.914
2.3917,15.0,5.010060362173038,1.0603621730382293,1229.0,2.4728370221327967,39.52,-121.36,0.857
9.7956,27.0,7.988188976377953,0.952755905511811,711.0,2.7992125984251968,33.9,-117.94,5.00001
3.0781,7.0,5.4875,1.05,246.0,3.075,39.09,-121.0,1.625
1.858,23.0,3.9012048192771083,1.0771084337349397,1025.0,2.4698795180722892,32.64,-117.11,0.675
9.267,33.0,7.741602067183463,1.028423772609819,1048.0,2.708010335917313,33.75,-118.32,5.00001
2.4595,36.0,4.343692870201097,0.9890310786106032,1505.0,2.7513711151736744,34.45,-119.28,1.976
1.8008,48.0,3.8636363636363638,1.3636363636363635,545.0,4.128787878787879,32.7,-117.14,0.865
13.1477,11.0,7.822064056939502,0.896797153024911,883.0,3.1423487544483986,33.51,-117.71,4.87
1.8208,26.0,4.738430583501006,1.06841046277666,1047.0,2.106639839034205,39.13,-121.63,0.795
1.9637,49.0,3.7374701670644392,1.1789976133651552,643.0,1.5346062052505967,32.75,-117.16,1.375
5.0739,16.0,5.124137931034483,0.9839080459770115,3038.0,3.4919540229885055,37.54,-122.03,2.08
5.1491,33.0,6.228843861740167,0.9928486293206198,2221.0,2.6471990464839092,32.81,-117.19,2.07
5.8461,34.0,6.323529411764706,0.9950980392156863,664.0,3.2549019607843137,33.81,-117.94,2.274
4.6019,36.0,5.235732009925559,1.032258064516129,1128.0,2.7990074441687347,33.85,-118.13,2.084
3.7292,52.0,4.566724436741768,1.0173310225303294,1302.0,2.2564991334488735,37.78,-122.47,4.167
3.9929,14.0,4.571047957371226,1.0497335701598578,3171.0,2.8161634103019537,33.73,-117.92,2.258
4.7298,30.0,5.941935483870968,1.118279569892473,1143.0,2.458064516129032,34.13,-118.15,5.00001
1.0658,46.0,3.076923076923077,1.1846153846153846,180.0,2.769230769230769,32.69,-117.12,0.938
2.8021,14.0,6.239175257731959,1.1463917525773195,1349.0,2.781443298969072,34.43,-117.11,1.112
5.1435,22.0,6.855882352941176,1.0558823529411765,1086.0,3.1941176470588237,37.99,-121.81,1.508
5.3184,36.0,6.079787234042553,1.0265957446808511,826.0,4.3936170212765955,33.9,-118.03,1.711
3.4583,34.0,5.50187265917603,1.0,1031.0,3.8614232209737827,32.69,-117.09,1.127
2.8347,34.0,5.835365853658536,1.1097560975609757,1564.0,4.7682926829268295,34.04,-117.76,1.158
7.2812,34.0,7.135652173913043,1.031304347826087,3141.0,2.7313043478260868,34.22,-118.27,4.622
5.8322,14.0,5.689848963821566,1.0512820512820513,8117.0,2.8510713031260977,37.57,-122.01,2.818
1.933,30.0,4.295,0.9875,914.0,2.285,37.66,-120.99,1.07
5.3961,52.0,6.6871165644171775,1.0,856.0,2.625766871165644,37.74,-122.46,4.169
2.2527,18.0,4.528712871287128,1.0574257425742575,1339.0,2.6514851485148516,36.95,-120.05,0.652
3.3269,52.0,4.61003861003861,1.079150579150579,1121.0,2.164092664092664,37.77,-122.27,2.345
3.4327,52.0,5.126760563380282,1.1338028169014085,313.0,2.204225352112676,36.62,-121.92,2.545
2.1782,29.0,5.3261455525606465,1.196765498652291,1254.0,3.3800539083557952,33.88,-118.21,1.268
3.8185,27.0,5.326359832635983,0.9400278940027894,2447.0,3.4128312412831243,33.14,-117.06,1.372
3.8582,15.0,4.7941653160453805,1.1183144246353323,1348.0,2.184764991896272,34.61,-120.2,2.152
2.9583,50.0,5.380281690140845,1.1173708920187793,579.0,2.7183098591549295,33.98,-118.06,1.726
3.9531,17.0,5.505434782608695,1.0054347826086956,1297.0,2.3496376811594204,32.95,-117.05,1.786
3.0377,47.0,4.590415913200723,1.1491862567811935,3348.0,3.027124773960217,34.1,-118.21,1.868
3.6648,34.0,4.297539149888143,0.9440715883668904,1230.0,2.751677852348993,34.06,-117.94,1.939
3.4598,11.0,5.588410104011887,1.0029717682020802,2374.0,3.527488855869242,37.0,-120.09,0.746
1.123,33.0,3.7364066193853427,1.1040189125295508,3530.0,4.1725768321513,36.75,-119.79,0.467
5.956,41.0,6.851063829787234,1.0797872340425532,794.0,2.1117021276595747,37.83,-122.24,3.661
2.5703,45.0,4.874251497005988,1.0538922155688624,754.0,2.2574850299401197,35.42,-119.03,0.624
1.9286,26.0,4.212643678160919,1.071264367816092,2775.0,3.189655172413793,34.29,-119.3,1.605
3.5125,20.0,3.6740947075208914,1.1894150417827298,1352.0,1.883008356545961,37.59,-122.36,3.506
2.7909,26.0,5.62993762993763,1.0862785862785862,4531.0,4.70997920997921,37.81,-122.37,2.5
4.2167,52.0,5.742690058479532,1.152046783625731,653.0,3.818713450292398,37.72,-122.45,2.319
1.8315,28.0,4.510204081632653,1.0790816326530612,1066.0,2.7193877551020407,37.67,-120.99,0.905
2.2937,42.0,1.9865470852017937,1.0,582.0,2.609865470852018,34.05,-118.31,3.5
5.197,36.0,5.890173410404624,0.9913294797687862,1066.0,3.0809248554913293,33.86,-117.95,1.957
3.1028,17.0,5.137254901960785,1.0924369747899159,1253.0,3.5098039215686274,34.08,-117.48,1.064
6.4962,25.0,7.853125,1.0625,900.0,2.8125,34.03,-117.19,1.824
4.2407,40.0,5.6943620178041545,1.032640949554896,1851.0,2.7462908011869436,34.16,-117.99,2.62
2.006,37.0,3.769230769230769,1.023076923076923,1579.0,4.0487179487179485,34.04,-118.3,1.5
3.4821,9.0,5.363537710255019,1.0151926207270754,5372.0,2.9148128052088986,37.52,-120.86,1.271
4.7279,30.0,6.255376344086022,1.1263440860215055,1114.0,2.9946236559139785,37.24,-121.91,2.72
3.1648,39.0,5.089928057553957,1.0719424460431655,729.0,2.6223021582733814,33.8,-118.32,2.448
5.4103,33.0,5.275747508305648,0.9601328903654485,683.0,2.2691029900332227,32.81,-117.24,3.324
12.3767,27.0,7.737037037037037,1.1222222222222222,654.0,2.422222222222222,34.12,-118.42,5.00001
7.6775,21.0,7.526315789473684,0.9959514170040485,2982.0,3.0182186234817814,34.24,-119.06,3.912
6.3369,4.0,4.863731656184487,0.8490566037735849,1408.0,2.951781970649895,33.47,-117.63,2.56
5.2128,49.0,5.781021897810219,0.9927007299270073,331.0,2.4160583941605838,36.97,-122.04,2.386
3.6806,29.0,4.709821428571429,1.0267857142857142,1890.0,4.21875,34.13,-117.98,1.305
3.3846,45.0,4.511254019292605,1.0128617363344052,1111.0,3.572347266881029,33.94,-118.19,1.681
3.4327,35.0,5.883333333333334,1.038888888888889,1108.0,3.077777777777778,34.69,-118.14,1.003
2.0857,22.0,5.125461254612546,1.070110701107011,1185.0,4.372693726937269,36.44,-119.48,0.492
3.0352,27.0,4.9650092081031305,1.14548802946593,1322.0,2.434622467771639,34.64,-120.45,1.354
7.875,30.0,7.550925925925926,0.9814814814814815,523.0,2.4212962962962963,33.89,-117.91,3.519
2.3886,16.0,5.254716981132075,1.1622641509433962,1387.0,2.616981132075472,39.37,-121.24,0.894
15.0001,48.0,9.72983870967742,1.0524193548387097,770.0,3.1048387096774195,34.08,-118.42,5.00001
1.5909,24.0,7.329787234042553,1.446808510638298,532.0,2.8297872340425534,33.09,-116.66,2.219
3.4063,33.0,3.756,1.136,1309.0,5.236,33.94,-118.36,1.523
3.1667,17.0,4.886904761904762,1.0476190476190477,436.0,2.5952380952380953,33.18,-117.29,1.606
2.3,52.0,3.5942028985507246,1.2463768115942029,173.0,2.5072463768115942,38.1,-122.25,1.094
2.3974,48.0,3.201145311381532,1.1302791696492485,2796.0,2.0014316392269147,34.11,-118.32,4.107
2.7404,15.0,5.952830188679245,1.0636792452830188,1207.0,2.8466981132075473,36.79,-119.69,0.763
2.3562,28.0,4.174545454545455,1.0963636363636364,1277.0,2.321818181818182,32.65,-117.08,1.238
3.1111,36.0,5.213903743315508,0.9759358288770054,1125.0,3.0080213903743314,33.91,-118.25,1.193
5.0187,29.0,5.07488986784141,0.8788546255506607,1377.0,3.0330396475770924,37.92,-122.32,1.406
4.21,45.0,5.089171974522293,1.0360934182590233,1569.0,3.3312101910828025,34.12,-118.18,1.679
3.168,17.0,4.165820642978003,1.0549915397631133,3080.0,2.6057529610829104,37.55,-121.97,1.894
3.6364,42.0,5.087533156498674,1.030503978779841,2118.0,2.8090185676392574,34.07,-118.16,2.546
1.7188,17.0,3.485981308411215,0.9953271028037384,1595.0,3.7266355140186915,32.8,-115.57,0.699
4.569,40.0,6.064171122994653,0.983957219251337,452.0,2.4171122994652405,34.16,-118.43,3.339
2.0694,31.0,6.090909090909091,0.9636363636363636,154.0,2.8,38.09,-121.3,1.75
4.9359,15.0,6.525316455696203,1.0348101265822784,781.0,2.471518987341772,35.3,-120.84,3.177
1.3462,33.0,4.563559322033898,1.1483050847457628,753.0,3.190677966101695,38.63,-121.44,0.559
4.5333,21.0,4.95970695970696,1.0586080586080586,639.0,2.340659340659341,37.25,-121.93,2.342
2.1635,36.0,5.032128514056225,1.0401606425702812,932.0,3.7429718875502007,35.5,-119.18,1.104
2.5677,16.0,4.326133909287257,1.1511879049676026,5110.0,3.6789056875449964,34.07,-117.62,1.289
3.0877,27.0,3.596100278551532,1.001392757660167,2038.0,2.838440111420613,34.18,-118.46,1.742
2.4632,41.0,5.309352517985611,1.0287769784172662,1086.0,3.906474820143885,33.89,-118.25,1.117
6.6603,9.0,6.206642066420664,1.0738007380073802,1015.0,3.745387453874539,33.82,-117.86,2.309
4.2743,28.0,6.077338129496403,0.9928057553956835,1543.0,2.7751798561151078,38.68,-121.34,1.24
3.3802,17.0,5.756559766763848,1.0451895043731778,1683.0,2.4533527696793005,38.86,-121.12,2.165
5.98,22.0,6.586469534050179,0.9901433691756273,6693.0,2.9986559139784945,37.66,-121.79,2.45
0.536,16.0,2.111111111111111,2.111111111111111,166.0,18.444444444444443,37.67,-121.04,1.625
6.1076,26.0,6.134907251264756,0.93929173693086,1993.0,3.360876897133221,33.98,-117.84,2.212
3.2305,35.0,5.2272727272727275,0.9393939393939394,730.0,2.765151515151515,34.08,-117.34,0.937
2.5743,15.0,5.64935064935065,1.0357142857142858,1332.0,4.324675324675325,36.35,-119.29,0.602
3.3906,52.0,7.385416666666667,1.7777777777777777,733.0,2.545138888888889,33.33,-118.32,3.0
3.7958,17.0,5.777158774373259,1.064066852367688,1035.0,2.883008356545961,34.75,-120.18,4.0
3.84,42.0,4.315270935960591,1.064039408866995,713.0,3.5123152709359604,37.7,-122.46,2.359
2.935,52.0,4.474820143884892,1.1270983213429258,1211.0,2.904076738609113,34.09,-118.25,1.894
5.2129,34.0,5.937190082644628,1.018181818181818,2138.0,3.533884297520661,33.79,-117.93,1.934
5.1701,37.0,5.598870056497175,1.0169491525423728,463.0,2.615819209039548,37.54,-122.28,2.942
4.625,25.0,6.554716981132075,1.0188679245283019,840.0,3.169811320754717,33.89,-117.83,2.457
4.6705,19.0,6.3896103896103895,1.1363636363636365,852.0,2.7662337662337664,38.43,-122.91,2.698
2.5682,36.0,5.44,1.0555555555555556,1268.0,2.8177777777777777,32.71,-117.07,1.091
5.4622,17.0,6.417910447761194,1.0776119402985074,1194.0,3.564179104477612,33.6,-117.69,2.27
4.25,43.0,6.0814814814814815,1.1037037037037036,370.0,2.740740740740741,37.37,-121.83,2.091
6.9794,15.0,8.593607305936073,1.0639269406392695,704.0,3.2146118721461185,32.95,-117.26,5.00001
5.1423,36.0,4.845323741007194,1.0,748.0,2.6906474820143886,33.9,-118.11,1.831
2.625,19.0,4.870307167235495,1.0614334470989761,1026.0,3.5017064846416384,36.3,-119.2,0.57
3.9722,52.0,4.71608040201005,1.0728643216080402,712.0,1.7889447236180904,37.76,-122.39,2.909
3.5982,15.0,4.462562396006655,0.9966722129783694,1520.0,2.529118136439268,38.01,-121.35,0.944
3.3472,37.0,6.625,1.015625,266.0,4.15625,36.87,-121.77,2.938
4.4,52.0,5.967667436489608,1.1339491916859123,1087.0,2.510392609699769,37.34,-121.92,3.913
5.806,25.0,5.4858934169279,1.0689655172413792,999.0,3.1316614420062696,37.4,-122.08,3.087
4.7222,36.0,5.712,1.072,825.0,3.3,33.84,-118.3,2.396
7.5695,16.0,7.992990654205608,0.9976635514018691,1341.0,3.133177570093458,37.93,-121.94,3.204
5.6493,40.0,6.74438202247191,1.0758426966292134,894.0,2.5112359550561796,37.59,-122.41,4.224
0.8246,18.0,4.65,0.9833333333333333,188.0,3.1333333333333333,34.55,-117.32,0.917
3.2895,26.0,4.069135802469136,0.9333333333333333,954.0,2.3555555555555556,34.41,-119.72,3.35
10.0263,52.0,9.625,1.75,37.0,2.3125,35.42,-119.11,2.0
4.1292,28.0,3.9095238095238094,1.0333333333333334,1575.0,3.75,33.82,-118.27,2.019
7.1736,12.0,6.289002557544757,0.9974424552429667,1054.0,2.6956521739130435,33.55,-117.7,2.621
3.7031,27.0,5.6474530831099194,1.0053619302949062,2142.0,2.871313672922252,37.81,-120.9,1.733
3.2308,26.0,4.8159090909090905,1.009090909090909,1202.0,2.731818181818182,32.81,-117.13,1.665
2.6658,29.0,4.961605584642234,1.0523560209424083,1517.0,2.6474694589877834,34.58,-118.1,1.069
5.0514,48.0,5.971677559912854,0.9564270152505446,1115.0,2.429193899782135,33.99,-118.35,2.691
1.5479,31.0,4.14785373608903,1.0254372019077902,1796.0,2.8553259141494434,37.06,-120.85,0.82
2.6161,30.0,6.833333333333333,1.597938144329897,1387.0,2.3831615120274914,38.49,-123.04,1.325
5.0864,16.0,6.6573426573426575,1.0,530.0,3.7062937062937062,32.73,-116.98,1.753
4.2554,20.0,3.778085991678225,1.0624133148404993,2202.0,1.5270457697642164,34.06,-118.46,5.00001
2.3108,28.0,5.134357005758157,1.0115163147792707,1392.0,2.671785028790787,36.76,-119.71,0.72
4.5938,39.0,6.205882352941177,0.9411764705882353,635.0,2.3345588235294117,32.73,-117.25,3.674
2.7188,32.0,5.511627906976744,1.067829457364341,1337.0,2.5910852713178296,34.94,-120.42,1.337
2.5898,35.0,4.636879432624114,1.073758865248227,2328.0,3.302127659574468,33.75,-116.96,0.763
2.1518,44.0,5.1443569553805775,1.031496062992126,1286.0,3.3753280839895012,36.73,-119.77,0.53
3.4643,42.0,4.763754045307444,1.0032362459546926,768.0,2.4854368932038833,37.69,-122.11,1.609
2.4148,27.0,3.9142091152815013,1.032171581769437,1935.0,2.5938337801608577,32.63,-117.09,0.675
3.0341,27.0,4.541554959785523,1.0536193029490617,1890.0,5.067024128686327,33.91,-118.23,0.891
4.1,36.0,6.487179487179487,1.1555555555555554,1742.0,2.977777777777778,34.14,-117.27,0.964
2.3173,27.0,3.804195804195804,1.1468531468531469,1171.0,2.7296037296037294,37.79,-122.24,1.25
4.412,8.0,5.548330404217926,0.9824253075571178,1758.0,3.0896309314586996,38.35,-121.94,1.401
2.7,29.0,6.986301369863014,1.1506849315068493,236.0,3.232876712328767,35.55,-119.36,1.25
6.7172,3.0,11.287383177570094,1.6179906542056075,2497.0,2.917056074766355,33.98,-117.76,2.924
1.7153,25.0,8.02788844621514,2.087649402390438,746.0,2.9721115537848606,40.48,-123.73,0.771
4.0603,21.0,4.5809935205183585,0.9611231101511879,2211.0,4.775377969762419,34.96,-120.45,1.176
2.3125,15.0,5.681022880215343,1.098250336473755,1737.0,2.3378196500672948,38.38,-120.77,1.286
9.0812,35.0,4.047457627118644,0.9898305084745763,507.0,1.7186440677966102,33.89,-118.41,5.00001
4.2656,22.0,6.6970740103270225,1.1308089500860585,1727.0,2.972461273666093,34.4,-119.29,2.414
5.7833,26.0,6.19811320754717,0.9471698113207547,1443.0,2.7226415094339624,37.31,-121.99,3.396
1.7708,22.0,4.367662203913492,1.1812564366632339,1929.0,1.9866117404737385,36.82,-119.78,0.535
7.5,15.0,8.579281183932347,1.080338266384778,1580.0,3.3403805496828753,32.78,-116.91,3.164
4.9432,4.0,6.341708542713568,1.085427135678392,622.0,3.1256281407035176,36.81,-119.67,1.144
3.25,32.0,5.220883534136546,0.9397590361445783,712.0,2.859437751004016,34.69,-118.15,1.075
5.2563,24.0,5.878151260504202,1.0056022408963585,2468.0,3.4565826330532214,33.73,-117.94,2.114
3.2639,31.0,3.8903654485049834,1.0166112956810631,1690.0,5.614617940199335,33.73,-117.9,1.552
5.5954,27.0,6.401084010840108,1.0745257452574526,2394.0,3.2439024390243905,34.44,-119.88,2.614
3.7917,27.0,4.8352272727272725,1.0823863636363635,2091.0,5.940340909090909,34.01,-117.9,1.311
4.0049,37.0,5.124087591240876,0.9708029197080292,889.0,3.2445255474452557,34.23,-118.4,1.9
6.4956,33.0,6.297587131367292,1.0911528150134049,954.0,2.557640750670241,33.81,-118.38,4.836
3.625,31.0,5.757009345794392,1.2242990654205608,185.0,1.7289719626168225,37.3,-121.91,2.65
3.3831,41.0,4.752650176678445,0.9611307420494699,718.0,2.537102473498233,38.01,-122.11,1.294
3.3942,36.0,3.8119658119658117,0.9230769230769231,410.0,3.5042735042735043,33.98,-118.11,1.472
5.1507,34.0,6.257396449704142,1.0414201183431953,1253.0,3.7071005917159763,33.77,-118.02,2.075
4.9022,35.0,5.482332155477032,0.9487632508833922,1614.0,2.851590106007067,37.99,-122.03,1.693
4.1372,33.0,4.91120218579235,1.0724043715846994,1621.0,2.2144808743169397,33.66,-117.89,2.652
4.7609,24.0,6.180327868852459,1.0683060109289617,1125.0,3.0737704918032787,37.69,-122.17,2.126
3.1823,12.0,3.7505882352941176,1.0952941176470588,2118.0,2.491764705882353,34.17,-118.31,2.183
4.8125,48.0,6.764309764309765,1.127946127946128,919.0,3.0942760942760943,33.99,-118.34,1.705
2.2639,52.0,4.9734513274336285,1.084070796460177,528.0,2.336283185840708,38.01,-121.81,1.285
4.2955,34.0,5.720588235294118,1.0073529411764706,406.0,2.985294117647059,38.17,-122.25,1.213
3.8615,26.0,4.993610223642173,0.9137380191693291,1145.0,3.65814696485623,32.61,-117.05,1.393
1.4254,19.0,4.076388888888889,1.0597222222222222,1953.0,2.7125,32.73,-117.08,1.113
1.8652,35.0,3.498533724340176,1.0410557184750733,1784.0,5.231671554252199,34.01,-118.27,1.161
1.6389,24.0,3.294294294294294,0.9219219219219219,470.0,1.4114114114114114,33.64,-117.94,2.25
4.0121,19.0,4.951596292481978,1.0597322348094749,2422.0,2.494335736354274,33.71,-118.0,2.797
2.7188,17.0,6.633228840125392,1.3322884012539185,909.0,2.8495297805642634,37.57,-120.02,1.131
4.0729,16.0,5.297297297297297,1.0432432432432432,454.0,2.454054054054054,33.84,-116.51,1.0
6.5253,14.0,6.559139784946237,1.016726403823178,2415.0,2.8853046594982077,38.51,-121.55,2.168
3.3512,32.0,4.224308300395257,1.0484189723320159,2812.0,2.7786561264822134,34.1,-118.07,2.141
6.2473,24.0,6.8927392739273925,1.0297029702970297,1704.0,2.8118811881188117,33.68,-117.98,2.819
2.7368,23.0,4.956435643564356,1.0534653465346535,1735.0,3.4356435643564356,33.92,-118.29,1.628
3.9018,28.0,5.245508982035928,0.9820359281437125,2187.0,2.6191616766467067,33.78,-117.93,1.823
4.1098,21.0,4.89532293986637,1.0289532293986636,1100.0,2.4498886414253898,38.0,-122.6,2.466
2.2261,23.0,3.63914373088685,1.0611620795107033,965.0,2.9510703363914375,34.06,-118.12,2.118
4.2212,52.0,4.506696428571429,0.9330357142857143,999.0,2.2299107142857144,37.74,-122.42,2.713
0.8229,30.0,3.763819095477387,1.0753768844221105,537.0,2.698492462311558,36.21,-119.34,0.684
4.5648,36.0,4.864468864468864,1.0512820512820513,823.0,3.0146520146520146,34.21,-118.52,1.937
6.2935,26.0,7.4983108108108105,1.0405405405405406,1881.0,3.177364864864865,34.21,-118.87,2.58
4.1146,45.0,5.076326002587322,1.0789133247089262,1992.0,2.5769728331177233,37.91,-122.31,1.778
5.4065,34.0,6.8320610687022905,1.0782442748091603,1694.0,3.232824427480916,34.28,-118.51,2.438
2.981,20.0,5.248502994011976,1.035928143712575,1977.0,2.9595808383233533,32.71,-117.01,1.291
3.0954,19.0,5.085365853658536,1.0311653116531165,1952.0,2.644986449864499,40.55,-122.41,0.865
2.8793,42.0,5.062730627306273,1.014760147601476,674.0,2.4870848708487086,34.05,-118.36,2.021
2.7865,17.0,3.7037037037037037,1.0601851851851851,1803.0,4.173611111111111,33.71,-117.99,2.167
5.5427,4.0,6.570291777188329,0.9522546419098143,1234.0,3.273209549071618,38.04,-121.36,1.621
2.5062,47.0,5.177777777777778,1.0793650793650793,847.0,2.688888888888889,35.36,-119.02,0.737
5.0445,37.0,6.27319587628866,1.0257731958762886,552.0,2.845360824742268,37.96,-122.07,1.962
3.2578,18.0,5.755154639175258,1.2139175257731958,919.0,2.368556701030928,33.94,-116.47,0.852
4.6923,37.0,5.271493212669683,0.9502262443438914,627.0,2.83710407239819,33.95,-118.01,1.81
3.7963,22.0,5.134615384615385,1.092032967032967,1476.0,2.0274725274725274,32.82,-117.22,3.031
4.1806,28.0,6.317738791423002,1.0389863547758285,1334.0,2.6003898635477585,32.83,-117.21,1.996
1.9559,36.0,5.626315789473685,1.2,567.0,2.9842105263157896,38.8,-121.72,0.784
2.5,29.0,6.333333333333333,1.1056910569105691,364.0,2.959349593495935,41.12,-120.96,0.592
4.7969,25.0,6.283042394014963,1.0236907730673317,2654.0,3.309226932668329,34.11,-117.8,2.117
3.1573,12.0,4.978303747534516,1.106508875739645,2209.0,2.178500986193294,37.96,-121.98,1.267
5.4496,19.0,6.233265720081136,1.026369168356998,1773.0,3.5963488843813387,37.99,-122.09,2.054
2.3958,33.0,4.941309255079007,1.1218961625282167,1459.0,3.293453724604966,34.6,-118.12,0.945
2.2241,21.0,5.218236173393124,1.1360239162929746,1920.0,2.8699551569506725,33.91,-117.47,1.273
1.2411,52.0,3.441860465116279,1.255813953488372,630.0,2.441860465116279,37.96,-121.29,1.125
2.875,38.0,4.2133891213389125,1.0251046025104602,618.0,2.585774058577406,37.72,-122.16,1.448
5.5773,5.0,7.36214953271028,1.1261682242990654,1335.0,3.119158878504673,35.63,-117.69,1.09
4.7946,52.0,5.010964912280702,1.1162280701754386,839.0,1.8399122807017543,37.75,-122.43,3.556
3.055,35.0,5.878571428571429,1.05,1056.0,3.7714285714285714,34.07,-117.9,1.72
2.1058,41.0,4.481632653061224,1.0775510204081633,1178.0,4.808163265306122,34.05,-118.19,1.243
6.4232,41.0,5.3578947368421055,0.9789473684210527,746.0,2.617543859649123,34.01,-118.43,4.466
5.3999,18.0,6.533073929961089,1.0544747081712063,783.0,3.046692607003891,33.46,-117.67,3.0
2.6528,9.0,5.116814159292035,1.047787610619469,3026.0,2.6778761061946903,35.59,-120.63,1.135
5.7398,42.0,6.2823529411764705,1.0274509803921568,705.0,2.764705882352941,37.61,-122.41,3.364
1.712,36.0,6.307228915662651,1.2891566265060241,651.0,3.9216867469879517,37.75,-122.18,0.821
2.9485,7.0,4.880434782608695,1.0905797101449275,799.0,2.8949275362318843,34.07,-117.18,1.125
4.3426,11.0,4.505763688760807,1.0172910662824208,1594.0,2.2968299711815563,33.92,-117.95,1.413
1.4091,35.0,4.25,1.092783505154639,1786.0,4.603092783505154,33.9,-118.22,1.056
1.9485,16.0,4.518518518518518,1.0343915343915344,687.0,1.8174603174603174,38.28,-121.31,1.554
5.6765,25.0,6.279742765273312,1.0610932475884245,1809.0,2.9083601286173635,33.67,-117.97,2.651
4.375,34.0,6.226519337016574,1.022099447513812,588.0,3.248618784530387,33.85,-117.88,2.247
3.125,14.0,7.271111111111111,1.1244444444444444,766.0,3.4044444444444446,37.04,-119.94,0.885
2.9896,20.0,4.518134715025907,1.0310880829015545,1532.0,2.64594127806563,32.78,-117.01,2.356
2.0657,35.0,5.105982905982906,0.9880341880341881,1581.0,2.7025641025641027,40.88,-124.1,0.811
2.8345,31.0,3.8949152542372882,1.1279661016949152,2048.0,1.735593220338983,37.82,-122.26,1.838
5.4787,26.0,7.068,1.06,1040.0,4.16,34.26,-118.75,1.981
1.8365,43.0,4.419512195121952,1.170731707317073,458.0,2.234146341463415,32.79,-117.25,3.286
2.3787,19.0,4.582037996545768,1.1744386873920554,1419.0,2.4507772020725387,38.58,-121.3,0.913
4.1094,14.0,5.9937888198757765,1.1273291925465838,990.0,3.0745341614906834,38.0,-121.9,1.622
2.0764,40.0,3.886262924667651,1.0310192023633677,2920.0,4.31314623338257,34.03,-118.18,1.456
2.3611,30.0,3.4295302013422817,1.0268456375838926,1152.0,7.731543624161074,34.06,-118.21,1.568
4.2415,52.0,5.695121951219512,0.9634146341463414,947.0,2.8871951219512195,34.07,-117.74,1.401
4.5417,45.0,6.395017793594306,1.0782918149466192,870.0,3.096085409252669,37.19,-121.8,4.345
4.5096,36.0,5.627403846153846,1.0805288461538463,2143.0,2.5757211538461537,37.03,-122.08,2.037
3.0125,40.0,3.8513513513513513,0.9369369369369369,745.0,3.355855855855856,34.09,-118.09,2.24
3.5714,48.0,5.94392523364486,1.0311526479750779,789.0,2.457943925233645,35.4,-118.99,0.846
5.2536,13.0,6.35064935064935,0.9567099567099567,688.0,2.9783549783549783,38.97,-121.09,1.919
4.8229,10.0,5.4,0.9908045977011494,1598.0,3.6735632183908047,32.91,-117.15,1.832
3.1944,35.0,6.026315789473684,1.0847953216374269,1110.0,3.245614035087719,38.53,-121.41,0.79
5.0222,37.0,6.2,0.952,805.0,3.22,37.36,-122.09,5.00001
3.25,36.0,4.211136890951276,0.988399071925754,1280.0,2.9698375870069604,37.68,-122.07,2.181
3.1786,34.0,2.8907563025210083,0.907563025210084,315.0,2.6470588235294117,34.06,-117.73,1.178
4.4107,22.0,5.350828729281768,1.0359116022099448,3215.0,2.960405156537753,37.51,-121.96,2.235
2.0469,10.0,4.786290322580645,0.9516129032258065,728.0,2.935483870967742,40.45,-122.31,0.668
4.6648,21.0,6.036827195467422,0.9320113314447592,1094.0,3.0991501416430594,34.87,-120.43,1.93
2.1944,27.0,4.02,1.0342857142857143,1684.0,4.811428571428571,34.05,-117.64,0.957
2.9432,49.0,6.029315960912052,1.1596091205211727,849.0,2.765472312703583,38.1,-122.24,1.035
3.1667,28.0,3.9246575342465753,1.1575342465753424,672.0,2.3013698630136985,33.05,-117.29,3.0
4.2287,32.0,3.974609375,1.015625,934.0,1.82421875,33.74,-118.1,5.00001
3.197,7.0,5.4851190476190474,1.0907738095238095,1612.0,2.3988095238095237,33.06,-117.27,3.671
4.2782,8.0,4.278404815650865,1.1203912716328066,3250.0,2.4454477050413845,37.37,-122.02,3.277
3.2656,29.0,5.621621621621622,1.0926640926640927,2188.0,4.223938223938224,34.11,-117.34,0.906
3.6705,34.0,6.17515923566879,1.1305732484076434,817.0,2.6019108280254777,33.88,-117.95,2.75
2.6768,52.0,4.335078534031414,1.0994764397905759,718.0,1.8795811518324608,37.83,-122.26,1.823
5.4834,26.0,6.619834710743802,0.9855371900826446,1411.0,2.915289256198347,37.72,-122.07,2.952
4.5744,52.0,5.429245283018868,1.0778301886792452,1154.0,2.7216981132075473,37.74,-122.49,3.152
2.6111,13.0,3.984009840098401,1.044280442804428,2751.0,3.3837638376383765,33.88,-117.59,1.07
3.2415,32.0,5.230235783633842,1.027739251040222,1786.0,2.4771151178918167,38.44,-122.67,1.722
2.9817,21.0,4.876988335100743,1.0455991516436904,2756.0,2.922587486744433,37.44,-122.07,2.25
5.4322,35.0,6.903465346534653,1.1014851485148516,1156.0,2.8613861386138613,37.51,-122.3,3.91
5.1529,32.0,6.337477797513322,1.0497335701598578,1741.0,3.092362344582593,34.19,-118.63,2.596
3.3469,30.0,3.2805989583333335,1.0182291666666667,2129.0,1.3860677083333333,37.58,-122.35,3.45
1.8112,29.0,3.713523131672598,1.063167259786477,3675.0,3.2695729537366547,32.69,-117.1,1.036
5.9164,23.0,6.605194805194805,1.0077922077922077,1297.0,3.3688311688311687,37.24,-121.83,2.374
6.3516,40.0,5.943231441048035,1.0480349344978166,559.0,2.441048034934498,34.01,-118.45,3.543
2.57,52.0,4.202185792349726,1.1256830601092895,612.0,3.3442622950819674,37.77,-122.23,0.72
1.8047,29.0,4.693679092382496,0.965964343598055,1809.0,2.9319286871961103,39.48,-121.54,0.538
4.1852,44.0,4.991228070175438,1.0,497.0,2.1798245614035086,33.96,-118.4,3.033
2.9792,49.0,4.113553113553113,1.075091575091575,1277.0,2.338827838827839,37.78,-122.43,3.5
0.9675,36.0,4.7477203647416415,1.209726443768997,1223.0,3.717325227963526,35.37,-118.98,0.471
4.1776,35.0,4.425172197871008,1.0306825297432687,5380.0,3.3688165309956166,37.48,-122.19,2.653
3.7383,35.0,4.658878504672897,0.9789719626168224,1491.0,3.4836448598130842,33.92,-118.09,1.662
3.2872,17.0,4.558295964125561,1.0134529147982063,1114.0,2.497757847533632,38.01,-121.34,1.75
3.3977,34.0,5.1611721611721615,1.1172161172161172,819.0,3.0,34.07,-117.93,1.888
