v1,v2,v3,v4,v5,v6,v7,v8,v9,v10,v11,v12,v13,v14,v15,v16,target
39,management,married,tertiary,no,622,no,no,cellular,19,nov,145,1,-1,0,unknown,0
45,technician,divorced,secondary,no,5862,yes,no,cellular,18,nov,352,1,110,3,other,0
32,management,single,tertiary,no,2069,no,no,cellular,22,apr,545,1,-1,0,unknown,1
56,technician,married,secondary,no,64,no,no,cellular,19,aug,35,4,-1,0,unknown,0
37,technician,married,tertiary,no,905,yes,no,cellular,25,aug,111,7,-1,0,unknown,0
30,unemployed,single,secondary,no,500,yes,no,unknown,2,jun,178,2,-1,0,unknown,0
54,unknown,married,unknown,no,390,no,no,cellular,20,aug,68,5,-1,0,unknown,0
41,management,single,tertiary,no,260,no,no,cellular,4,aug,149,1,-1,0,unknown,0
43,housemaid,married,primary,no,1283,no,no,cellular,5,aug,448,1,-1,0,unknown,0
27,student,single,secondary,no,274,no,no,cellular,27,may,283,1,-1,0,unknown,0
50,blue-collar,divorced,secondary,no,2402,yes,no,unknown,19,may,219,1,-1,0,unknown,0
36,management,single,tertiary,no,317,no,no,unknown,16,jun,348,1,-1,0,unknown,0
30,management,married,tertiary,no,233,yes,no,unknown,14,may,382,10,-1,0,unknown,0
37,blue-collar,single,secondary,no,3764,no,no,unknown,16,jun,431,1,-1,0,unknown,0
55,admin.,single,secondary,no,2359,yes,no,telephone,20,apr,43,3,-1,0,unknown,0
48,technician,married,secondary,no,504,no,yes,cellular,6,aug,227,3,-1,0,unknown,0
57,retired,single,tertiary,no,842,no,no,cellular,13,aug,284,3,-1,0,unknown,1
31,management,single,tertiary,no,8436,yes,no,cellular,19,nov,162,2,-1,0,unknown,0
30,blue-collar,single,unknown,no,0,yes,no,unknown,19,may,199,1,-1,0,unknown,0
48,technician,divorced,secondary,no,1290,no,no,unknown,16,jun,58,1,-1,0,unknown,0
37,admin.,married,tertiary,no,801,no,no,cellular,11,aug,331,7,-1,0,unknown,0
30,management,single,tertiary,no,112,yes,yes,cellular,12,may,451,2,349,2,failure,0
49,management,divorced,tertiary,no,2564,yes,no,cellular,31,jul,744,8,-1,0,unknown,0
33,admin.,divorced,secondary,no,661,yes,no,cellular,11,aug,108,1,99,7,failure,0
34,technician,married,secondary,no,139,yes,yes,unknown,6,jun,52,13,-1,0,unknown,0
33,technician,married,secondary,no,0,no,no,cellular,19,aug,78,3,-1,0,unknown,0
30,self-employed,single,secondary,no,-617,no,yes,cellular,19,nov,925,1,-1,0,unknown,1
34,technician,single,tertiary,no,783,no,no,cellular,8,jul,281,1,-1,0,unknown,0
57,management,married,tertiary,no,1660,no,no,cellular,4,aug,642,1,-1,0,unknown,1
40,services,married,secondary,no,473,yes,no,cellular,28,jul,383,3,-1,0,unknown,1
43,blue-collar,married,unknown,no,24,yes,no,unknown,13,may,23,2,-1,0,unknown,0
27,self-employed,married,tertiary,no,10005,yes,no,cellular,14,apr,163,3,271,2,failure,0
46,blue-collar,married,secondary,no,310,yes,no,cellular,24,jul,58,2,-1,0,unknown,0
40,blue-collar,married,secondary,no,11084,no,no,unknown,11,jun,113,1,-1,0,unknown,0
60,retired,married,tertiary,no,2868,no,no,unknown,20,jun,42,7,-1,0,unknown,0
29,student,single,secondary,no,1377,yes,no,cellular,3,aug,248,1,446,2,success,1
56,unknown,married,unknown,no,33,no,no,telephone,31,jul,26,15,-1,0,unknown,0
47,blue-collar,married,secondary,no,1348,no,yes,cellular,4,aug,255,1,-1,0,unknown,0
31,management,married,secondary,no,-453,yes,yes,cellular,17,jul,157,1,-1,0,unknown,0
34,technician,married,secondary,no,650,yes,no,unknown,30,may,184,2,-1,0,unknown,0
34,management,married,tertiary,no,46,yes,no,unknown,5,may,39,4,-1,0,unknown,0
31,management,married,tertiary,no,334,yes,no,unknown,13,may,449,1,-1,0,unknown,0
36,blue-collar,married,secondary,no,2454,yes,no,cellular,6,apr,1859,1,-1,0,unknown,0
53,self-employed,married,secondary,no,248,no,yes,cellular,17,nov,99,1,126,3,failure,0
38,management,married,tertiary,no,2548,yes,no,unknown,30,may,60,1,-1,0,unknown,0
41,self-employed,divorced,tertiary,no,4418,yes,no,cellular,21,nov,855,3,-1,0,unknown,0
45,retired,married,primary,no,1152,no,no,unknown,18,jun,234,2,-1,0,unknown,0
56,retired,married,secondary,no,0,no,no,cellular,6,aug,113,3,-1,0,unknown,0
49,management,divorced,tertiary,no,169,no,no,cellular,18,jul,141,1,-1,0,unknown,0
57,management,married,tertiary,no,5,yes,no,cellular,8,jul,96,1,-1,0,unknown,0
53,services,divorced,secondary,no,-223,no,no,unknown,20,jun,160,1,-1,0,unknown,0
36,self-employed,married,tertiary,no,16430,yes,no,cellular,19,nov,234,1,166,3,failure,0
39,blue-collar,married,secondary,no,8,no,no,cellular,30,jul,88,3,-1,0,unknown,0
37,admin.,divorced,secondary,no,295,yes,yes,cellular,11,may,202,3,265,2,failure,0
44,blue-collar,single,secondary,no,292,no,yes,cellular,17,jul,1153,4,-1,0,unknown,1
40,admin.,single,secondary,no,50,no,no,cellular,15,may,837,1,-1,0,unknown,1
43,entrepreneur,married,secondary,no,469,no,yes,cellular,20,aug,89,2,-1,0,unknown,0
53,blue-collar,married,secondary,no,732,yes,no,unknown,7,may,530,2,-1,0,unknown,0
36,management,married,tertiary,no,753,no,no,cellular,26,may,71,5,40,4,failure,0
57,retired,married,secondary,no,1841,no,no,cellular,18,dec,127,2,196,1,success,0
27,technician,single,secondary,no,2,yes,yes,cellular,6,may,554,2,356,1,failure,1
49,management,single,tertiary,no,7443,no,no,telephone,20,nov,35,2,-1,0,unknown,0
45,blue-collar,married,primary,no,665,no,no,unknown,9,jun,183,2,-1,0,unknown,0
38,blue-collar,married,primary,no,0,yes,no,cellular,31,jul,18,22,-1,0,unknown,0
58,management,married,tertiary,no,591,yes,no,cellular,30,jul,233,3,-1,0,unknown,0
33,blue-collar,single,secondary,no,56,yes,no,cellular,29,jan,290,4,-1,0,unknown,0
36,technician,married,secondary,no,300,no,no,unknown,9,jun,287,1,-1,0,unknown,0
37,blue-collar,married,secondary,no,14,yes,no,cellular,31,jul,38,18,-1,0,unknown,0
50,blue-collar,divorced,secondary,no,41,yes,no,unknown,6,may,190,1,-1,0,unknown,0
31,admin.,married,secondary,no,0,yes,yes,cellular,18,nov,79,3,-1,0,unknown,0
36,management,married,tertiary,no,806,yes,no,unknown,20,may,280,1,-1,0,unknown,0
48,services,married,secondary,no,109,no,yes,cellular,20,aug,113,4,-1,0,unknown,0
32,technician,divorced,secondary,no,3345,yes,no,cellular,6,may,118,1,260,3,failure,0
37,technician,single,tertiary,no,1894,yes,no,cellular,12,may,1925,1,351,7,other,0
46,entrepreneur,single,tertiary,no,77,yes,yes,unknown,6,jun,520,3,-1,0,unknown,0
51,technician,married,secondary,no,614,no,no,cellular,17,nov,85,2,-1,0,unknown,0
33,technician,single,tertiary,no,81,no,no,cellular,18,jul,287,1,-1,0,unknown,0
48,technician,married,secondary,no,425,yes,no,unknown,4,jun,357,4,-1,0,unknown,0
29,self-employed,single,tertiary,no,-114,yes,no,unknown,13,may,174,1,-1,0,unknown,0
40,blue-collar,married,secondary,no,440,yes,no,unknown,5,jun,327,2,-1,0,unknown,0
25,blue-collar,single,tertiary,no,1395,yes,no,cellular,15,may,268,1,-1,0,unknown,0
51,services,married,secondary,no,2248,yes,no,unknown,5,may,714,2,-1,0,unknown,0
41,self-employed,married,secondary,no,634,yes,no,cellular,16,jul,239,2,-1,0,unknown,0
55,entrepreneur,divorced,tertiary,no,461,yes,yes,unknown,16,jun,267,3,-1,0,unknown,0
23,student,single,secondary,no,794,no,no,cellular,26,jul,607,3,171,3,other,1
29,self-employed,single,tertiary,no,7752,no,no,cellular,3,jun,180,1,-1,0,unknown,0
45,technician,married,secondary,no,1477,yes,no,cellular,17,nov,75,1,132,1,failure,0
50,technician,married,secondary,no,-353,yes,yes,cellular,18,nov,162,1,175,2,failure,0
48,services,married,secondary,no,2877,yes,no,cellular,18,nov,77,1,168,1,failure,0
40,services,divorced,primary,no,1937,yes,no,unknown,2,jun,86,1,-1,0,unknown,0
39,entrepreneur,married,tertiary,no,6495,no,no,unknown,19,jun,280,3,-1,0,unknown,0
27,management,married,tertiary,no,802,no,no,cellular,22,sep,569,1,-1,0,unknown,1
37,blue-collar,married,secondary,yes,-399,yes,yes,unknown,3,jun,21,3,-1,0,unknown,0
37,management,married,tertiary,no,539,no,no,cellular,18,jan,540,2,115,3,failure,0
46,blue-collar,married,primary,no,1204,yes,no,cellular,8,apr,139,2,-1,0,unknown,0
51,blue-collar,married,secondary,no,1329,yes,yes,telephone,17,apr,150,2,287,2,failure,0
49,housemaid,married,primary,no,889,no,no,telephone,7,jul,388,1,-1,0,unknown,1
58,admin.,single,secondary,no,2223,no,no,cellular,4,dec,1139,2,114,1,success,0
48,management,single,tertiary,no,399,no,yes,cellular,7,aug,126,1,-1,0,unknown,0
53,housemaid,married,tertiary,no,2353,yes,no,cellular,23,jul,471,2,-1,0,unknown,0
66,management,married,secondary,no,587,no,no,cellular,12,may,457,2,392,2,success,1
36,management,married,tertiary,no,274,no,no,cellular,13,aug,122,2,-1,0,unknown,0
43,unknown,single,tertiary,no,2731,no,no,cellular,21,nov,11,7,-1,0,unknown,0
31,technician,married,tertiary,no,2951,yes,no,cellular,17,jul,115,1,-1,0,unknown,0
45,technician,single,secondary,no,586,no,yes,cellular,28,jul,32,3,-1,0,unknown,0
49,technician,married,secondary,no,0,no,yes,cellular,8,jul,120,3,-1,0,unknown,0
35,blue-collar,single,unknown,no,871,yes,no,cellular,6,feb,117,1,245,3,failure,0
51,blue-collar,married,primary,no,1126,yes,no,cellular,17,apr,326,3,-1,0,unknown,0
53,retired,married,primary,no,0,no,no,cellular,30,jul,123,1,-1,0,unknown,0
40,management,married,tertiary,no,2935,yes,no,cellular,18,aug,192,2,-1,0,unknown,0
49,technician,married,secondary,no,905,no,no,cellular,21,dec,385,7,131,2,failure,0
34,unemployed,married,tertiary,no,10,no,no,cellular,22,aug,71,5,-1,0,unknown,0
23,management,single,tertiary,no,736,yes,no,cellular,30,apr,119,1,-1,0,unknown,0
60,management,married,tertiary,no,371,no,yes,cellular,11,aug,102,8,-1,0,unknown,0
48,admin.,divorced,secondary,no,0,yes,yes,cellular,26,mar,94,1,-1,0,unknown,0
30,blue-collar,single,secondary,no,1073,yes,no,cellular,5,may,1130,4,-1,0,unknown,0
38,technician,single,secondary,no,42,yes,no,unknown,7,may,195,2,-1,0,unknown,0
37,admin.,married,secondary,no,-498,yes,yes,unknown,26,may,175,1,-1,0,unknown,0
30,management,single,tertiary,no,536,no,no,cellular,15,oct,244,1,105,1,success,1
22,student,single,secondary,no,249,no,no,unknown,5,sep,11,1,-1,0,unknown,0
43,unemployed,married,secondary,no,0,yes,no,unknown,6,may,245,1,-1,0,unknown,0
38,technician,married,secondary,no,497,no,no,unknown,14,apr,173,1,-1,0,unknown,1
37,admin.,married,secondary,no,525,yes,no,unknown,23,may,425,1,-1,0,unknown,0
25,blue-collar,single,secondary,no,913,yes,no,cellular,7,jul,113,4,-1,0,unknown,0
44,technician,married,secondary,no,0,no,no,unknown,2,jun,302,1,-1,0,unknown,0
30,management,single,secondary,no,2785,no,yes,cellular,17,nov,548,1,-1,0,unknown,0
27,admin.,married,secondary,no,-247,yes,yes,unknown,4,jun,344,2,-1,0,unknown,0
35,management,married,tertiary,no,131,yes,no,cellular,19,nov,248,1,-1,0,unknown,0
37,blue-collar,single,primary,no,851,yes,no,cellular,15,may,151,1,352,1,failure,0
61,retired,married,primary,no,1515,yes,no,cellular,15,apr,253,2,-1,0,unknown,0
41,management,married,tertiary,no,557,yes,yes,cellular,12,aug,148,4,-1,0,unknown,0
34,entrepreneur,married,tertiary,no,355,yes,no,unknown,16,may,261,1,-1,0,unknown,0
37,blue-collar,single,primary,no,5473,no,yes,unknown,9,jun,198,2,-1,0,unknown,0
26,admin.,single,secondary,no,-14,no,no,cellular,31,jul,9,31,-1,0,unknown,0
35,blue-collar,married,primary,no,229,yes,no,unknown,7,may,103,3,-1,0,unknown,0
61,retired,married,primary,no,1720,no,no,cellular,12,nov,150,1,463,5,failure,0
31,student,single,unknown,no,376,no,no,cellular,16,nov,202,1,96,2,other,0
55,management,married,tertiary,no,1161,yes,no,cellular,20,nov,8,6,-1,0,unknown,0
36,blue-collar,married,primary,no,21,no,no,telephone,20,nov,35,1,-1,0,unknown,0
33,technician,married,secondary,no,1026,no,no,cellular,4,aug,87,1,1,5,failure,0
32,management,single,tertiary,no,7444,yes,yes,cellular,13,may,22,1,370,1,failure,0
71,retired,divorced,tertiary,no,261,no,no,cellular,12,aug,1117,2,-1,0,unknown,0
50,management,married,primary,no,15035,yes,no,cellular,12,may,158,1,-1,0,unknown,0
38,admin.,married,secondary,no,0,yes,no,cellular,8,sep,210,1,92,3,success,1
41,management,single,tertiary,no,416,yes,no,cellular,12,aug,1476,2,-1,0,unknown,0
45,admin.,married,secondary,no,362,no,no,cellular,12,aug,536,4,-1,0,unknown,0
32,admin.,married,secondary,no,344,yes,yes,cellular,11,aug,255,15,-1,0,unknown,0
55,management,single,tertiary,no,1097,no,no,telephone,18,aug,199,2,-1,0,unknown,0
39,blue-collar,married,primary,no,315,yes,no,cellular,15,may,259,3,353,3,failure,0
38,admin.,married,secondary,no,70,no,yes,unknown,2,jul,199,1,-1,0,unknown,0
53,management,married,tertiary,no,1348,no,yes,cellular,17,jul,120,3,-1,0,unknown,0
49,technician,divorced,secondary,no,342,no,yes,cellular,19,nov,58,3,-1,0,unknown,0
38,management,married,tertiary,no,358,no,no,cellular,29,jan,151,2,-1,0,unknown,0
30,management,single,tertiary,no,9634,no,no,cellular,21,nov,402,4,101,5,failure,0
38,technician,married,secondary,no,1696,no,no,cellular,20,nov,267,2,-1,0,unknown,0
37,management,married,tertiary,no,40,no,no,cellular,27,aug,1033,4,-1,0,unknown,1
60,retired,married,tertiary,no,1141,no,no,cellular,12,aug,66,4,-1,0,unknown,0
45,management,single,tertiary,no,1411,no,no,cellular,28,may,142,3,-1,0,unknown,0
46,services,married,secondary,no,1474,yes,no,unknown,12,may,148,3,-1,0,unknown,0
32,technician,single,secondary,no,-472,yes,yes,cellular,18,may,121,2,-1,0,unknown,0
33,services,married,secondary,no,-384,yes,no,cellular,9,jul,125,1,-1,0,unknown,0
29,admin.,married,secondary,no,73,yes,no,cellular,16,jul,252,2,-1,0,unknown,0
56,blue-collar,married,secondary,no,316,yes,no,unknown,19,may,27,1,-1,0,unknown,0
50,blue-collar,married,secondary,no,1329,yes,yes,telephone,4,jul,141,2,-1,0,unknown,0
59,technician,divorced,secondary,no,330,no,no,cellular,27,aug,27,5,-1,0,unknown,0
50,management,married,tertiary,no,4374,yes,no,cellular,21,nov,163,2,113,3,failure,0
48,management,married,secondary,no,36686,no,no,cellular,30,apr,295,1,-1,0,unknown,0
39,blue-collar,single,primary,no,1790,yes,no,unknown,4,jun,229,6,-1,0,unknown,0
54,management,married,tertiary,no,1598,no,yes,cellular,21,jul,312,1,-1,0,unknown,0
32,management,married,tertiary,no,1196,yes,no,cellular,11,jul,508,1,-1,0,unknown,0
36,technician,divorced,secondary,no,515,yes,yes,cellular,8,may,104,4,252,3,failure,0
38,technician,married,secondary,no,976,yes,no,cellular,18,may,32,8,308,3,success,0
39,management,married,tertiary,no,151,yes,no,unknown,21,may,692,1,-1,0,unknown,0
44,blue-collar,married,secondary,no,233,no,yes,cellular,9,jul,150,3,-1,0,unknown,0
32,unemployed,single,secondary,no,71,no,no,cellular,28,jan,233,1,-1,0,unknown,0
32,management,single,tertiary,no,1131,yes,no,unknown,20,may,267,2,-1,0,unknown,0
50,admin.,married,secondary,no,1431,no,no,cellular,20,aug,112,4,-1,0,unknown,0
52,blue-collar,married,primary,no,1141,yes,no,cellular,12,may,22,5,-1,0,unknown,0
44,management,divorced,tertiary,no,2422,yes,no,cellular,21,jul,141,2,-1,0,unknown,0
45,unemployed,single,secondary,no,33,no,no,cellular,5,feb,437,1,-1,0,unknown,0
44,blue-collar,married,primary,no,185,yes,no,unknown,8,may,249,1,-1,0,unknown,0
55,self-employed,divorced,secondary,no,0,no,no,cellular,29,jul,94,2,-1,0,unknown,0
38,services,married,secondary,no,311,no,yes,cellular,25,jul,114,12,-1,0,unknown,0
37,admin.,married,secondary,no,764,yes,no,cellular,16,jul,108,5,-1,0,unknown,0
38,services,married,secondary,no,1,no,yes,cellular,21,nov,152,2,-1,0,unknown,0
39,entrepreneur,married,tertiary,no,338,yes,no,unknown,9,may,107,4,-1,0,unknown,0
45,technician,married,primary,no,-63,yes,no,cellular,20,apr,847,5,-1,0,unknown,0
34,self-employed,married,tertiary,no,870,no,no,cellular,10,jul,58,1,-1,0,unknown,0
22,blue-collar,married,secondary,no,391,yes,yes,unknown,28,may,72,18,-1,0,unknown,0
67,retired,married,tertiary,no,2812,no,no,cellular,6,aug,190,1,-1,0,unknown,0
30,management,single,tertiary,no,-672,no,no,cellular,12,aug,130,2,-1,0,unknown,0
57,technician,married,secondary,no,93,no,no,unknown,9,jun,82,2,-1,0,unknown,0
49,management,married,tertiary,no,0,no,no,cellular,9,jul,87,1,-1,0,unknown,0
31,technician,married,tertiary,no,3382,no,no,cellular,30,apr,739,1,-1,0,unknown,1
37,technician,single,secondary,no,2544,yes,no,unknown,30,may,120,3,-1,0,unknown,0
36,admin.,divorced,secondary,no,131,yes,no,unknown,6,may,153,1,-1,0,unknown,0
54,management,married,tertiary,no,8295,no,no,cellular,2,oct,849,2,119,1,success,1
58,technician,married,primary,yes,-247,no,no,unknown,6,jun,179,1,-1,0,unknown,0
40,services,married,secondary,no,1938,no,no,unknown,29,may,37,1,-1,0,unknown,0
26,technician,single,tertiary,no,-67,yes,no,cellular,15,may,637,1,-1,0,unknown,1
31,management,married,tertiary,no,302,yes,yes,cellular,4,feb,181,1,257,1,failure,0
35,self-employed,single,tertiary,no,5462,no,no,cellular,2,nov,188,1,186,1,success,1
59,retired,divorced,primary,no,-110,no,yes,unknown,4,jul,195,1,-1,0,unknown,0
55,management,married,tertiary,no,2960,yes,no,cellular,31,aug,81,1,98,11,other,0
36,technician,married,secondary,no,-179,yes,no,cellular,18,nov,476,2,124,1,failure,0
32,management,single,tertiary,no,3050,yes,no,cellular,21,nov,58,1,182,1,failure,0
31,blue-collar,married,secondary,no,-190,yes,yes,cellular,8,may,299,3,-1,0,unknown,0
38,technician,married,secondary,no,710,yes,no,cellular,17,apr,196,1,346,3,failure,0
38,management,married,tertiary,no,1952,no,yes,cellular,23,jul,237,1,-1,0,unknown,0
32,management,single,tertiary,no,752,yes,no,cellular,15,jul,256,5,-1,0,unknown,0
38,blue-collar,married,secondary,no,20,yes,no,unknown,6,may,402,1,-1,0,unknown,0
59,unemployed,married,secondary,no,1047,no,no,cellular,21,aug,438,1,184,3,success,1
32,services,single,secondary,no,441,no,yes,cellular,25,jul,135,2,-1,0,unknown,0
34,blue-collar,married,secondary,no,0,yes,yes,cellular,5,feb,293,6,-1,0,unknown,0
44,blue-collar,married,primary,no,-298,yes,no,cellular,6,may,296,1,-1,0,unknown,0
44,blue-collar,married,secondary,no,337,yes,no,telephone,28,jul,257,3,-1,0,unknown,0
26,student,single,secondary,no,4613,no,no,cellular,28,may,663,3,196,2,other,1
45,blue-collar,married,secondary,no,10252,no,no,cellular,4,may,675,2,-1,0,unknown,1
36,technician,single,secondary,no,2151,yes,no,cellular,13,may,134,1,370,1,failure,0
31,management,married,tertiary,no,35,yes,yes,cellular,19,nov,323,2,-1,0,unknown,0
47,blue-collar,married,secondary,no,581,yes,no,cellular,26,aug,79,6,-1,0,unknown,0
57,unemployed,married,secondary,no,7357,no,no,cellular,5,feb,604,1,-1,0,unknown,0
36,management,married,tertiary,no,531,yes,no,unknown,17,jun,187,2,-1,0,unknown,0
49,management,married,tertiary,no,666,yes,no,cellular,12,may,337,1,309,6,failure,0
35,management,single,tertiary,no,657,yes,no,cellular,23,jul,547,2,-1,0,unknown,0
57,management,married,primary,no,595,no,no,unknown,9,jun,188,2,-1,0,unknown,0
49,blue-collar,married,unknown,no,154,yes,no,unknown,5,may,357,1,-1,0,unknown,0
33,services,married,secondary,no,0,yes,yes,cellular,7,apr,487,1,-1,0,unknown,0
32,services,single,secondary,no,951,no,no,cellular,28,jan,77,1,-1,0,unknown,0
53,admin.,divorced,secondary,no,0,yes,no,cellular,5,may,246,1,344,1,failure,0
28,technician,married,secondary,no,916,yes,no,cellular,15,may,191,1,371,2,other,0
53,technician,single,secondary,no,0,no,no,cellular,4,aug,134,2,-1,0,unknown,0
49,blue-collar,married,primary,no,6429,no,no,cellular,19,nov,108,1,-1,0,unknown,0
35,admin.,single,secondary,no,-32,no,yes,cellular,9,feb,63,4,182,5,failure,1
29,management,single,tertiary,no,36252,yes,no,cellular,30,apr,501,1,-1,0,unknown,1
47,blue-collar,married,primary,no,1610,yes,no,unknown,12,jun,68,1,-1,0,unknown,0
48,admin.,divorced,secondary,no,341,no,yes,cellular,5,feb,382,4,-1,0,unknown,0
39,management,married,tertiary,no,0,no,no,cellular,29,aug,94,2,-1,0,unknown,0
36,technician,single,secondary,no,1832,yes,no,unknown,8,may,154,1,-1,0,unknown,0
52,entrepreneur,married,primary,no,1998,no,no,telephone,1,jun,153,1,-1,0,unknown,0
24,admin.,single,secondary,no,1295,no,no,cellular,22,jul,355,2,92,1,success,1
44,blue-collar,single,primary,no,1593,yes,no,unknown,29,may,828,3,-1,0,unknown,1
36,management,married,tertiary,no,114,no,no,cellular,13,aug,342,1,-1,0,unknown,0
27,admin.,married,secondary,no,436,yes,no,cellular,21,jul,410,1,-1,0,unknown,0
43,services,married,secondary,no,43,yes,no,cellular,18,may,199,1,-1,0,unknown,0
36,technician,married,tertiary,no,98,no,no,cellular,4,feb,146,1,-1,0,unknown,0
41,blue-collar,married,primary,no,2770,yes,yes,unknown,5,jun,191,2,-1,0,unknown,0
45,admin.,divorced,secondary,no,984,yes,no,unknown,8,may,298,5,-1,0,unknown,0
27,housemaid,married,secondary,no,4848,yes,yes,telephone,23,jul,82,3,-1,0,unknown,0
27,unemployed,single,tertiary,no,77,no,no,cellular,12,jul,305,4,77,1,success,0
36,entrepreneur,married,tertiary,no,99,yes,yes,cellular,20,apr,393,3,-1,0,unknown,0
42,blue-collar,married,primary,no,574,yes,no,cellular,6,apr,357,2,327,2,failure,0
20,student,single,secondary,no,210,no,no,cellular,14,aug,101,1,-1,0,unknown,0
31,student,single,tertiary,no,2030,yes,no,cellular,14,may,168,2,351,2,failure,0
42,services,single,secondary,no,2628,yes,no,cellular,19,nov,146,1,-1,0,unknown,0
42,management,divorced,tertiary,no,0,no,no,cellular,1,jun,450,1,196,1,failure,0
37,technician,married,unknown,no,189,no,no,cellular,16,jun,162,2,-1,0,unknown,1
36,admin.,single,secondary,no,0,no,no,cellular,4,feb,137,2,-1,0,unknown,0
35,technician,married,tertiary,no,16,yes,no,cellular,5,may,43,5,-1,0,unknown,0
46,blue-collar,married,secondary,no,190,no,yes,cellular,10,jul,154,1,-1,0,unknown,0
56,housemaid,married,unknown,no,1780,no,no,cellular,11,aug,111,2,-1,0,unknown,0
30,management,single,tertiary,no,720,no,no,cellular,15,jan,1265,4,210,4,other,1
44,admin.,divorced,secondary,no,449,yes,yes,unknown,28,may,195,4,-1,0,unknown,0
32,technician,married,tertiary,no,463,yes,no,unknown,13,may,128,2,-1,0,unknown,0
53,management,married,tertiary,no,6525,yes,no,unknown,2,jun,73,3,-1,0,unknown,0
36,blue-collar,married,secondary,no,512,yes,no,unknown,16,may,343,1,-1,0,unknown,0
44,unemployed,single,tertiary,no,810,no,no,cellular,4,aug,184,1,-1,0,unknown,0
54,blue-collar,married,secondary,no,153,no,no,unknown,20,jun,7,12,-1,0,unknown,0
30,services,divorced,secondary,no,704,yes,no,cellular,25,jul,524,10,-1,0,unknown,0
47,self-employed,married,tertiary,no,1245,no,no,cellular,26,aug,17,15,-1,0,unknown,0
44,management,married,secondary,no,2984,yes,no,unknown,15,may,770,2,-1,0,unknown,0
43,management,single,secondary,no,1063,yes,no,cellular,5,feb,141,3,-1,0,unknown,0
47,unemployed,married,secondary,no,955,yes,no,unknown,13,may,47,1,-1,0,unknown,0
49,services,married,secondary,no,3169,no,no,unknown,9,jun,626,1,-1,0,unknown,0
35,blue-collar,married,primary,no,1116,yes,no,unknown,12,jun,124,1,-1,0,unknown,0
54,blue-collar,married,primary,no,428,yes,no,cellular,8,may,311,1,-1,0,unknown,0
32,blue-collar,single,secondary,no,413,yes,no,cellular,19,nov,270,1,-1,0,unknown,0
44,blue-collar,married,primary,no,976,yes,no,cellular,11,may,164,2,-1,0,unknown,0
29,blue-collar,married,secondary,no,2,yes,no,cellular,22,jul,96,1,-1,0,unknown,0
37,services,single,secondary,no,608,no,no,cellular,14,may,380,3,-1,0,unknown,0
29,management,single,tertiary,no,10436,no,no,unknown,27,may,103,2,-1,0,unknown,0
30,technician,single,tertiary,no,6683,no,no,cellular,30,jan,180,1,-1,0,unknown,0
39,technician,married,tertiary,no,209,no,no,unknown,23,jul,36,2,-1,0,unknown,0
31,admin.,single,secondary,no,92,yes,no,cellular,7,jul,401,2,-1,0,unknown,0
35,management,married,tertiary,no,43,no,no,cellular,11,aug,917,4,-1,0,unknown,1
36,management,divorced,secondary,no,47,no,no,unknown,19,jun,159,1,-1,0,unknown,0
44,management,married,tertiary,no,1451,yes,no,cellular,17,nov,157,3,150,12,failure,0
48,admin.,married,secondary,no,0,no,yes,cellular,11,oct,195,1,104,5,failure,0
27,admin.,single,secondary,no,292,yes,no,cellular,12,may,53,9,362,8,other,0
48,housemaid,married,secondary,no,513,no,yes,cellular,28,jul,939,3,-1,0,unknown,1
41,services,divorced,secondary,no,97,no,no,cellular,30,jul,244,3,-1,0,unknown,0
71,retired,married,primary,no,2600,no,no,cellular,13,nov,186,2,98,1,success,1
45,admin.,married,secondary,no,740,no,yes,cellular,19,aug,109,2,-1,0,unknown,0
54,technician,single,secondary,no,99,yes,no,unknown,7,may,283,3,-1,0,unknown,0
31,management,married,secondary,no,1064,no,no,telephone,20,nov,60,1,-1,0,unknown,0
50,blue-collar,married,primary,no,65,yes,no,telephone,12,may,11,1,-1,0,unknown,0
30,technician,single,tertiary,no,411,no,no,cellular,22,oct,127,3,149,2,failure,1
50,blue-collar,married,primary,no,12519,yes,no,cellular,21,nov,615,3,34,1,failure,1
35,admin.,divorced,secondary,no,951,yes,no,cellular,16,apr,567,2,-1,0,unknown,0
31,blue-collar,married,secondary,no,41,yes,no,unknown,19,may,265,1,-1,0,unknown,0
28,blue-collar,single,primary,no,1518,yes,no,cellular,15,may,204,3,359,3,failure,0
41,technician,married,secondary,no,0,no,no,unknown,2,jun,157,3,-1,0,unknown,0
32,self-employed,married,secondary,no,67,no,no,cellular,5,aug,153,1,-1,0,unknown,0
49,housemaid,married,primary,no,360,no,no,unknown,30,jun,6,1,-1,0,unknown,0
43,retired,married,primary,no,471,no,yes,unknown,15,may,114,2,-1,0,unknown,0
53,admin.,married,secondary,no,1228,yes,yes,cellular,8,feb,116,2,188,1,success,0
37,blue-collar,married,secondary,no,903,yes,no,cellular,20,apr,124,1,-1,0,unknown,0
32,blue-collar,married,secondary,no,0,yes,no,cellular,9,feb,7,7,-1,0,unknown,0
38,blue-collar,married,secondary,no,452,yes,no,cellular,9,feb,69,4,-1,0,unknown,0
35,services,married,secondary,no,2179,no,no,cellular,20,apr,207,1,-1,0,unknown,0
32,blue-collar,single,primary,no,2829,yes,no,cellular,5,may,26,1,-1,0,unknown,0
46,blue-collar,married,secondary,no,6253,yes,no,cellular,9,jul,411,1,-1,0,unknown,0
32,management,single,tertiary,no,127,yes,no,unknown,30,may,66,3,-1,0,unknown,0
27,blue-collar,single,primary,no,140,no,no,telephone,28,jan,183,2,-1,0,unknown,0
32,services,single,secondary,no,91,no,no,cellular,29,jul,241,5,-1,0,unknown,0
56,management,married,secondary,no,230,no,no,unknown,9,may,73,4,-1,0,unknown,0
54,management,married,secondary,no,2895,yes,no,cellular,9,feb,20,2,256,1,failure,0
45,technician,divorced,unknown,yes,-25,no,yes,unknown,3,jul,158,3,-1,0,unknown,0
51,blue-collar,married,primary,no,593,yes,no,unknown,28,may,157,2,-1,0,unknown,0
36,blue-collar,married,primary,no,1503,no,no,cellular,19,nov,138,1,-1,0,unknown,0
46,blue-collar,married,secondary,no,51,yes,no,cellular,15,may,333,1,-1,0,unknown,0
40,management,single,tertiary,no,1509,no,no,cellular,15,mar,144,2,124,1,failure,0
35,technician,divorced,secondary,no,2823,yes,no,cellular,2,feb,229,1,-1,0,unknown,0
31,admin.,single,secondary,no,19,yes,no,cellular,18,nov,1978,1,-1,0,unknown,1
29,student,single,secondary,no,1779,no,no,cellular,4,jun,400,1,-1,0,unknown,1
42,blue-collar,married,secondary,no,-21,no,no,unknown,2,jun,377,1,-1,0,unknown,0
37,technician,married,secondary,no,1109,yes,no,cellular,12,may,62,1,354,5,failure,0
53,services,married,secondary,no,1364,no,no,cellular,17,nov,508,1,115,1,failure,0
56,blue-collar,married,primary,no,278,no,yes,cellular,9,jul,261,3,-1,0,unknown,0
34,housemaid,married,tertiary,no,401,no,no,cellular,14,aug,448,4,-1,0,unknown,0
54,entrepreneur,married,secondary,no,0,yes,no,cellular,5,may,387,2,287,1,failure,0
38,admin.,married,secondary,no,260,yes,no,cellular,10,jul,446,1,-1,0,unknown,0
37,admin.,married,tertiary,no,2693,yes,no,cellular,8,apr,261,1,-1,0,unknown,0
37,housemaid,married,secondary,no,187,no,no,unknown,12,jun,165,1,-1,0,unknown,0
56,entrepreneur,married,tertiary,no,1297,yes,no,unknown,16,may,180,1,-1,0,unknown,0
32,management,married,tertiary,no,4761,yes,no,cellular,5,may,159,2,350,2,failure,0
32,technician,single,tertiary,no,1246,yes,no,cellular,30,apr,509,1,85,2,success,1
39,entrepreneur,divorced,secondary,no,1202,yes,no,unknown,23,may,364,2,-1,0,unknown,0
53,technician,married,unknown,no,2242,no,no,cellular,10,jul,154,14,-1,0,unknown,0
31,technician,married,secondary,no,0,no,no,cellular,20,aug,117,4,-1,0,unknown,0
35,admin.,divorced,secondary,no,20,no,yes,cellular,17,jul,287,1,-1,0,unknown,0
30,entrepreneur,single,tertiary,no,734,yes,no,unknown,5,jun,113,3,-1,0,unknown,0
50,technician,single,secondary,no,-463,yes,no,unknown,27,may,269,3,-1,0,unknown,0
40,management,single,tertiary,no,0,no,no,cellular,6,aug,641,6,-1,0,unknown,1
60,blue-collar,married,primary,no,1723,no,no,cellular,4,may,160,4,83,3,failure,0
33,management,divorced,tertiary,no,219,yes,no,cellular,13,may,93,1,301,1,failure,0
31,blue-collar,married,primary,no,1654,yes,no,cellular,18,may,288,1,-1,0,unknown,0
37,management,single,tertiary,no,695,no,no,cellular,28,jan,233,1,-1,0,unknown,0
39,admin.,single,secondary,no,470,yes,no,unknown,20,jun,44,2,-1,0,unknown,0
43,technician,single,unknown,no,572,no,no,cellular,17,nov,80,2,-1,0,unknown,0
33,unknown,married,secondary,no,335,no,no,cellular,4,feb,891,2,177,7,failure,1
37,technician,single,secondary,no,274,no,no,cellular,8,aug,173,3,-1,0,unknown,0
36,admin.,married,secondary,no,898,no,no,cellular,15,jul,118,5,-1,0,unknown,0
39,admin.,single,tertiary,no,22086,no,no,cellular,4,jun,160,1,-1,0,unknown,1
27,services,single,tertiary,yes,-152,yes,yes,cellular,15,may,14,4,-1,0,unknown,0
33,unemployed,single,unknown,no,170,yes,no,unknown,3,jun,327,1,-1,0,unknown,0
36,student,single,secondary,no,624,no,no,cellular,5,feb,518,2,8,1,other,0
41,management,married,primary,no,733,yes,no,cellular,7,may,69,1,335,7,failure,0
32,admin.,married,secondary,no,1078,yes,no,cellular,16,apr,177,1,-1,0,unknown,0
60,retired,divorced,secondary,no,0,no,no,cellular,18,jul,91,10,-1,0,unknown,0
57,blue-collar,married,secondary,no,1412,yes,no,cellular,9,apr,89,1,330,1,failure,0
39,management,married,tertiary,no,246,no,no,cellular,11,aug,86,2,-1,0,unknown,0
61,blue-collar,married,primary,no,5,no,no,cellular,6,aug,562,2,94,3,success,1
47,management,married,primary,no,4151,yes,no,unknown,14,may,114,1,-1,0,unknown,0
32,technician,single,tertiary,no,195,yes,no,cellular,22,aug,239,2,-1,0,unknown,0
68,retired,married,secondary,no,20723,yes,no,cellular,28,apr,318,2,-1,0,unknown,0
55,retired,married,primary,no,4424,no,no,cellular,5,aug,67,4,-1,0,unknown,0
50,blue-collar,married,primary,no,0,yes,no,cellular,11,may,503,3,339,2,failure,0
56,blue-collar,married,primary,no,151,no,no,cellular,3,feb,128,1,-1,0,unknown,0
34,management,single,tertiary,no,2455,no,no,cellular,8,aug,244,6,-1,0,unknown,0
39,technician,married,secondary,no,1,yes,no,unknown,26,may,506,2,-1,0,unknown,0
33,admin.,married,secondary,no,89,no,no,telephone,10,jul,524,3,-1,0,unknown,0
60,retired,divorced,secondary,no,4974,yes,no,cellular,15,may,80,4,-1,0,unknown,0
31,management,single,tertiary,no,1598,yes,no,cellular,7,jul,36,33,-1,0,unknown,0
48,management,single,tertiary,no,191,yes,no,cellular,17,apr,222,1,326,1,failure,0
28,technician,married,secondary,no,7449,yes,no,cellular,7,may,193,1,-1,0,unknown,0
29,management,single,tertiary,no,74,no,no,cellular,6,aug,174,1,-1,0,unknown,0
32,blue-collar,married,secondary,no,113,yes,yes,unknown,20,may,235,2,-1,0,unknown,0
51,management,married,tertiary,no,3134,no,no,unknown,19,jun,92,3,-1,0,unknown,0
56,services,married,secondary,no,654,no,no,cellular,15,sep,875,1,-1,0,unknown,1
28,admin.,single,secondary,no,267,yes,no,unknown,11,jun,198,5,-1,0,unknown,0
33,blue-collar,married,primary,no,191,yes,no,unknown,9,may,162,2,-1,0,unknown,0
37,services,single,secondary,no,248,yes,no,cellular,10,feb,77,1,279,2,failure,0
45,blue-collar,married,secondary,no,120,yes,yes,unknown,15,may,53,3,-1,0,unknown,0
45,blue-collar,married,secondary,no,1239,no,no,telephone,31,jul,67,4,-1,0,unknown,0
53,retired,married,tertiary,no,1770,no,no,cellular,29,jan,147,1,-1,0,unknown,0
50,admin.,married,secondary,no,546,no,no,cellular,28,jul,82,6,-1,0,unknown,0
40,management,single,tertiary,no,257,no,no,cellular,1,feb,147,1,209,1,failure,0
45,blue-collar,married,secondary,no,240,no,no,cellular,18,aug,181,7,-1,0,unknown,0
55,unemployed,married,secondary,yes,1108,yes,yes,unknown,2,jun,75,4,-1,0,unknown,0
31,management,single,tertiary,no,4533,no,no,cellular,14,jun,262,3,98,3,other,0
50,blue-collar,married,primary,no,362,yes,no,unknown,8,may,201,2,-1,0,unknown,0
35,unknown,divorced,primary,no,3888,no,no,unknown,26,may,422,5,-1,0,unknown,0
60,blue-collar,married,secondary,no,0,no,yes,unknown,5,jun,124,1,-1,0,unknown,0
52,housemaid,married,primary,no,0,no,yes,cellular,9,jul,266,1,-1,0,unknown,0
55,entrepreneur,married,tertiary,no,22,no,yes,cellular,8,jul,215,1,-1,0,unknown,0
35,technician,single,tertiary,no,59,yes,no,unknown,28,may,145,3,-1,0,unknown,0
31,technician,married,tertiary,no,2166,no,no,cellular,13,jul,577,6,182,2,success,1
57,blue-collar,married,primary,yes,0,yes,no,unknown,12,may,73,3,-1,0,unknown,0
34,blue-collar,single,tertiary,no,1011,yes,no,unknown,6,may,136,1,-1,0,unknown,0
42,technician,married,secondary,no,-556,yes,no,cellular,19,nov,101,1,-1,0,unknown,0
37,unemployed,married,primary,no,236,yes,no,cellular,4,feb,101,1,-1,0,unknown,0
36,management,married,tertiary,no,82,no,no,cellular,2,feb,124,1,178,4,success,0
31,services,married,secondary,no,418,yes,yes,cellular,9,jul,219,1,-1,0,unknown,0
39,blue-collar,divorced,unknown,no,170,yes,no,unknown,6,may,268,2,-1,0,unknown,0
32,admin.,married,secondary,no,-1272,yes,no,unknown,6,jun,606,5,-1,0,unknown,0
35,unemployed,married,secondary,no,977,yes,no,cellular,4,may,52,4,91,1,other,0
45,blue-collar,divorced,secondary,no,77,yes,no,unknown,26,may,99,3,-1,0,unknown,0
38,admin.,divorced,secondary,no,74,yes,no,cellular,23,jul,279,3,-1,0,unknown,0
34,technician,single,secondary,no,1259,yes,no,cellular,18,nov,121,1,-1,0,unknown,0
53,entrepreneur,married,tertiary,no,1129,no,yes,cellular,28,jul,241,8,-1,0,unknown,0
57,blue-collar,single,primary,no,739,yes,no,cellular,14,may,172,2,364,1,failure,0
39,blue-collar,married,primary,no,33,yes,no,cellular,4,feb,211,1,-1,0,unknown,0
45,management,divorced,tertiary,no,6200,no,no,cellular,29,jul,103,2,-1,0,unknown,0
56,retired,married,unknown,no,228,yes,no,unknown,28,may,296,1,-1,0,unknown,0
44,technician,married,secondary,no,1226,yes,yes,cellular,29,jul,51,2,-1,0,unknown,0
32,management,married,tertiary,no,859,yes,yes,cellular,11,may,195,5,172,11,other,0
40,blue-collar,married,secondary,no,498,yes,no,cellular,8,may,55,2,298,4,failure,0
46,management,married,tertiary,no,110,yes,yes,cellular,20,aug,243,5,-1,0,unknown,0
31,management,single,tertiary,no,2137,no,no,cellular,6,feb,132,1,-1,0,unknown,0
38,management,married,tertiary,no,7124,no,no,unknown,16,jun,301,6,-1,0,unknown,0
32,management,married,tertiary,no,0,yes,no,unknown,16,may,387,1,-1,0,unknown,0
29,technician,single,secondary,no,706,yes,no,cellular,18,may,1340,1,-1,0,unknown,1
27,student,single,tertiary,no,1,no,no,cellular,25,jul,73,1,-1,0,unknown,0
36,admin.,married,secondary,no,953,yes,no,cellular,28,may,77,1,100,1,failure,0
38,blue-collar,married,secondary,no,43,no,yes,cellular,4,jul,135,3,-1,0,unknown,0
34,technician,single,secondary,no,22,yes,no,cellular,6,may,197,1,-1,0,unknown,0
35,admin.,married,unknown,no,1055,no,no,cellular,2,mar,59,2,-1,0,unknown,0
50,management,divorced,tertiary,no,704,yes,no,unknown,8,may,233,2,-1,0,unknown,0
39,technician,married,secondary,no,0,yes,yes,cellular,21,nov,83,1,-1,0,unknown,0
44,management,married,tertiary,no,70,no,no,cellular,20,aug,165,3,-1,0,unknown,0
24,technician,single,secondary,no,-103,yes,yes,unknown,5,may,145,1,-1,0,unknown,0
47,blue-collar,married,primary,no,1865,yes,no,unknown,8,may,380,3,-1,0,unknown,0
34,management,single,tertiary,no,2279,no,no,cellular,13,aug,284,1,-1,0,unknown,0
32,technician,single,tertiary,no,127,yes,no,cellular,31,jul,88,3,-1,0,unknown,0
50,self-employed,married,secondary,no,4440,no,yes,cellular,31,jul,12,3,-1,0,unknown,0
32,services,single,secondary,no,-55,yes,no,cellular,15,apr,601,1,-1,0,unknown,0
56,admin.,divorced,secondary,no,-429,no,yes,cellular,23,jul,229,4,-1,0,unknown,0
32,management,single,tertiary,no,574,yes,no,cellular,14,apr,259,2,145,3,failure,0
32,blue-collar,single,primary,no,60,yes,no,cellular,28,jul,136,2,-1,0,unknown,0
34,management,married,tertiary,no,703,yes,no,cellular,14,apr,342,1,-1,0,unknown,1
33,management,single,tertiary,no,201,yes,no,unknown,20,may,280,1,-1,0,unknown,0
42,services,married,secondary,no,0,yes,no,cellular,13,may,116,4,-1,0,unknown,0
51,management,married,tertiary,no,3463,no,yes,cellular,13,jul,371,2,166,3,other,1
41,blue-collar,married,secondary,no,0,yes,no,cellular,1,apr,625,2,-1,0,unknown,0
41,self-employed,married,secondary,no,713,yes,no,unknown,19,may,78,1,-1,0,unknown,0
36,blue-collar,single,secondary,no,40,yes,no,cellular,27,aug,259,3,475,4,success,1
25,student,single,secondary,no,348,no,no,cellular,10,aug,245,1,-1,0,unknown,1
59,admin.,married,secondary,no,506,yes,no,cellular,13,may,281,1,-1,0,unknown,0
53,retired,single,secondary,yes,-741,yes,yes,cellular,17,nov,53,1,-1,0,unknown,0
30,management,single,secondary,no,1299,no,no,cellular,14,aug,515,2,-1,0,unknown,0
39,services,married,secondary,no,1438,yes,no,unknown,20,may,212,2,-1,0,unknown,0
32,technician,single,secondary,no,792,no,no,cellular,29,aug,193,2,-1,0,unknown,0
32,blue-collar,single,secondary,no,235,yes,no,cellular,12,may,482,1,-1,0,unknown,0
48,admin.,married,secondary,no,811,no,yes,cellular,8,aug,149,2,-1,0,unknown,0
30,management,single,tertiary,no,725,no,no,cellular,11,aug,69,4,-1,0,unknown,0
30,management,married,tertiary,no,314,no,no,cellular,19,nov,364,2,175,2,success,0
46,management,divorced,secondary,no,0,no,no,cellular,27,aug,763,5,-1,0,unknown,1
28,student,single,unknown,no,78,no,no,cellular,4,dec,232,3,310,2,failure,1
50,housemaid,married,secondary,no,1484,no,no,unknown,9,jun,213,1,-1,0,unknown,0
32,technician,single,tertiary,no,5514,no,no,telephone,22,oct,181,1,-1,0,unknown,1
33,management,married,secondary,no,369,no,no,cellular,25,may,115,2,103,1,success,0
36,management,married,tertiary,no,722,yes,no,unknown,30,may,312,1,-1,0,unknown,0
29,services,divorced,secondary,no,92,yes,no,cellular,7,may,240,1,-1,0,unknown,0
35,management,married,tertiary,no,0,yes,no,unknown,21,oct,4,1,-1,0,unknown,0
54,technician,married,secondary,no,187,no,yes,cellular,4,jul,273,3,-1,0,unknown,0
30,admin.,single,secondary,no,28,no,no,unknown,20,aug,107,1,-1,0,unknown,0
43,technician,married,secondary,no,0,yes,no,cellular,11,jul,154,2,-1,0,unknown,0
34,blue-collar,married,primary,no,6575,yes,no,unknown,26,may,405,4,-1,0,unknown,0
61,retired,married,secondary,no,4248,yes,no,unknown,14,may,71,1,-1,0,unknown,0
45,blue-collar,married,secondary,no,243,no,no,cellular,21,nov,46,1,163,1,other,0
31,unknown,single,tertiary,no,0,no,no,cellular,7,jul,57,1,-1,0,unknown,0
46,technician,married,secondary,no,940,no,no,cellular,5,aug,1227,2,-1,0,unknown,1
30,entrepreneur,single,secondary,no,491,yes,no,unknown,9,may,197,4,-1,0,unknown,0
36,blue-collar,married,secondary,no,0,yes,no,telephone,19,nov,52,2,-1,0,unknown,0
30,technician,single,secondary,no,800,no,no,telephone,28,jan,60,2,-1,0,unknown,0
45,technician,single,secondary,no,52,no,yes,unknown,2,jul,79,3,-1,0,unknown,0
28,services,married,secondary,no,3019,no,no,unknown,2,jun,303,2,-1,0,unknown,0
33,management,married,tertiary,no,801,no,no,cellular,19,aug,133,4,-1,0,unknown,0
38,blue-collar,married,secondary,no,926,no,yes,unknown,6,jun,189,3,-1,0,unknown,0
37,management,single,secondary,no,793,no,no,cellular,7,oct,130,1,-1,0,unknown,0
44,management,divorced,tertiary,no,36,no,no,cellular,26,oct,127,2,153,3,failure,0
45,technician,married,secondary,no,1477,yes,no,cellular,8,jul,355,1,-1,0,unknown,0
34,blue-collar,married,secondary,no,2308,yes,no,unknown,7,may,1062,1,-1,0,unknown,0
46,blue-collar,married,primary,no,143,yes,no,unknown,7,may,279,1,-1,0,unknown,0
58,unemployed,married,secondary,no,4497,yes,no,unknown,29,may,128,1,-1,0,unknown,0
28,blue-collar,single,secondary,no,-403,no,yes,cellular,23,jul,140,2,-1,0,unknown,0
27,technician,single,secondary,no,155,yes,no,cellular,18,may,26,4,-1,0,unknown,0
53,blue-collar,married,primary,no,5603,no,no,cellular,28,aug,2372,6,-1,0,unknown,1
58,unemployed,married,secondary,no,1625,no,no,cellular,5,feb,286,2,-1,0,unknown,1
55,services,married,secondary,no,4263,no,no,cellular,14,aug,93,2,-1,0,unknown,0
60,management,divorced,secondary,no,0,yes,no,telephone,13,may,65,4,350,6,failure,0
60,housemaid,married,primary,no,887,no,no,cellular,14,aug,95,2,-1,0,unknown,0
37,blue-collar,single,secondary,no,1184,yes,no,cellular,20,nov,149,2,-1,0,unknown,0
33,self-employed,married,tertiary,no,263,no,no,cellular,14,aug,257,1,102,2,failure,0
53,blue-collar,married,primary,no,896,yes,no,unknown,14,may,106,1,-1,0,unknown,0
32,blue-collar,single,primary,no,315,yes,no,unknown,30,may,61,2,-1,0,unknown,0
49,technician,married,secondary,no,1811,yes,yes,cellular,2,feb,168,2,245,1,other,0
52,management,married,tertiary,no,3737,yes,no,unknown,19,jun,574,4,-1,0,unknown,0
25,technician,single,tertiary,no,3411,no,no,cellular,19,aug,225,2,-1,0,unknown,1
41,entrepreneur,married,secondary,no,187,no,yes,cellular,21,jul,354,1,-1,0,unknown,0
23,admin.,single,tertiary,no,897,yes,no,cellular,8,feb,190,2,280,8,failure,1
35,technician,married,secondary,no,712,yes,yes,cellular,22,aug,97,5,-1,0,unknown,0
58,retired,married,secondary,no,2553,no,no,cellular,14,aug,366,2,-1,0,unknown,0
44,admin.,divorced,primary,no,429,yes,no,telephone,23,oct,80,1,-1,0,unknown,1
43,entrepreneur,married,secondary,no,641,yes,yes,unknown,2,jun,251,4,-1,0,unknown,0
31,blue-collar,single,primary,no,5972,no,no,telephone,20,nov,59,1,-1,0,unknown,0
57,blue-collar,married,primary,no,696,yes,no,cellular,13,aug,89,6,-1,0,unknown,0
56,blue-collar,married,secondary,no,297,no,yes,telephone,27,aug,220,16,-1,0,unknown,0
52,technician,divorced,secondary,no,-558,no,no,cellular,14,aug,152,5,-1,0,unknown,0
52,technician,married,secondary,no,172,yes,yes,cellular,8,aug,75,2,-1,0,unknown,0
28,self-employed,married,tertiary,no,0,yes,no,cellular,4,feb,546,3,196,4,failure,1
46,services,married,secondary,no,311,yes,yes,cellular,15,jul,232,3,-1,0,unknown,0
41,blue-collar,married,secondary,no,-100,yes,no,unknown,16,jun,20,21,-1,0,unknown,0
34,management,married,secondary,no,42,no,no,cellular,22,aug,82,3,-1,0,unknown,0
30,management,single,tertiary,no,20580,yes,no,cellular,21,nov,116,2,-1,0,unknown,0
57,unemployed,married,primary,no,2743,no,no,cellular,29,jan,89,1,-1,0,unknown,0
37,entrepreneur,married,tertiary,no,404,yes,no,cellular,28,jul,55,10,-1,0,unknown,0
31,admin.,married,secondary,no,355,yes,no,cellular,18,nov,530,1,193,1,failure,0
37,blue-collar,married,secondary,no,1407,yes,no,cellular,21,nov,14,7,-1,0,unknown,0
51,technician,married,secondary,no,-1944,yes,no,cellular,7,may,623,1,-1,0,unknown,1
27,admin.,married,secondary,no,16,yes,no,cellular,3,feb,54,3,-1,0,unknown,0
36,self-employed,single,secondary,no,1295,no,no,cellular,20,nov,1192,1,-1,0,unknown,1
32,technician,married,secondary,no,11431,no,no,cellular,12,aug,141,5,-1,0,unknown,0
43,management,single,tertiary,no,1806,yes,no,cellular,12,aug,161,2,-1,0,unknown,0
40,technician,single,secondary,no,1001,yes,yes,cellular,7,may,148,1,-1,0,unknown,0
52,blue-collar,married,primary,no,1054,no,no,cellular,4,aug,273,1,-1,0,unknown,0
34,blue-collar,married,secondary,no,199,yes,no,unknown,8,may,627,3,-1,0,unknown,0
44,admin.,married,unknown,no,-299,yes,no,unknown,23,may,268,1,-1,0,unknown,0
47,housemaid,married,tertiary,no,228,yes,no,cellular,17,nov,80,1,118,1,failure,0
42,technician,single,secondary,no,25,yes,no,cellular,21,aug,148,1,-1,0,unknown,0
38,management,single,tertiary,no,424,yes,no,unknown,5,may,104,1,-1,0,unknown,0
26,blue-collar,single,tertiary,no,449,yes,no,cellular,5,feb,339,2,-1,0,unknown,0
33,services,married,secondary,no,227,yes,yes,cellular,13,aug,477,2,-1,0,unknown,1
39,management,married,tertiary,no,285,yes,no,cellular,15,jul,838,3,-1,0,unknown,1
76,retired,married,primary,no,2590,no,no,telephone,9,feb,68,12,-1,0,unknown,0
33,technician,married,primary,no,5,no,no,unknown,21,may,57,2,-1,0,unknown,0
35,management,single,tertiary,no,2486,yes,no,cellular,25,may,265,1,-1,0,unknown,0
29,blue-collar,single,secondary,no,1012,yes,no,unknown,23,may,926,1,-1,0,unknown,0
33,management,married,tertiary,no,1163,yes,no,cellular,10,jul,210,1,-1,0,unknown,0
36,technician,married,secondary,no,2474,yes,no,cellular,12,aug,107,1,-1,0,unknown,0
28,student,married,tertiary,no,1,no,no,cellular,15,jul,92,4,-1,0,unknown,0
33,management,married,tertiary,no,340,no,no,cellular,7,aug,402,2,-1,0,unknown,0
38,housemaid,married,primary,no,3577,no,no,unknown,6,jun,190,2,-1,0,unknown,0
48,blue-collar,married,unknown,no,113,no,no,cellular,11,aug,104,13,-1,0,unknown,0
41,blue-collar,married,secondary,no,-648,yes,no,cellular,12,may,104,3,172,2,failure,0
48,self-employed,divorced,tertiary,no,41,yes,no,cellular,16,jul,198,2,-1,0,unknown,0
29,admin.,married,secondary,no,252,yes,no,cellular,15,may,1223,3,371,1,failure,0
29,management,single,unknown,no,560,no,no,cellular,6,jul,212,1,92,2,success,0
28,self-employed,single,tertiary,no,805,no,no,cellular,26,may,69,1,99,1,success,0
31,admin.,single,secondary,no,747,yes,no,unknown,26,may,543,2,-1,0,unknown,1
30,management,single,tertiary,no,17,no,no,cellular,28,aug,95,6,-1,0,unknown,0
45,blue-collar,married,primary,yes,-443,yes,yes,cellular,20,apr,691,1,-1,0,unknown,1
35,admin.,married,secondary,no,2238,yes,no,unknown,23,may,42,3,-1,0,unknown,0
30,blue-collar,married,primary,no,-5,yes,no,cellular,18,may,518,2,-1,0,unknown,0
32,entrepreneur,married,secondary,no,0,yes,no,cellular,11,jul,223,2,-1,0,unknown,0
32,management,single,tertiary,no,47,no,no,cellular,19,aug,133,4,-1,0,unknown,0
34,blue-collar,married,secondary,no,-211,yes,no,cellular,29,jan,135,2,184,5,failure,0
39,blue-collar,single,primary,no,554,no,no,telephone,31,jul,22,5,-1,0,unknown,0
58,technician,married,secondary,no,7429,no,no,cellular,20,nov,199,1,-1,0,unknown,0
38,blue-collar,married,secondary,no,622,yes,no,unknown,21,may,611,2,-1,0,unknown,1
60,technician,married,secondary,no,824,yes,no,cellular,9,feb,127,1,558,7,other,1
32,technician,married,secondary,no,150,no,yes,cellular,7,aug,231,2,-1,0,unknown,0
50,management,married,tertiary,no,1597,no,no,cellular,19,nov,374,2,-1,0,unknown,0
51,housemaid,married,primary,no,1275,no,no,unknown,6,jun,92,1,-1,0,unknown,0
39,self-employed,married,tertiary,no,585,yes,no,cellular,18,nov,48,1,181,3,failure,0
54,blue-collar,married,primary,no,3170,yes,no,telephone,16,apr,140,2,324,4,failure,0
52,blue-collar,married,primary,no,1524,no,no,cellular,3,jul,1007,6,-1,0,unknown,1
41,blue-collar,married,primary,no,1018,yes,no,cellular,25,jul,171,1,-1,0,unknown,0
39,services,married,secondary,no,3165,yes,no,cellular,15,may,56,1,368,2,failure,0
40,entrepreneur,married,primary,no,324,yes,no,cellular,27,aug,205,6,-1,0,unknown,0
32,management,married,tertiary,no,927,no,no,cellular,8,oct,282,1,-1,0,unknown,0
58,technician,married,secondary,no,786,yes,no,unknown,7,may,165,3,-1,0,unknown,0
55,unemployed,divorced,secondary,no,79,yes,no,cellular,17,jul,418,2,-1,0,unknown,0
23,services,married,secondary,no,83,yes,no,cellular,6,may,199,1,358,1,failure,0
46,blue-collar,single,secondary,no,76,yes,no,unknown,7,may,245,2,-1,0,unknown,0
54,entrepreneur,married,unknown,no,1021,no,no,unknown,20,jun,13,7,-1,0,unknown,0
43,blue-collar,single,primary,no,0,no,no,unknown,9,may,71,3,-1,0,unknown,0
49,technician,divorced,secondary,no,181,yes,no,unknown,28,may,230,8,-1,0,unknown,0
28,management,single,tertiary,no,2249,yes,yes,cellular,18,jul,595,2,-1,0,unknown,0
47,entrepreneur,married,secondary,no,0,no,no,unknown,19,jun,563,2,-1,0,unknown,0
33,technician,single,secondary,no,5214,yes,no,cellular,7,may,293,2,-1,0,unknown,0
45,admin.,single,secondary,no,375,no,yes,unknown,22,sep,10,1,594,6,failure,0
43,blue-collar,married,secondary,no,-179,yes,no,cellular,30,jul,335,6,-1,0,unknown,0
43,admin.,single,secondary,no,733,yes,no,cellular,21,aug,126,1,88,4,success,1
66,retired,divorced,unknown,no,53,no,no,cellular,12,jul,562,4,-1,0,unknown,1
38,blue-collar,single,primary,no,947,yes,no,cellular,12,may,361,2,-1,0,unknown,0
49,admin.,married,secondary,no,1677,no,no,unknown,5,jun,19,3,-1,0,unknown,0
30,technician,married,secondary,no,450,no,yes,cellular,14,jul,72,4,-1,0,unknown,0
32,blue-collar,single,secondary,no,567,yes,no,cellular,7,may,275,2,342,4,other,0
48,management,married,tertiary,no,408,yes,no,cellular,17,apr,132,1,-1,0,unknown,0
28,self-employed,single,secondary,no,1166,no,yes,cellular,30,jan,177,3,192,3,other,0
33,unemployed,married,tertiary,no,3335,no,no,cellular,18,aug,98,6,-1,0,unknown,0
44,management,divorced,tertiary,no,2367,no,no,cellular,22,sep,263,1,184,6,success,1
33,management,married,tertiary,no,0,yes,no,unknown,6,may,290,1,-1,0,unknown,0
36,management,married,tertiary,no,2687,no,no,cellular,16,apr,58,3,-1,0,unknown,0
27,student,single,secondary,no,8366,no,no,cellular,7,may,458,2,349,1,other,0
30,admin.,married,tertiary,no,1717,no,yes,unknown,2,jul,218,2,-1,0,unknown,0
35,management,married,tertiary,no,3083,no,no,unknown,20,jun,274,9,-1,0,unknown,0
43,technician,married,secondary,no,0,no,yes,cellular,17,nov,103,2,193,3,failure,0
46,management,married,secondary,yes,-333,no,yes,cellular,30,jul,597,2,-1,0,unknown,0
60,services,married,secondary,no,1446,no,no,cellular,21,aug,283,6,-1,0,unknown,0
36,management,married,tertiary,no,549,yes,no,cellular,17,apr,151,4,150,2,failure,0
49,technician,married,primary,no,1878,yes,no,unknown,14,may,267,1,-1,0,unknown,0
35,entrepreneur,single,secondary,no,866,yes,no,cellular,19,nov,147,1,-1,0,unknown,0
38,management,divorced,tertiary,no,904,yes,no,unknown,8,may,475,1,-1,0,unknown,0
35,technician,married,secondary,no,1508,no,no,cellular,28,jul,339,8,-1,0,unknown,0
34,services,single,secondary,no,215,no,no,cellular,28,jul,56,5,-1,0,unknown,0
49,admin.,divorced,secondary,no,-73,yes,no,cellular,30,jul,31,22,-1,0,unknown,0
56,retired,married,secondary,no,334,no,no,cellular,21,jul,101,1,-1,0,unknown,0
46,entrepreneur,married,secondary,no,757,no,no,unknown,16,jun,382,3,-1,0,unknown,0
56,technician,married,secondary,no,276,yes,no,cellular,15,may,301,1,368,1,failure,0
31,services,single,secondary,no,334,no,no,unknown,28,jun,54,1,-1,0,unknown,0
29,admin.,single,secondary,no,1027,yes,no,cellular,2,feb,177,1,-1,0,unknown,1
29,entrepreneur,single,tertiary,no,402,yes,yes,cellular,29,jul,345,5,-1,0,unknown,0
47,services,married,secondary,no,518,no,no,cellular,29,aug,96,2,-1,0,unknown,0
39,admin.,single,secondary,no,102,yes,no,cellular,12,may,293,2,-1,0,unknown,0
34,unemployed,married,tertiary,no,425,no,no,cellular,3,feb,289,2,-1,0,unknown,0
28,blue-collar,married,secondary,no,61,yes,no,cellular,21,aug,744,1,109,3,success,1
40,blue-collar,married,secondary,no,1954,no,no,cellular,31,jul,1107,2,-1,0,unknown,1
44,blue-collar,divorced,secondary,no,338,yes,no,cellular,13,may,133,1,370,1,failure,0
38,admin.,single,secondary,no,569,yes,yes,cellular,2,feb,164,2,272,2,failure,0
52,self-employed,married,primary,no,-107,yes,yes,unknown,20,jun,134,2,-1,0,unknown,0
27,technician,married,secondary,no,0,yes,no,cellular,30,jul,138,8,-1,0,unknown,0
44,blue-collar,married,secondary,no,1025,yes,no,cellular,21,dec,116,2,202,1,failure,0
59,blue-collar,married,secondary,yes,-918,yes,no,unknown,16,jun,253,2,-1,0,unknown,0
34,technician,single,tertiary,no,992,yes,no,cellular,5,feb,71,2,-1,0,unknown,1
39,self-employed,single,tertiary,no,917,yes,no,cellular,5,feb,161,2,258,1,failure,0
37,blue-collar,married,secondary,no,151,yes,no,unknown,5,jun,202,1,-1,0,unknown,0
35,blue-collar,married,secondary,no,323,yes,no,cellular,13,may,46,1,-1,0,unknown,0
43,management,married,secondary,no,3,yes,no,unknown,9,may,204,2,-1,0,unknown,0
38,management,married,tertiary,no,1100,no,yes,cellular,11,aug,347,2,-1,0,unknown,0
56,management,single,tertiary,no,545,yes,no,cellular,29,jan,86,1,-1,0,unknown,0
35,blue-collar,married,secondary,no,274,yes,yes,unknown,20,may,205,1,-1,0,unknown,0
36,blue-collar,married,primary,no,4693,yes,no,cellular,20,apr,15,6,152,21,other,0
37,admin.,married,tertiary,no,1988,no,no,cellular,17,nov,397,2,-1,0,unknown,0
33,blue-collar,married,secondary,no,-367,yes,yes,unknown,26,may,221,2,-1,0,unknown,0
26,unknown,single,secondary,no,1187,no,no,unknown,17,nov,44,1,-1,0,unknown,0
44,blue-collar,married,secondary,no,1025,yes,no,unknown,18,jun,200,1,-1,0,unknown,0
39,blue-collar,married,primary,no,3324,no,no,cellular,9,jul,108,1,-1,0,unknown,0
39,management,divorced,tertiary,no,30,no,yes,cellular,3,feb,265,4,-1,0,unknown,0
36,technician,divorced,secondary,no,69,yes,no,cellular,12,may,61,2,369,3,failure,0
38,blue-collar,married,secondary,no,814,yes,no,cellular,4,feb,306,1,-1,0,unknown,0
23,entrepreneur,single,primary,no,4,yes,no,unknown,13,may,395,2,-1,0,unknown,1
23,blue-collar,married,secondary,no,-213,yes,yes,unknown,26,may,87,2,-1,0,unknown,0
29,blue-collar,married,secondary,no,659,no,no,telephone,19,nov,401,1,-1,0,unknown,0
25,student,married,secondary,no,37,no,no,unknown,24,jul,11,1,-1,0,unknown,0
25,management,married,tertiary,no,127,yes,no,cellular,18,may,695,2,-1,0,unknown,0
55,retired,divorced,primary,no,1174,yes,no,cellular,18,nov,245,1,-1,0,unknown,0
57,retired,married,tertiary,no,138,no,no,unknown,26,may,157,5,-1,0,unknown,0
53,technician,married,secondary,no,3398,no,yes,telephone,20,nov,88,6,113,13,other,0
34,admin.,divorced,secondary,no,2144,yes,no,unknown,23,may,157,1,-1,0,unknown,0
40,management,married,secondary,no,406,yes,no,unknown,12,jun,577,2,-1,0,unknown,1
44,blue-collar,married,secondary,no,1081,yes,no,unknown,20,may,304,2,-1,0,unknown,0
40,management,married,tertiary,no,294,yes,no,cellular,23,jul,97,5,-1,0,unknown,0
32,admin.,married,secondary,no,0,no,no,cellular,30,jan,119,3,-1,0,unknown,0
43,management,divorced,tertiary,no,3578,no,no,cellular,29,jan,376,2,-1,0,unknown,0
44,management,divorced,tertiary,no,1379,yes,no,unknown,30,may,119,1,-1,0,unknown,0
39,management,divorced,tertiary,no,115,no,no,cellular,29,aug,345,2,-1,0,unknown,0
33,services,married,tertiary,no,570,no,no,cellular,25,may,70,1,-1,0,unknown,0
39,technician,married,tertiary,no,206,no,no,cellular,20,oct,148,2,195,2,success,1
27,technician,single,tertiary,no,535,yes,no,unknown,6,jun,446,3,-1,0,unknown,0
52,technician,married,secondary,no,136,no,no,cellular,28,aug,88,5,-1,0,unknown,0
39,admin.,married,primary,no,237,no,no,unknown,16,jun,215,2,-1,0,unknown,0
40,management,single,tertiary,no,1820,yes,yes,unknown,3,jun,173,3,-1,0,unknown,0
39,admin.,single,tertiary,no,283,yes,no,cellular,18,nov,346,1,179,3,other,0
45,blue-collar,divorced,primary,no,8,no,yes,unknown,4,jul,407,1,-1,0,unknown,0
30,technician,married,secondary,no,-280,yes,no,cellular,25,jul,246,2,-1,0,unknown,0
44,blue-collar,married,primary,no,0,yes,no,telephone,5,may,408,2,350,1,failure,0
50,unknown,married,unknown,no,0,no,no,cellular,21,aug,120,2,-1,0,unknown,0
38,admin.,single,secondary,no,144,yes,no,cellular,18,may,177,1,-1,0,unknown,0
44,management,married,unknown,no,21,no,no,cellular,24,aug,323,2,-1,0,unknown,0
33,technician,married,secondary,no,6419,no,no,cellular,7,aug,419,3,-1,0,unknown,0
32,blue-collar,divorced,secondary,no,880,yes,yes,unknown,4,jun,112,1,-1,0,unknown,0
25,admin.,single,secondary,no,122,yes,no,unknown,6,may,286,1,-1,0,unknown,0
33,self-employed,single,tertiary,no,562,yes,yes,cellular,6,apr,196,1,363,1,failure,1
23,blue-collar,single,secondary,no,780,yes,no,cellular,15,may,416,1,-1,0,unknown,1
60,retired,married,secondary,no,4820,no,no,unknown,5,jun,419,1,-1,0,unknown,0
31,technician,single,tertiary,no,162,no,no,cellular,28,aug,13,9,-1,0,unknown,0
41,management,married,tertiary,no,472,yes,no,cellular,10,jul,783,1,-1,0,unknown,0
29,student,single,secondary,no,1124,no,no,unknown,24,aug,26,1,-1,0,unknown,0
60,technician,married,secondary,no,955,no,no,cellular,18,aug,37,3,-1,0,unknown,0
59,housemaid,divorced,primary,no,195,no,no,unknown,5,may,366,2,-1,0,unknown,0
33,technician,single,secondary,no,79,yes,no,cellular,25,aug,163,3,-1,0,unknown,0
35,technician,married,unknown,no,208,yes,no,unknown,19,may,214,1,-1,0,unknown,0
61,blue-collar,married,secondary,no,681,yes,no,telephone,19,aug,173,6,492,2,failure,0
37,services,married,secondary,no,3429,yes,yes,cellular,8,may,151,4,171,11,other,0
37,technician,married,secondary,no,183,yes,no,unknown,12,may,194,2,-1,0,unknown,0
36,services,married,secondary,no,1053,yes,no,telephone,30,jan,99,1,259,1,failure,0
51,self-employed,single,secondary,no,0,no,no,cellular,29,oct,1707,2,-1,0,unknown,1
33,admin.,married,tertiary,no,-1011,no,no,cellular,21,nov,134,1,-1,0,unknown,0
41,management,married,tertiary,no,326,no,no,cellular,6,feb,163,1,182,2,failure,0
35,blue-collar,married,secondary,no,975,yes,no,cellular,16,jul,102,1,-1,0,unknown,0
48,blue-collar,single,secondary,no,8982,yes,no,unknown,14,may,628,1,-1,0,unknown,0
30,blue-collar,married,primary,no,2581,no,no,unknown,12,may,221,2,-1,0,unknown,0
39,services,married,secondary,no,5731,yes,no,unknown,20,may,175,2,-1,0,unknown,0
46,entrepreneur,married,secondary,no,294,yes,no,cellular,17,jul,228,1,-1,0,unknown,0
36,blue-collar,married,primary,no,650,yes,no,unknown,12,may,170,2,-1,0,unknown,0
35,admin.,married,secondary,no,640,no,no,unknown,6,jun,461,2,-1,0,unknown,0
26,management,single,tertiary,no,200,no,no,cellular,1,sep,91,2,-1,0,unknown,0
33,self-employed,single,secondary,no,4,yes,no,cellular,19,nov,136,2,180,2,failure,0
38,blue-collar,married,secondary,no,2342,no,no,unknown,12,jun,136,2,-1,0,unknown,0
41,technician,married,secondary,no,261,no,yes,unknown,5,jun,222,1,-1,0,unknown,0
46,blue-collar,married,secondary,no,4007,no,no,cellular,3,feb,380,5,217,5,other,0
37,management,married,tertiary,no,-9,no,no,cellular,29,aug,168,2,-1,0,unknown,0
56,management,single,tertiary,no,1092,yes,yes,cellular,17,nov,176,3,186,4,failure,0
43,services,divorced,secondary,no,1040,yes,no,unknown,19,may,552,3,-1,0,unknown,1
28,services,single,primary,no,302,no,no,unknown,3,jun,248,9,-1,0,unknown,0
36,admin.,divorced,primary,no,227,no,no,cellular,9,jul,185,1,-1,0,unknown,0
34,blue-collar,married,primary,no,244,yes,no,unknown,27,may,15,13,-1,0,unknown,0
43,admin.,divorced,secondary,no,242,yes,no,unknown,23,may,174,1,-1,0,unknown,0
43,technician,single,secondary,no,0,yes,no,unknown,14,may,37,3,-1,0,unknown,0
50,management,married,tertiary,no,4045,no,no,unknown,19,jun,167,1,-1,0,unknown,0
54,management,married,tertiary,no,3795,yes,yes,cellular,17,nov,227,2,119,1,failure,0
26,management,single,tertiary,no,962,yes,no,cellular,8,may,132,1,-1,0,unknown,0
47,management,single,tertiary,no,86,no,no,cellular,5,aug,253,1,97,4,success,1
29,student,single,secondary,no,48,no,no,cellular,26,feb,51,1,-1,0,unknown,0
34,entrepreneur,married,secondary,no,1368,yes,no,cellular,18,nov,252,2,-1,0,unknown,0
54,admin.,married,secondary,no,66,yes,no,cellular,11,nov,167,1,-1,0,unknown,1
32,blue-collar,married,primary,no,-145,yes,yes,cellular,7,may,273,1,-1,0,unknown,0
33,blue-collar,single,secondary,no,-84,no,no,cellular,10,jul,506,3,-1,0,unknown,0
52,technician,married,unknown,no,668,yes,no,cellular,31,jul,212,4,-1,0,unknown,0
58,blue-collar,married,primary,no,226,yes,yes,cellular,10,may,135,3,-1,0,unknown,0
55,housemaid,married,primary,no,0,no,no,unknown,11,jun,306,3,-1,0,unknown,0
28,admin.,single,secondary,no,1408,no,no,cellular,13,aug,166,1,78,2,failure,0
37,management,married,secondary,no,121,no,yes,cellular,17,nov,211,2,151,2,failure,0
31,technician,single,secondary,no,40,no,no,cellular,7,aug,123,2,-1,0,unknown,0
32,management,single,tertiary,no,41,no,no,cellular,21,aug,686,5,-1,0,unknown,1
31,admin.,married,tertiary,no,80,yes,yes,cellular,13,oct,63,1,-1,0,unknown,0
44,services,divorced,secondary,no,0,yes,no,unknown,4,jun,389,5,-1,0,unknown,0
40,technician,married,tertiary,no,516,yes,no,cellular,9,feb,175,5,12,1,other,0
32,unemployed,single,tertiary,no,586,yes,no,cellular,9,feb,12,5,-1,0,unknown,0
54,management,married,tertiary,no,810,no,no,cellular,5,aug,156,1,-1,0,unknown,0
60,management,single,tertiary,no,1034,yes,no,cellular,7,aug,231,3,-1,0,unknown,1
40,management,married,tertiary,no,0,no,no,cellular,7,jul,111,1,-1,0,unknown,0
48,self-employed,married,secondary,no,884,yes,no,cellular,31,jul,118,2,-1,0,unknown,0
28,blue-collar,single,secondary,no,39,no,no,cellular,31,jul,22,7,-1,0,unknown,0
26,admin.,single,secondary,no,102,no,yes,cellular,8,jul,658,2,-1,0,unknown,1
35,technician,married,tertiary,no,358,no,no,cellular,29,aug,92,9,-1,0,unknown,0
36,unemployed,married,tertiary,no,154,no,no,cellular,26,aug,556,7,-1,0,unknown,1
52,admin.,divorced,secondary,no,725,yes,no,cellular,20,apr,57,3,325,1,other,0
33,management,married,tertiary,no,1808,no,no,cellular,28,dec,250,3,-1,0,unknown,1
64,management,married,tertiary,no,5112,no,no,telephone,19,oct,898,7,137,11,other,1
60,retired,married,primary,no,751,yes,no,unknown,15,may,133,1,-1,0,unknown,0
30,blue-collar,single,primary,no,253,yes,no,cellular,5,may,259,1,-1,0,unknown,1
55,management,divorced,secondary,no,394,no,no,unknown,5,jun,119,3,-1,0,unknown,0
34,management,single,tertiary,no,3679,yes,no,cellular,21,nov,146,1,101,1,failure,0
31,admin.,single,secondary,no,-48,yes,no,unknown,16,may,254,17,-1,0,unknown,0
52,management,married,tertiary,no,1227,no,no,cellular,22,aug,1123,4,-1,0,unknown,1
34,technician,single,tertiary,no,992,yes,no,cellular,4,may,301,1,88,2,success,0
58,blue-collar,married,secondary,no,928,no,no,cellular,15,jul,656,3,-1,0,unknown,0
53,management,married,tertiary,no,0,no,no,cellular,11,aug,608,2,-1,0,unknown,1
26,blue-collar,single,secondary,no,2,yes,no,unknown,30,may,170,4,-1,0,unknown,0
37,admin.,divorced,secondary,no,-165,yes,no,unknown,3,jun,48,2,-1,0,unknown,0
28,student,single,secondary,no,217,yes,no,cellular,15,may,238,2,372,1,failure,0
39,blue-collar,married,primary,no,592,yes,no,unknown,2,jun,222,2,-1,0,unknown,0
40,management,married,tertiary,no,-63,no,yes,cellular,2,jul,196,1,-1,0,unknown,0
26,management,single,tertiary,no,222,no,no,cellular,26,oct,318,1,120,3,success,1
26,technician,single,secondary,no,603,no,yes,cellular,17,jul,176,1,-1,0,unknown,0
36,blue-collar,married,primary,no,319,yes,no,cellular,13,may,774,2,301,1,failure,1
39,technician,married,secondary,no,1048,no,yes,cellular,21,jul,405,1,-1,0,unknown,0
27,admin.,married,secondary,no,-48,yes,no,unknown,20,jun,168,2,-1,0,unknown,0
34,management,married,tertiary,no,3167,yes,yes,cellular,21,nov,152,1,-1,0,unknown,0
40,entrepreneur,married,secondary,no,780,yes,no,unknown,17,jun,163,1,-1,0,unknown,0
28,admin.,married,secondary,no,-97,yes,no,cellular,13,may,129,1,-1,0,unknown,0
48,management,divorced,tertiary,no,657,no,yes,cellular,29,jan,251,2,-1,0,unknown,0
60,retired,married,tertiary,no,45,no,no,cellular,28,aug,39,5,-1,0,unknown,0
51,management,married,tertiary,no,0,yes,no,unknown,30,may,151,1,-1,0,unknown,0
54,retired,married,primary,no,235,no,yes,cellular,21,nov,353,2,113,5,failure,0
36,blue-collar,married,secondary,no,708,yes,no,telephone,21,nov,43,1,-1,0,unknown,0
38,technician,married,secondary,no,284,yes,no,unknown,6,may,483,1,-1,0,unknown,0
27,blue-collar,married,primary,no,713,yes,no,unknown,30,may,152,4,-1,0,unknown,0
45,admin.,married,secondary,no,0,yes,yes,cellular,4,aug,368,2,-1,0,unknown,0
29,technician,single,secondary,no,-13,yes,no,cellular,14,may,512,3,-1,0,unknown,0
58,retired,married,tertiary,no,3628,no,no,unknown,16,jun,109,2,-1,0,unknown,0
56,services,married,secondary,no,1150,no,yes,cellular,17,nov,107,1,117,3,failure,0
45,admin.,married,secondary,yes,-106,yes,yes,cellular,7,may,553,3,288,1,other,1
28,admin.,single,secondary,no,296,yes,no,unknown,13,may,218,1,-1,0,unknown,0
30,unemployed,single,primary,no,1,no,no,cellular,18,nov,119,2,-1,0,unknown,0
34,housemaid,married,secondary,yes,0,no,no,cellular,21,aug,398,2,-1,0,unknown,0
60,management,married,tertiary,no,474,no,no,cellular,31,aug,415,5,186,3,other,1
49,services,divorced,primary,no,90,no,no,cellular,23,jul,126,4,-1,0,unknown,0
36,blue-collar,divorced,secondary,no,2843,no,no,cellular,12,feb,473,1,182,1,success,0
54,blue-collar,married,secondary,no,-10,yes,no,cellular,21,nov,490,2,-1,0,unknown,0
48,housemaid,married,secondary,no,1397,no,no,cellular,31,jul,66,2,-1,0,unknown,0
32,blue-collar,married,primary,no,2198,no,no,cellular,15,may,463,1,175,4,failure,0
36,self-employed,married,tertiary,no,1234,no,no,cellular,7,jul,106,1,-1,0,unknown,0
27,technician,single,tertiary,no,149,no,yes,cellular,30,jan,283,1,-1,0,unknown,0
34,housemaid,married,tertiary,no,11219,no,no,cellular,25,may,112,1,-1,0,unknown,0
30,services,single,secondary,no,726,yes,yes,cellular,30,jul,109,3,-1,0,unknown,0
81,retired,divorced,unknown,no,0,no,no,telephone,16,oct,128,1,-1,0,unknown,0
39,admin.,single,secondary,no,2749,yes,no,cellular,8,may,104,1,170,1,failure,0
35,self-employed,married,tertiary,no,7990,yes,no,cellular,4,feb,357,1,-1,0,unknown,0
48,management,married,tertiary,no,732,no,no,cellular,14,aug,157,2,-1,0,unknown,0
39,technician,single,tertiary,no,434,yes,no,cellular,28,jan,169,2,-1,0,unknown,0
32,blue-collar,single,primary,no,1660,no,no,unknown,20,may,14,1,-1,0,unknown,0
34,management,single,secondary,no,1863,no,no,cellular,28,aug,143,1,-1,0,unknown,0
39,blue-collar,married,secondary,no,1309,no,yes,telephone,10,jul,37,1,-1,0,unknown,0
57,housemaid,married,primary,no,1969,no,no,cellular,14,aug,286,3,-1,0,unknown,0
59,retired,married,primary,no,2632,no,no,cellular,3,jun,123,1,-1,0,unknown,0
37,admin.,married,tertiary,no,3221,no,no,cellular,15,jun,379,2,376,13,other,1
57,technician,married,tertiary,no,3082,yes,yes,cellular,20,apr,267,2,294,3,failure,0
36,technician,divorced,tertiary,no,1762,yes,no,unknown,3,jun,259,1,-1,0,unknown,0
39,admin.,married,tertiary,no,259,yes,no,unknown,19,may,27,1,-1,0,unknown,0
57,technician,divorced,secondary,no,204,no,no,unknown,6,jun,97,5,-1,0,unknown,0
31,services,divorced,secondary,no,1016,yes,no,cellular,6,may,20,1,342,1,failure,0
33,management,married,tertiary,no,2441,yes,yes,cellular,19,nov,154,1,-1,0,unknown,0
39,admin.,single,secondary,no,1965,yes,no,cellular,8,may,247,1,-1,0,unknown,0
56,housemaid,married,primary,no,2666,yes,yes,cellular,29,jan,94,2,-1,0,unknown,0
35,blue-collar,married,secondary,no,0,yes,yes,cellular,24,jul,250,1,-1,0,unknown,0
60,blue-collar,married,primary,no,93,no,yes,unknown,27,may,125,4,-1,0,unknown,0
45,management,married,tertiary,no,10,no,no,cellular,26,aug,133,7,-1,0,unknown,0
61,retired,married,primary,no,8729,no,no,cellular,30,oct,480,1,-1,0,unknown,1
28,blue-collar,single,secondary,no,6307,yes,no,unknown,28,may,615,1,-1,0,unknown,0
42,technician,married,tertiary,no,757,no,no,cellular,10,feb,154,1,-1,0,unknown,1
73,retired,divorced,primary,no,5028,no,no,cellular,4,dec,696,10,-1,0,unknown,1
30,management,married,tertiary,no,4145,yes,yes,cellular,18,jul,302,1,-1,0,unknown,0
38,blue-collar,single,secondary,no,1137,no,no,cellular,13,may,316,1,-1,0,unknown,0
61,retired,married,tertiary,no,5267,no,no,cellular,18,aug,212,7,188,3,success,0
51,blue-collar,married,primary,no,720,no,no,cellular,7,jul,160,5,-1,0,unknown,0
48,technician,married,secondary,no,0,no,no,cellular,19,aug,215,2,-1,0,unknown,0
49,blue-collar,married,secondary,no,1157,no,no,cellular,18,aug,91,4,-1,0,unknown,0
35,technician,married,tertiary,no,633,yes,yes,cellular,2,feb,76,3,5,3,other,0
34,blue-collar,married,primary,no,-319,yes,yes,cellular,9,jul,134,4,-1,0,unknown,0
26,management,single,tertiary,no,690,no,no,cellular,5,feb,76,3,-1,0,unknown,0
32,admin.,single,secondary,no,294,yes,no,unknown,28,may,97,2,-1,0,unknown,0
31,entrepreneur,married,tertiary,no,5191,no,no,cellular,20,nov,187,2,-1,0,unknown,0
59,unemployed,divorced,secondary,no,2026,no,no,cellular,14,aug,185,3,73,1,failure,0
54,management,divorced,primary,no,0,no,no,unknown,6,may,472,1,-1,0,unknown,0
53,technician,divorced,secondary,no,1301,yes,no,unknown,29,may,90,1,-1,0,unknown,0
35,technician,married,secondary,no,294,yes,no,cellular,15,jun,238,6,98,5,success,0
55,blue-collar,married,unknown,no,2691,yes,no,cellular,20,nov,278,1,104,2,other,0
32,blue-collar,single,secondary,no,313,yes,yes,unknown,5,jun,67,2,-1,0,unknown,0
44,technician,married,secondary,no,7649,no,no,cellular,20,aug,188,6,-1,0,unknown,0
53,technician,divorced,secondary,no,305,no,yes,unknown,17,jun,192,1,-1,0,unknown,0
68,retired,married,secondary,no,1443,no,no,telephone,21,dec,2062,2,257,1,success,1
30,admin.,single,secondary,no,-548,yes,yes,cellular,28,jul,70,2,-1,0,unknown,0
56,unknown,divorced,primary,no,558,no,no,unknown,11,jun,119,1,-1,0,unknown,0
49,management,married,tertiary,no,1167,yes,yes,cellular,24,sep,249,1,91,14,success,1
44,management,married,secondary,no,4425,no,no,cellular,30,jul,477,2,-1,0,unknown,0
36,admin.,married,secondary,no,0,yes,yes,cellular,11,may,94,1,-1,0,unknown,0
33,blue-collar,married,primary,no,332,yes,no,unknown,6,may,116,2,-1,0,unknown,0
28,technician,single,secondary,no,8,yes,no,cellular,29,jan,389,2,254,3,failure,0
43,technician,divorced,secondary,yes,73,yes,no,cellular,14,jul,324,2,-1,0,unknown,0
51,technician,married,secondary,no,12061,yes,no,cellular,17,nov,150,1,188,1,failure,0
33,management,married,tertiary,no,641,yes,no,cellular,13,aug,347,2,-1,0,unknown,0
35,management,single,tertiary,no,2015,no,no,cellular,15,jun,60,1,390,1,failure,0
57,blue-collar,married,primary,no,0,no,no,cellular,12,aug,120,3,-1,0,unknown,0
33,services,married,secondary,no,107,yes,yes,cellular,13,may,21,6,-1,0,unknown,0
32,admin.,married,secondary,no,0,no,no,cellular,16,jul,141,7,-1,0,unknown,0
25,management,single,tertiary,no,493,yes,no,unknown,4,jun,301,1,-1,0,unknown,0
19,student,single,primary,no,56,no,no,cellular,12,aug,246,1,-1,0,unknown,0
38,admin.,single,secondary,no,648,yes,no,cellular,6,feb,101,2,-1,0,unknown,0
62,blue-collar,married,secondary,no,272,no,no,cellular,11,aug,146,1,286,2,failure,1
39,blue-collar,married,secondary,no,1360,yes,no,cellular,13,may,247,1,-1,0,unknown,0
31,services,married,secondary,no,238,yes,yes,unknown,9,may,156,2,-1,0,unknown,0
29,blue-collar,single,secondary,no,555,yes,no,cellular,15,may,133,4,-1,0,unknown,0
34,blue-collar,single,secondary,no,53,yes,yes,unknown,5,may,346,1,-1,0,unknown,0
37,housemaid,married,secondary,no,589,yes,no,cellular,25,jul,335,2,-1,0,unknown,0
32,housemaid,married,primary,no,51,yes,no,cellular,12,may,324,1,-1,0,unknown,0
41,technician,married,secondary,no,978,no,no,cellular,29,jul,55,2,-1,0,unknown,0
40,retired,married,secondary,no,263,no,no,unknown,6,jun,761,3,-1,0,unknown,0
24,blue-collar,single,secondary,no,9883,no,no,cellular,8,jul,210,5,-1,0,unknown,1
60,entrepreneur,married,unknown,yes,-284,yes,yes,cellular,4,aug,67,8,-1,0,unknown,0
75,retired,married,secondary,no,324,no,no,telephone,12,nov,124,2,91,4,other,0
34,technician,married,secondary,no,50,no,no,cellular,11,aug,106,3,-1,0,unknown,0
56,blue-collar,married,primary,no,1137,no,no,telephone,2,jul,176,1,-1,0,unknown,1
38,blue-collar,single,secondary,no,0,no,no,cellular,30,apr,102,1,-1,0,unknown,0
53,unemployed,divorced,secondary,no,4512,no,no,unknown,19,jun,203,2,-1,0,unknown,0
33,management,single,tertiary,no,2294,yes,no,cellular,18,may,81,1,178,1,other,0
47,blue-collar,married,secondary,no,243,yes,no,cellular,4,feb,220,1,246,4,failure,0
43,blue-collar,married,secondary,no,678,yes,yes,cellular,13,apr,299,3,-1,0,unknown,0
33,technician,single,secondary,no,719,yes,no,cellular,9,apr,448,2,316,6,failure,1
41,management,married,secondary,no,71,yes,no,cellular,17,nov,64,1,-1,0,unknown,0
36,management,married,tertiary,no,625,yes,no,cellular,18,jul,1360,9,-1,0,unknown,1
33,technician,single,tertiary,no,317,yes,no,cellular,4,jun,323,1,80,14,other,1
52,management,married,tertiary,no,2708,yes,no,cellular,20,nov,231,1,-1,0,unknown,0
34,management,single,tertiary,no,76,yes,no,cellular,13,may,747,2,371,3,failure,1
38,technician,married,secondary,no,69,no,yes,cellular,24,jul,915,2,-1,0,unknown,0
29,blue-collar,single,primary,no,1768,yes,no,cellular,13,may,426,3,344,1,other,0
41,blue-collar,married,primary,no,3722,yes,no,unknown,19,may,590,2,-1,0,unknown,0
34,technician,married,secondary,no,298,no,no,cellular,28,aug,42,10,-1,0,unknown,0
28,management,married,tertiary,no,395,no,no,unknown,21,may,178,1,-1,0,unknown,0
59,management,married,tertiary,no,3969,no,no,cellular,18,nov,464,3,-1,0,unknown,0
45,services,married,secondary,no,475,yes,no,unknown,30,may,230,2,-1,0,unknown,0
31,management,single,tertiary,no,12569,no,no,cellular,9,sep,344,1,295,1,failure,1
32,services,married,secondary,no,983,yes,no,cellular,10,jul,121,1,-1,0,unknown,0
41,student,married,secondary,no,1309,no,no,unknown,20,jun,28,4,-1,0,unknown,0
30,admin.,divorced,secondary,no,83,yes,yes,cellular,18,nov,118,2,196,1,failure,0
37,unemployed,single,tertiary,no,1291,no,no,cellular,5,aug,150,1,97,2,success,1
28,services,single,secondary,no,2921,yes,no,unknown,28,may,136,1,-1,0,unknown,0
48,blue-collar,married,secondary,no,-85,yes,no,cellular,13,may,56,1,343,1,other,0
40,technician,married,unknown,no,0,no,yes,cellular,7,jul,161,1,-1,0,unknown,0
44,blue-collar,married,secondary,no,3224,yes,no,unknown,30,may,306,1,-1,0,unknown,0
59,retired,married,secondary,no,163,no,no,cellular,24,jul,464,1,-1,0,unknown,0
48,services,married,secondary,no,1323,yes,yes,cellular,7,may,99,1,-1,0,unknown,0
55,blue-collar,married,primary,no,761,no,no,unknown,18,jun,67,1,-1,0,unknown,0
48,admin.,divorced,secondary,no,771,yes,no,unknown,2,jun,133,1,-1,0,unknown,0
43,technician,married,secondary,no,381,yes,no,cellular,16,jul,191,6,-1,0,unknown,0
42,admin.,married,secondary,no,-1386,yes,yes,cellular,15,jul,56,4,-1,0,unknown,0
31,technician,single,secondary,no,13,no,no,cellular,6,may,318,1,166,1,failure,0
26,blue-collar,single,secondary,no,0,yes,no,cellular,6,may,340,1,-1,0,unknown,0
24,blue-collar,single,secondary,no,117,yes,yes,unknown,12,may,470,1,-1,0,unknown,0
56,unknown,married,unknown,no,15088,no,no,cellular,11,aug,179,4,-1,0,unknown,0
27,technician,single,secondary,no,3485,no,yes,cellular,25,jul,282,2,-1,0,unknown,0
35,blue-collar,single,primary,no,293,yes,no,unknown,30,may,521,2,-1,0,unknown,0
51,admin.,divorced,secondary,no,467,yes,no,unknown,19,may,83,1,-1,0,unknown,0
35,management,married,tertiary,no,1380,no,no,cellular,23,feb,155,1,-1,0,unknown,1
34,technician,married,tertiary,no,31,no,no,unknown,24,feb,108,1,-1,0,unknown,0
37,management,single,tertiary,no,455,yes,no,cellular,13,aug,904,6,-1,0,unknown,1
31,blue-collar,married,secondary,no,1914,yes,no,unknown,21,may,192,1,-1,0,unknown,0
32,admin.,single,secondary,no,725,yes,no,unknown,3,jun,303,1,-1,0,unknown,0
34,services,married,secondary,no,1314,yes,no,cellular,13,may,124,1,-1,0,unknown,0
45,management,single,primary,no,707,yes,no,cellular,29,jan,78,1,-1,0,unknown,0
31,admin.,single,secondary,no,4388,yes,no,unknown,27,may,182,2,-1,0,unknown,0
38,entrepreneur,married,tertiary,no,228,yes,no,cellular,5,feb,105,1,-1,0,unknown,0
38,management,married,tertiary,no,46,no,no,cellular,29,aug,70,4,-1,0,unknown,0
49,technician,single,secondary,no,0,yes,no,cellular,26,may,223,1,-1,0,unknown,0
37,services,single,secondary,no,887,no,no,cellular,14,may,553,2,-1,0,unknown,0
28,student,single,tertiary,no,221,yes,no,cellular,15,may,176,1,-1,0,unknown,0
44,blue-collar,married,primary,no,314,yes,no,unknown,30,may,742,2,-1,0,unknown,0
35,management,single,secondary,no,5260,yes,no,unknown,20,may,211,2,-1,0,unknown,0
32,technician,married,secondary,no,1951,yes,no,cellular,8,apr,518,2,261,2,failure,0
36,blue-collar,single,primary,no,79,no,no,unknown,20,jun,9,3,-1,0,unknown,0
45,blue-collar,single,primary,no,1006,no,no,unknown,20,jun,124,1,-1,0,unknown,0
45,blue-collar,married,secondary,no,61,yes,yes,unknown,23,may,208,1,-1,0,unknown,0
23,admin.,single,secondary,no,0,yes,no,cellular,17,apr,171,2,-1,0,unknown,0
49,management,single,secondary,no,61,yes,no,cellular,29,jan,185,2,246,1,failure,0
45,admin.,married,secondary,no,5346,yes,yes,unknown,21,oct,187,1,-1,0,unknown,1
28,blue-collar,married,primary,no,0,yes,no,cellular,16,jul,129,2,-1,0,unknown,0
31,blue-collar,divorced,secondary,no,-277,yes,no,telephone,17,jul,1008,2,-1,0,unknown,1
34,services,divorced,secondary,no,169,yes,no,unknown,16,may,260,1,-1,0,unknown,0
36,management,single,tertiary,no,7606,yes,no,unknown,30,may,917,1,-1,0,unknown,1
33,management,single,tertiary,no,1097,no,yes,cellular,6,aug,308,4,-1,0,unknown,0
36,management,single,tertiary,no,3343,no,no,cellular,18,nov,307,1,-1,0,unknown,0
32,admin.,married,tertiary,no,653,no,no,cellular,2,jun,84,1,-1,0,unknown,1
62,management,married,tertiary,no,557,no,no,cellular,14,aug,185,1,-1,0,unknown,1
35,management,married,tertiary,no,1473,yes,yes,cellular,16,apr,176,3,-1,0,unknown,0
39,blue-collar,married,secondary,no,298,yes,no,unknown,20,may,216,1,-1,0,unknown,0
44,blue-collar,single,secondary,no,36,yes,no,unknown,8,may,712,1,-1,0,unknown,0
43,admin.,married,secondary,no,6220,yes,no,unknown,2,jun,200,2,-1,0,unknown,0
55,services,married,secondary,no,1150,no,yes,cellular,23,jul,218,3,-1,0,unknown,0
32,management,single,tertiary,no,23,no,no,cellular,22,may,137,2,-1,0,unknown,0
30,self-employed,married,secondary,no,57,no,yes,cellular,8,jul,55,2,-1,0,unknown,0
60,technician,married,secondary,no,2041,no,no,telephone,29,jan,123,1,185,7,failure,0
35,management,married,tertiary,no,284,no,yes,cellular,6,aug,258,2,-1,0,unknown,0
52,management,divorced,secondary,no,123,no,no,unknown,8,may,306,2,-1,0,unknown,0
41,technician,single,primary,no,340,yes,no,cellular,13,may,262,1,349,1,failure,0
77,retired,married,tertiary,no,1047,no,no,cellular,30,jun,108,5,-1,0,unknown,0
28,services,single,secondary,no,40,yes,no,unknown,28,may,313,2,-1,0,unknown,0
37,services,married,secondary,no,335,yes,no,cellular,12,may,107,2,368,2,failure,0
26,technician,married,secondary,no,18,yes,yes,cellular,5,may,138,1,-1,0,unknown,0
36,admin.,single,secondary,no,0,yes,no,cellular,21,nov,139,2,-1,0,unknown,0
32,management,married,tertiary,no,302,yes,yes,unknown,23,feb,61,1,384,2,failure,1
36,technician,single,secondary,no,480,yes,no,cellular,28,jan,90,1,-1,0,unknown,0
48,blue-collar,married,primary,no,474,yes,yes,unknown,3,jul,414,1,-1,0,unknown,0
29,services,married,primary,no,711,yes,no,unknown,3,jun,136,4,-1,0,unknown,0
41,blue-collar,married,primary,no,262,yes,no,unknown,29,may,159,1,-1,0,unknown,0
32,technician,single,secondary,no,719,yes,no,unknown,28,may,79,6,-1,0,unknown,0
54,services,married,secondary,no,472,no,yes,cellular,21,jul,86,4,-1,0,unknown,0
43,services,married,primary,no,822,yes,no,unknown,16,may,112,1,-1,0,unknown,0
33,blue-collar,single,primary,no,777,no,no,cellular,7,jul,263,1,-1,0,unknown,0
34,admin.,divorced,secondary,no,67,yes,no,unknown,6,may,90,1,-1,0,unknown,0
35,technician,married,secondary,no,6,yes,no,cellular,11,may,204,2,348,2,failure,0
47,unknown,married,unknown,no,194,no,no,cellular,4,aug,108,1,-1,0,unknown,0
40,technician,married,secondary,no,694,yes,no,cellular,10,aug,107,4,68,11,success,0
39,services,married,secondary,no,8876,no,no,cellular,4,may,106,1,91,2,failure,0
36,self-employed,single,tertiary,no,4752,yes,no,unknown,21,may,446,2,-1,0,unknown,0
39,technician,married,tertiary,no,122,no,no,unknown,20,jun,44,5,-1,0,unknown,0
31,blue-collar,single,secondary,no,39,yes,no,cellular,15,may,123,5,-1,0,unknown,0
43,blue-collar,married,unknown,no,-633,yes,yes,unknown,13,may,277,1,-1,0,unknown,0
38,self-employed,married,secondary,no,581,yes,no,cellular,4,feb,281,5,-1,0,unknown,0
31,entrepreneur,married,secondary,no,7518,yes,no,cellular,20,nov,332,3,-1,0,unknown,0
32,management,married,tertiary,no,2218,yes,no,cellular,6,may,37,2,-1,0,unknown,0
33,blue-collar,married,secondary,no,10,yes,yes,unknown,20,may,107,1,-1,0,unknown,0
39,technician,married,unknown,no,931,yes,no,cellular,4,feb,64,1,-1,0,unknown,0
27,self-employed,single,tertiary,no,5214,yes,no,unknown,28,may,94,1,-1,0,unknown,0
26,admin.,single,tertiary,no,689,no,no,cellular,25,mar,78,1,-1,0,unknown,0
43,technician,single,secondary,no,799,yes,yes,unknown,29,may,13,3,-1,0,unknown,0
36,management,single,tertiary,no,335,no,no,unknown,10,oct,5,1,772,4,failure,0
31,services,single,secondary,no,712,no,no,cellular,31,jul,38,25,-1,0,unknown,0
34,admin.,single,secondary,no,43,yes,no,unknown,28,sep,6,1,-1,0,unknown,0
34,blue-collar,single,secondary,no,3773,yes,no,unknown,21,may,287,1,-1,0,unknown,0
46,blue-collar,divorced,primary,no,219,yes,no,cellular,21,nov,729,1,-1,0,unknown,1
51,blue-collar,married,primary,no,3170,yes,no,unknown,29,may,51,1,-1,0,unknown,0
37,management,single,secondary,no,0,yes,yes,cellular,2,apr,450,2,-1,0,unknown,0
46,technician,married,secondary,no,700,yes,yes,cellular,2,feb,299,1,-1,0,unknown,0
54,services,married,secondary,no,6376,no,no,cellular,13,aug,274,3,-1,0,unknown,0
36,management,divorced,tertiary,no,7821,no,no,unknown,9,jun,217,1,-1,0,unknown,0
50,blue-collar,married,unknown,no,2065,no,no,cellular,12,aug,161,2,-1,0,unknown,0
40,blue-collar,married,primary,no,137,no,yes,cellular,10,jul,214,1,-1,0,unknown,0
37,housemaid,married,secondary,no,723,no,no,telephone,28,jan,39,1,-1,0,unknown,0
27,admin.,married,secondary,no,1475,yes,no,unknown,27,may,472,1,-1,0,unknown,0
32,services,married,secondary,no,1670,no,no,cellular,13,may,223,1,299,2,failure,0
29,admin.,single,secondary,no,65,yes,no,cellular,14,may,9,6,-1,0,unknown,0
56,retired,married,secondary,no,0,no,yes,cellular,7,aug,110,4,-1,0,unknown,0
46,blue-collar,married,primary,no,0,yes,no,cellular,12,may,278,1,-1,0,unknown,0
38,admin.,married,tertiary,no,1209,no,no,cellular,31,jul,98,5,-1,0,unknown,0
35,management,married,tertiary,no,300,yes,no,cellular,15,jul,555,2,-1,0,unknown,0
31,management,single,tertiary,no,153,no,no,cellular,9,feb,65,3,-1,0,unknown,0
50,blue-collar,married,secondary,no,1553,yes,no,cellular,31,jul,53,2,-1,0,unknown,0
35,management,married,tertiary,no,82,no,no,cellular,8,aug,507,4,-1,0,unknown,1
58,unemployed,married,secondary,no,68,no,no,cellular,26,may,169,2,-1,0,unknown,0
30,technician,married,secondary,no,398,yes,no,cellular,17,apr,132,2,238,2,failure,0
33,blue-collar,married,secondary,no,58,no,no,unknown,16,may,144,2,-1,0,unknown,0
39,services,married,unknown,no,-516,yes,no,unknown,9,may,86,2,-1,0,unknown,0
39,services,married,secondary,no,-762,yes,yes,cellular,8,may,40,6,343,2,failure,0
37,blue-collar,married,primary,no,623,no,no,cellular,26,mar,267,2,-1,0,unknown,0
45,management,single,tertiary,no,1269,no,no,unknown,20,jun,55,7,-1,0,unknown,0
31,self-employed,single,tertiary,no,1788,no,no,cellular,27,aug,212,15,-1,0,unknown,0
48,management,married,secondary,no,161,yes,no,unknown,5,may,224,3,-1,0,unknown,0
55,management,married,tertiary,no,36,no,yes,cellular,22,jul,46,3,-1,0,unknown,0
40,retired,single,primary,no,0,no,no,unknown,5,may,136,2,-1,0,unknown,0
49,management,married,tertiary,no,1304,yes,no,unknown,27,may,144,1,-1,0,unknown,0
32,student,single,tertiary,no,1138,no,no,cellular,4,may,214,3,83,3,success,1
24,student,single,secondary,no,867,no,no,cellular,2,aug,135,7,108,8,other,0
42,housemaid,divorced,tertiary,no,364,no,no,cellular,18,nov,52,1,-1,0,unknown,0
47,blue-collar,married,secondary,no,1203,yes,no,cellular,17,apr,239,2,-1,0,unknown,0
49,blue-collar,married,secondary,no,863,yes,yes,telephone,8,may,101,1,-1,0,unknown,0
47,blue-collar,divorced,secondary,no,1815,yes,no,cellular,5,feb,105,1,253,4,failure,0
33,admin.,married,primary,no,499,no,no,cellular,17,apr,95,3,-1,0,unknown,0
37,entrepreneur,single,secondary,no,20453,yes,no,telephone,4,may,115,1,-1,0,unknown,0
40,admin.,married,secondary,no,1010,yes,no,unknown,14,may,283,1,-1,0,unknown,0
33,management,married,tertiary,no,10,yes,no,unknown,23,may,72,5,-1,0,unknown,0
40,admin.,married,secondary,no,0,yes,yes,cellular,9,jul,145,1,-1,0,unknown,0
33,student,divorced,secondary,no,422,no,no,cellular,6,aug,406,3,-1,0,unknown,0
48,management,single,tertiary,no,940,no,no,unknown,23,jun,216,3,-1,0,unknown,0
40,management,married,tertiary,no,552,no,no,cellular,28,jul,761,8,-1,0,unknown,0
31,technician,divorced,secondary,no,304,no,no,cellular,2,feb,133,2,-1,0,unknown,0
46,blue-collar,married,secondary,no,1673,yes,no,cellular,29,aug,56,10,-1,0,unknown,0
50,self-employed,married,secondary,no,111,no,no,cellular,11,aug,277,3,-1,0,unknown,0
30,blue-collar,divorced,secondary,no,0,no,yes,cellular,8,jul,320,1,-1,0,unknown,0
49,services,married,secondary,no,5673,no,yes,cellular,4,aug,357,3,-1,0,unknown,0
27,management,single,tertiary,no,1,yes,no,cellular,30,jul,764,4,-1,0,unknown,1
48,blue-collar,married,primary,no,750,yes,no,cellular,18,may,90,6,-1,0,unknown,0
59,admin.,married,secondary,no,145,yes,no,telephone,12,may,556,2,287,13,success,1
48,entrepreneur,married,secondary,no,151,no,no,cellular,16,jul,191,1,-1,0,unknown,0
19,student,single,unknown,no,108,no,no,cellular,10,aug,168,1,182,2,success,1
26,admin.,married,unknown,no,4311,no,no,cellular,26,may,75,1,-1,0,unknown,0
43,technician,married,primary,no,-441,yes,no,cellular,14,jul,216,3,-1,0,unknown,0
50,blue-collar,married,primary,no,-219,no,yes,cellular,20,aug,177,2,-1,0,unknown,0
57,management,married,tertiary,no,4547,no,no,cellular,7,aug,314,4,-1,0,unknown,0
30,services,single,secondary,no,1510,yes,no,cellular,18,nov,191,1,-1,0,unknown,0
36,blue-collar,married,secondary,no,740,yes,no,unknown,30,may,171,2,-1,0,unknown,0
34,admin.,single,secondary,no,0,yes,no,cellular,17,nov,214,1,174,2,failure,0
35,admin.,single,tertiary,no,-162,yes,yes,unknown,6,jun,119,1,-1,0,unknown,0
70,retired,married,primary,no,6538,no,no,cellular,9,sep,394,1,-1,0,unknown,1
38,management,married,tertiary,no,0,yes,no,cellular,26,aug,22,38,-1,0,unknown,0
51,management,divorced,tertiary,no,1267,yes,no,unknown,30,may,254,2,-1,0,unknown,0
37,technician,married,secondary,no,1613,yes,no,cellular,8,may,266,1,281,11,other,0
43,technician,divorced,unknown,no,4389,no,no,telephone,2,jul,632,2,85,1,success,1
55,admin.,married,secondary,no,420,yes,no,unknown,30,may,41,3,-1,0,unknown,0
65,unknown,married,unknown,no,300,no,no,cellular,12,jan,105,1,-1,0,unknown,0
59,unemployed,married,secondary,no,957,no,no,cellular,8,mar,301,1,89,2,success,1
42,blue-collar,married,secondary,yes,-204,yes,no,cellular,11,may,34,1,361,7,failure,0
49,admin.,divorced,secondary,no,190,yes,no,cellular,13,apr,421,1,-1,0,unknown,0
29,management,single,tertiary,no,187,yes,no,cellular,28,jan,154,2,555,2,failure,0
32,blue-collar,married,primary,no,494,yes,no,unknown,26,may,252,2,-1,0,unknown,0
40,self-employed,married,secondary,no,311,yes,no,unknown,20,may,723,2,-1,0,unknown,0
38,management,married,tertiary,no,0,yes,no,cellular,30,apr,571,1,-1,0,unknown,1
35,management,single,tertiary,no,62,yes,no,cellular,5,may,214,4,15,3,success,0
33,admin.,divorced,secondary,no,420,yes,no,telephone,6,feb,112,2,-1,0,unknown,0
31,management,married,tertiary,no,22546,yes,no,cellular,14,may,8,6,267,4,failure,0
60,technician,married,tertiary,no,131,no,no,cellular,12,aug,139,6,-1,0,unknown,0
41,admin.,single,secondary,no,-109,yes,yes,cellular,11,may,1038,1,370,1,failure,1
32,student,single,tertiary,no,0,no,no,cellular,4,feb,233,3,276,2,failure,1
30,blue-collar,married,secondary,no,5,no,no,cellular,17,apr,840,3,-1,0,unknown,1
33,blue-collar,single,secondary,no,49,yes,no,unknown,15,may,558,6,-1,0,unknown,0
40,blue-collar,married,primary,no,177,yes,yes,telephone,21,jul,742,4,-1,0,unknown,0
44,blue-collar,married,secondary,yes,105,yes,no,cellular,20,apr,586,1,-1,0,unknown,1
33,management,married,tertiary,no,113,yes,no,cellular,8,may,145,2,172,13,other,0
47,technician,married,secondary,no,-938,yes,no,unknown,28,may,176,2,-1,0,unknown,0
37,unemployed,divorced,secondary,no,74,yes,no,unknown,7,may,150,1,-1,0,unknown,0
36,management,single,tertiary,no,624,yes,no,unknown,6,jun,141,3,-1,0,unknown,0
29,services,married,secondary,no,3,yes,no,cellular,10,jul,183,1,-1,0,unknown,0
41,technician,married,secondary,no,1838,yes,no,cellular,15,jul,135,1,-1,0,unknown,0
49,blue-collar,divorced,primary,no,2262,yes,no,unknown,21,may,125,3,-1,0,unknown,0
26,blue-collar,married,primary,no,500,yes,no,unknown,15,may,21,6,-1,0,unknown,0
38,housemaid,married,secondary,no,1372,yes,yes,unknown,15,may,224,1,-1,0,unknown,0
37,technician,divorced,secondary,no,531,no,no,unknown,17,jun,150,7,-1,0,unknown,0
33,technician,married,tertiary,no,17455,yes,yes,cellular,18,nov,168,3,179,4,failure,0
56,admin.,married,secondary,no,550,yes,no,cellular,12,may,398,2,-1,0,unknown,0
35,technician,divorced,tertiary,no,4515,yes,no,cellular,19,nov,98,2,-1,0,unknown,0
32,technician,married,secondary,no,0,yes,yes,cellular,10,jul,428,1,-1,0,unknown,0
33,student,single,secondary,no,706,yes,no,cellular,4,feb,291,2,-1,0,unknown,0
31,management,single,tertiary,no,3283,no,no,cellular,2,feb,258,1,73,1,failure,1
28,blue-collar,married,primary,no,113,yes,no,unknown,8,may,534,2,-1,0,unknown,0
27,blue-collar,single,secondary,no,-46,yes,no,cellular,3,dec,97,3,199,8,other,0
26,management,single,tertiary,no,1004,yes,no,unknown,30,may,228,2,-1,0,unknown,1
43,blue-collar,divorced,primary,no,75,yes,no,cellular,9,jul,118,1,-1,0,unknown,0
44,blue-collar,married,primary,no,10,yes,no,cellular,17,jul,196,1,-1,0,unknown,0
24,blue-collar,single,secondary,no,77,yes,no,unknown,16,may,236,2,-1,0,unknown,0
34,technician,single,tertiary,no,612,no,no,cellular,28,aug,81,1,95,1,failure,0
37,blue-collar,married,secondary,no,2066,yes,yes,cellular,21,nov,10,7,113,5,failure,0
46,blue-collar,married,primary,no,530,yes,no,unknown,6,may,739,3,-1,0,unknown,0
33,blue-collar,divorced,secondary,no,865,yes,no,cellular,18,may,158,2,-1,0,unknown,0
31,technician,single,secondary,no,137,no,no,cellular,27,aug,27,14,-1,0,unknown,0
41,admin.,single,secondary,no,812,no,yes,unknown,11,jun,583,4,-1,0,unknown,1
51,blue-collar,divorced,primary,no,5,no,no,cellular,29,jul,600,2,-1,0,unknown,1
44,unemployed,married,secondary,no,0,no,no,cellular,21,nov,175,4,-1,0,unknown,0
44,technician,married,secondary,no,7863,no,no,cellular,26,aug,59,6,-1,0,unknown,0
49,management,divorced,tertiary,no,4961,yes,no,cellular,3,feb,298,2,231,1,failure,0
33,management,married,primary,no,91,no,yes,cellular,25,jul,113,3,-1,0,unknown,0
46,blue-collar,single,primary,no,501,yes,no,cellular,6,may,207,1,-1,0,unknown,0
27,student,single,tertiary,no,5741,no,no,cellular,22,feb,368,1,185,2,failure,0
28,admin.,married,secondary,no,170,yes,yes,unknown,21,may,492,1,-1,0,unknown,0
35,unemployed,married,primary,no,3,no,no,cellular,24,jul,90,1,-1,0,unknown,0
58,blue-collar,married,primary,no,1596,yes,no,cellular,12,may,470,2,-1,0,unknown,0
28,blue-collar,single,secondary,no,0,yes,no,cellular,8,may,191,3,-1,0,unknown,0
39,self-employed,married,secondary,no,4722,yes,no,unknown,17,jun,483,1,-1,0,unknown,0
32,blue-collar,married,secondary,no,320,yes,no,unknown,6,may,198,2,-1,0,unknown,0
46,services,married,tertiary,no,523,yes,no,cellular,17,apr,172,1,-1,0,unknown,0
25,student,single,unknown,no,722,no,no,telephone,21,apr,623,2,-1,0,unknown,1
38,management,single,tertiary,no,5244,no,no,cellular,8,aug,310,4,-1,0,unknown,0
30,blue-collar,married,secondary,no,2583,yes,no,cellular,14,may,436,3,-1,0,unknown,0
46,management,married,secondary,no,1363,yes,yes,cellular,7,may,60,4,-1,0,unknown,0
59,services,married,primary,no,4295,no,no,telephone,29,jul,129,3,-1,0,unknown,0
36,self-employed,single,secondary,no,245,yes,no,cellular,20,apr,8,2,-1,0,unknown,0
45,technician,married,tertiary,no,121,no,no,cellular,18,aug,835,4,-1,0,unknown,0
51,housemaid,divorced,primary,no,336,no,no,unknown,17,jun,105,1,-1,0,unknown,0
35,management,married,tertiary,no,2088,yes,no,cellular,1,oct,86,1,50,4,failure,0
47,admin.,married,secondary,no,407,yes,no,unknown,5,jun,67,12,-1,0,unknown,0
36,admin.,single,secondary,no,1328,no,no,cellular,30,jul,69,9,-1,0,unknown,0
35,management,single,tertiary,no,467,yes,no,cellular,14,aug,82,2,-1,0,unknown,0
38,services,married,tertiary,no,1324,yes,no,cellular,3,feb,178,1,-1,0,unknown,0
30,blue-collar,married,secondary,no,246,yes,no,cellular,17,apr,191,1,150,7,failure,0
44,management,divorced,tertiary,no,935,no,no,cellular,11,aug,70,5,-1,0,unknown,0
47,admin.,divorced,secondary,no,207,yes,no,cellular,2,feb,244,1,271,4,failure,0
38,admin.,married,secondary,no,-33,no,no,cellular,29,jan,162,1,-1,0,unknown,0
29,admin.,single,tertiary,no,4737,yes,no,unknown,3,jun,226,1,-1,0,unknown,0
32,self-employed,married,tertiary,no,1464,no,no,telephone,14,aug,133,2,-1,0,unknown,0
54,retired,divorced,tertiary,no,0,no,no,unknown,13,may,618,1,-1,0,unknown,1
32,management,married,tertiary,no,2431,yes,no,cellular,14,may,646,5,-1,0,unknown,1
54,technician,married,secondary,no,1938,no,yes,cellular,28,jul,551,3,-1,0,unknown,1
55,housemaid,divorced,primary,no,976,no,no,cellular,28,jun,345,1,94,3,other,1
38,services,married,secondary,no,797,yes,no,cellular,20,apr,62,4,-1,0,unknown,0
31,technician,married,secondary,no,84,no,no,cellular,15,may,264,2,-1,0,unknown,0
25,student,single,secondary,no,679,no,no,cellular,25,oct,297,5,94,6,other,1
54,management,married,secondary,no,282,yes,yes,unknown,5,may,154,1,-1,0,unknown,0
33,management,single,tertiary,no,206,no,no,cellular,21,aug,231,3,-1,0,unknown,0
74,retired,divorced,primary,no,166,no,no,cellular,13,aug,99,1,-1,0,unknown,0
37,management,married,tertiary,no,2987,yes,no,telephone,16,nov,135,8,96,1,success,0
36,technician,married,secondary,no,1508,no,no,cellular,29,jan,187,2,185,8,failure,0
33,admin.,married,secondary,no,394,yes,no,telephone,1,sep,104,3,-1,0,unknown,0
29,unemployed,single,secondary,no,486,no,no,telephone,30,apr,95,1,-1,0,unknown,0
28,admin.,married,secondary,no,629,yes,no,cellular,29,jan,107,1,245,2,other,0
27,technician,single,secondary,no,643,no,no,telephone,14,oct,301,1,93,1,success,1
34,management,married,tertiary,no,-123,yes,no,cellular,14,jul,64,3,-1,0,unknown,0
31,services,single,secondary,no,211,no,no,cellular,29,jan,226,2,-1,0,unknown,0
38,blue-collar,married,secondary,no,1556,yes,no,cellular,12,may,191,3,-1,0,unknown,0
34,entrepreneur,divorced,tertiary,no,338,yes,no,unknown,9,may,162,2,-1,0,unknown,0
34,technician,single,tertiary,no,482,yes,no,cellular,20,apr,69,3,-1,0,unknown,0
36,blue-collar,married,secondary,no,1482,yes,no,cellular,21,nov,154,1,-1,0,unknown,0
36,technician,single,secondary,no,159,yes,no,cellular,22,aug,251,4,-1,0,unknown,0
34,services,married,secondary,no,-538,yes,no,unknown,26,may,682,1,-1,0,unknown,1
38,blue-collar,married,primary,no,-854,yes,no,unknown,2,jun,194,4,-1,0,unknown,0
51,management,married,tertiary,no,2814,no,no,cellular,3,feb,178,1,-1,0,unknown,0
46,management,divorced,unknown,no,2,yes,no,unknown,6,may,187,1,-1,0,unknown,0
32,admin.,single,tertiary,no,170,no,no,cellular,18,nov,74,1,-1,0,unknown,0
36,management,single,tertiary,no,538,no,no,cellular,23,jun,339,1,183,5,success,1
49,self-employed,married,primary,no,5711,no,no,cellular,20,nov,89,1,-1,0,unknown,0
41,blue-collar,single,secondary,no,363,yes,no,unknown,8,may,183,3,-1,0,unknown,0
34,management,married,tertiary,no,1273,no,no,unknown,11,aug,93,2,-1,0,unknown,0
50,management,married,tertiary,no,1612,no,no,cellular,15,sep,188,1,92,4,success,0
56,admin.,married,primary,no,0,yes,no,cellular,3,apr,353,2,227,4,failure,0
57,management,married,tertiary,no,256,no,no,cellular,6,mar,227,1,-1,0,unknown,1
32,services,single,secondary,no,-23,no,no,cellular,11,may,185,1,305,1,failure,0
43,services,single,unknown,no,193,yes,no,unknown,8,may,74,7,-1,0,unknown,0
65,retired,married,tertiary,no,1153,no,no,cellular,3,feb,224,1,-1,0,unknown,0
31,technician,single,secondary,no,845,yes,no,cellular,22,oct,168,2,-1,0,unknown,0
40,technician,married,secondary,yes,34,yes,no,unknown,2,jun,68,1,-1,0,unknown,0
56,admin.,married,unknown,no,1784,no,no,cellular,13,aug,71,2,-1,0,unknown,0
23,blue-collar,single,secondary,no,27,yes,no,unknown,2,jun,280,2,-1,0,unknown,0
39,services,single,secondary,no,1048,yes,no,cellular,14,may,149,1,-1,0,unknown,0
42,blue-collar,married,primary,no,191,yes,no,telephone,14,may,382,3,371,1,failure,0
30,services,married,secondary,no,-176,yes,no,cellular,30,jul,47,31,-1,0,unknown,0
43,technician,single,tertiary,no,58,no,no,cellular,22,aug,97,2,-1,0,unknown,0
35,technician,married,tertiary,no,75,no,no,cellular,28,aug,9,19,-1,0,unknown,0
57,blue-collar,married,unknown,no,4722,yes,no,unknown,18,jun,121,2,-1,0,unknown,0
45,technician,married,secondary,no,0,yes,no,telephone,21,nov,68,1,-1,0,unknown,0
27,blue-collar,single,primary,no,3955,yes,no,unknown,28,may,205,3,-1,0,unknown,0
31,blue-collar,single,primary,no,71,yes,no,cellular,20,apr,185,3,336,6,failure,0
49,technician,married,secondary,no,2718,no,no,unknown,19,may,114,2,-1,0,unknown,0
62,retired,married,secondary,no,3340,no,no,cellular,4,aug,259,1,35,1,failure,0
49,blue-collar,married,primary,no,361,yes,no,unknown,16,jun,513,2,-1,0,unknown,1
47,blue-collar,divorced,secondary,no,169,yes,no,cellular,8,may,141,2,-1,0,unknown,0
33,admin.,divorced,secondary,no,961,no,no,cellular,30,jan,308,2,-1,0,unknown,0
42,services,divorced,secondary,no,444,no,no,cellular,21,nov,171,1,-1,0,unknown,0
31,services,married,primary,no,-212,no,yes,cellular,20,nov,911,4,-1,0,unknown,0
34,technician,single,tertiary,no,2195,no,no,telephone,13,aug,490,3,-1,0,unknown,0
33,blue-collar,single,secondary,no,381,yes,no,cellular,7,may,1957,1,-1,0,unknown,0
47,technician,married,tertiary,no,151,yes,no,unknown,5,may,190,1,-1,0,unknown,0
31,admin.,single,secondary,no,40,no,no,cellular,4,aug,158,1,104,2,failure,0
34,management,single,tertiary,no,436,no,no,cellular,26,aug,312,2,-1,0,unknown,0
37,services,married,secondary,no,102,yes,no,cellular,31,jul,107,3,-1,0,unknown,0
23,student,single,tertiary,no,508,no,no,cellular,8,jun,544,1,-1,0,unknown,0
27,technician,married,secondary,no,1103,no,no,unknown,4,jun,123,1,-1,0,unknown,0
40,admin.,married,secondary,no,67,no,yes,unknown,20,jun,70,5,-1,0,unknown,0
36,blue-collar,married,primary,no,973,yes,yes,unknown,23,may,293,1,-1,0,unknown,0
32,admin.,single,secondary,no,1466,yes,no,unknown,12,may,264,2,-1,0,unknown,0
39,admin.,married,secondary,no,2319,no,no,cellular,21,nov,48,1,137,1,failure,0
50,technician,single,secondary,no,1811,no,no,cellular,8,jun,97,4,-1,0,unknown,0
40,management,married,tertiary,no,4675,no,no,cellular,9,sep,263,1,-1,0,unknown,0
28,blue-collar,married,secondary,no,-717,yes,no,unknown,28,may,148,3,-1,0,unknown,0
33,entrepreneur,married,tertiary,no,0,yes,yes,cellular,18,nov,114,1,-1,0,unknown,0
52,management,single,tertiary,no,741,no,no,cellular,7,aug,63,2,-1,0,unknown,0
73,retired,single,secondary,no,1050,no,no,cellular,4,mar,562,3,181,2,failure,1
30,admin.,married,secondary,no,358,no,no,cellular,28,jan,156,2,-1,0,unknown,0
20,student,single,unknown,no,457,no,no,cellular,16,jun,214,1,-1,0,unknown,0
30,blue-collar,divorced,primary,no,-258,yes,no,cellular,18,may,18,2,-1,0,unknown,0
30,blue-collar,married,primary,no,201,yes,no,cellular,31,aug,219,1,157,12,failure,1
34,management,married,tertiary,no,180,no,no,cellular,16,jun,298,3,-1,0,unknown,0
47,admin.,married,secondary,no,2152,no,no,cellular,2,feb,138,1,-1,0,unknown,0
56,services,married,secondary,no,467,no,yes,telephone,29,jul,105,8,-1,0,unknown,0
55,technician,married,tertiary,no,639,yes,no,telephone,13,may,992,5,370,3,other,0
57,entrepreneur,married,tertiary,no,7699,no,yes,cellular,16,jul,178,1,-1,0,unknown,0
44,services,divorced,secondary,no,396,yes,yes,unknown,7,may,396,4,-1,0,unknown,0
30,management,single,tertiary,no,2017,yes,no,cellular,18,may,213,4,-1,0,unknown,0
49,admin.,married,secondary,no,652,no,yes,unknown,17,jun,127,2,-1,0,unknown,0
54,blue-collar,married,secondary,no,5521,yes,no,cellular,7,apr,581,2,-1,0,unknown,0
42,unemployed,single,primary,no,8037,no,no,cellular,5,jun,92,2,-1,0,unknown,0
33,technician,married,secondary,no,2746,yes,no,cellular,18,nov,188,2,-1,0,unknown,0
35,blue-collar,married,secondary,no,1454,yes,no,telephone,20,apr,19,6,-1,0,unknown,0
53,admin.,married,secondary,no,-1601,no,yes,cellular,13,may,82,2,-1,0,unknown,0
24,admin.,single,secondary,no,1235,yes,yes,unknown,30,may,76,3,-1,0,unknown,0
57,blue-collar,divorced,secondary,no,1103,yes,no,cellular,15,jul,98,4,-1,0,unknown,0
42,technician,married,secondary,no,2980,no,no,unknown,20,jun,101,3,-1,0,unknown,0
36,unemployed,divorced,secondary,no,5,yes,no,cellular,8,jul,305,1,-1,0,unknown,0
33,housemaid,married,secondary,no,230,no,yes,cellular,29,aug,264,2,-1,0,unknown,0
57,management,married,secondary,no,39,yes,no,cellular,15,may,114,2,-1,0,unknown,0
81,retired,married,primary,no,1154,no,no,telephone,17,sep,231,1,-1,0,unknown,1
31,technician,single,secondary,no,4040,yes,no,unknown,2,jun,213,2,-1,0,unknown,0
32,admin.,married,primary,no,1351,yes,no,unknown,20,may,325,3,-1,0,unknown,0
31,technician,single,tertiary,no,7005,no,no,cellular,26,aug,171,4,-1,0,unknown,0
36,admin.,married,secondary,no,0,no,no,unknown,26,may,80,1,-1,0,unknown,0
34,services,single,secondary,no,4062,yes,yes,cellular,15,may,29,1,-1,0,unknown,0
65,retired,married,primary,no,3713,no,no,cellular,7,apr,43,3,-1,0,unknown,0
48,retired,married,primary,yes,-285,no,yes,cellular,19,nov,157,1,-1,0,unknown,0
46,management,single,tertiary,no,502,no,no,cellular,25,jul,18,2,-1,0,unknown,0
48,management,married,tertiary,no,1167,yes,yes,cellular,26,jan,122,4,50,4,other,0
29,housemaid,married,tertiary,no,420,yes,no,unknown,28,may,95,3,-1,0,unknown,0
59,technician,married,secondary,no,2308,no,no,cellular,30,apr,815,1,87,1,other,1
34,technician,married,tertiary,no,352,yes,no,cellular,16,apr,288,3,324,1,other,0
40,management,single,tertiary,no,0,no,no,cellular,31,jul,162,5,-1,0,unknown,0
50,entrepreneur,married,primary,no,1327,no,yes,cellular,24,jul,325,1,-1,0,unknown,0
53,unemployed,married,secondary,yes,-233,yes,no,cellular,11,may,133,3,-1,0,unknown,0
37,entrepreneur,single,tertiary,no,65,no,no,cellular,21,nov,20,10,113,4,failure,0
49,admin.,married,secondary,no,635,no,no,cellular,25,aug,220,3,-1,0,unknown,0
53,admin.,divorced,tertiary,no,493,yes,yes,cellular,17,nov,64,3,-1,0,unknown,0
47,technician,divorced,secondary,no,1013,no,no,cellular,15,sep,170,1,92,3,failure,1
44,management,married,tertiary,no,423,no,no,cellular,3,jun,136,6,83,5,success,0
48,management,married,tertiary,no,732,no,no,cellular,13,aug,255,1,-1,0,unknown,0
55,admin.,married,secondary,no,139,yes,no,unknown,30,may,26,25,-1,0,unknown,0
60,management,married,tertiary,no,5990,yes,no,cellular,6,may,396,3,-1,0,unknown,1
45,housemaid,married,secondary,no,513,no,no,unknown,9,jun,126,3,-1,0,unknown,0
38,blue-collar,divorced,secondary,no,887,yes,no,cellular,7,may,722,1,-1,0,unknown,0
44,blue-collar,married,secondary,no,630,no,no,cellular,30,apr,192,2,-1,0,unknown,0
42,housemaid,married,primary,yes,16,no,no,unknown,11,jun,79,1,-1,0,unknown,0
54,services,married,secondary,no,2681,no,no,telephone,29,jul,481,3,-1,0,unknown,0
30,blue-collar,married,primary,no,123,yes,no,cellular,15,may,55,4,-1,0,unknown,0
62,management,married,tertiary,no,3371,no,no,cellular,25,mar,187,1,178,2,success,1
40,services,married,secondary,no,884,no,no,cellular,15,jul,166,4,-1,0,unknown,0
37,self-employed,married,secondary,yes,0,no,yes,cellular,21,jul,320,1,-1,0,unknown,0
57,technician,married,tertiary,no,0,yes,yes,cellular,17,nov,142,1,-1,0,unknown,0
55,management,married,primary,no,113,no,no,cellular,12,aug,306,1,457,3,failure,1
44,blue-collar,single,unknown,no,0,yes,no,unknown,23,may,354,4,-1,0,unknown,0
37,technician,single,secondary,no,2442,no,no,cellular,16,feb,91,3,-1,0,unknown,1
44,management,divorced,primary,no,641,yes,no,cellular,5,feb,79,2,269,3,other,0
36,entrepreneur,single,tertiary,no,658,yes,no,unknown,16,jun,61,3,-1,0,unknown,0
33,blue-collar,married,secondary,no,-45,yes,no,unknown,26,may,240,2,-1,0,unknown,0
28,management,married,secondary,no,292,yes,no,unknown,28,may,507,1,-1,0,unknown,1
32,management,married,tertiary,no,3158,no,yes,cellular,5,aug,142,1,-1,0,unknown,0
58,management,married,tertiary,no,313,no,no,unknown,11,jun,204,2,-1,0,unknown,0
49,technician,married,secondary,no,4772,no,no,cellular,18,aug,157,3,-1,0,unknown,0
52,services,divorced,secondary,no,2455,no,no,telephone,21,nov,76,1,119,1,failure,0
32,entrepreneur,married,secondary,no,1996,yes,no,cellular,18,nov,271,1,-1,0,unknown,0
32,technician,single,tertiary,no,388,no,no,cellular,2,aug,100,8,95,3,success,0
33,management,single,tertiary,no,0,yes,no,cellular,2,feb,116,3,-1,0,unknown,0
44,technician,married,secondary,no,533,yes,no,cellular,18,nov,127,1,110,2,failure,0
34,services,married,secondary,no,790,yes,no,cellular,20,apr,579,2,350,1,failure,0
57,admin.,married,secondary,no,4168,yes,yes,unknown,16,may,47,1,-1,0,unknown,0
30,blue-collar,married,secondary,no,1717,yes,no,cellular,14,may,197,3,-1,0,unknown,0
53,management,married,tertiary,no,652,no,no,unknown,5,jun,91,1,-1,0,unknown,0
52,services,divorced,secondary,no,1527,no,yes,cellular,20,nov,276,1,122,1,other,0
38,technician,single,secondary,no,372,no,no,unknown,23,may,59,3,-1,0,unknown,0
34,management,married,tertiary,no,889,yes,no,cellular,24,jul,539,1,-1,0,unknown,0
39,blue-collar,married,secondary,no,180,yes,no,cellular,16,apr,237,1,-1,0,unknown,0
46,technician,married,secondary,no,1,no,yes,cellular,20,nov,200,1,-1,0,unknown,0
26,admin.,married,secondary,no,5231,no,yes,cellular,17,jul,222,2,-1,0,unknown,0
29,technician,single,secondary,no,674,no,no,cellular,30,apr,483,1,13,5,success,1
52,blue-collar,divorced,primary,no,-97,yes,yes,unknown,9,may,167,4,-1,0,unknown,0
42,blue-collar,married,primary,no,692,no,yes,unknown,19,jun,207,1,-1,0,unknown,0
32,blue-collar,single,secondary,no,1721,yes,no,cellular,19,nov,184,2,182,2,failure,0
43,technician,single,tertiary,no,16,yes,no,unknown,12,may,282,4,-1,0,unknown,0
25,services,single,unknown,no,-501,yes,yes,unknown,18,jun,156,3,-1,0,unknown,0
29,blue-collar,married,secondary,no,162,yes,no,cellular,15,jul,126,3,-1,0,unknown,0
45,technician,married,secondary,no,1732,no,no,cellular,7,aug,163,2,-1,0,unknown,0
34,technician,married,secondary,no,800,yes,no,cellular,14,jul,103,3,-1,0,unknown,0
45,admin.,married,secondary,no,597,yes,yes,cellular,18,nov,188,2,-1,0,unknown,0
28,admin.,married,tertiary,no,364,yes,no,unknown,16,may,169,1,-1,0,unknown,0
48,housemaid,single,primary,no,1630,no,no,cellular,15,oct,125,1,-1,0,unknown,0
35,entrepreneur,married,secondary,no,2008,no,no,unknown,4,jun,178,6,-1,0,unknown,0
41,blue-collar,married,secondary,no,5060,no,no,cellular,4,may,963,1,83,3,success,1
37,blue-collar,married,primary,no,351,no,no,unknown,9,jun,108,1,-1,0,unknown,0
55,services,married,unknown,no,-45,yes,no,unknown,16,may,764,7,-1,0,unknown,0
30,blue-collar,married,secondary,no,521,yes,no,cellular,23,jul,76,17,-1,0,unknown,0
28,housemaid,single,secondary,no,1,yes,no,cellular,12,may,395,2,-1,0,unknown,0
39,technician,divorced,tertiary,yes,3,no,no,cellular,6,may,488,1,-1,0,unknown,1
37,management,single,tertiary,no,0,no,no,cellular,20,aug,225,5,-1,0,unknown,0
32,services,married,secondary,yes,-790,yes,no,unknown,3,jun,159,1,-1,0,unknown,0
32,management,single,tertiary,no,1625,yes,no,cellular,19,aug,451,6,-1,0,unknown,0
25,services,single,secondary,no,93,no,no,cellular,16,jul,130,1,-1,0,unknown,0
54,blue-collar,married,primary,no,162,yes,no,cellular,6,may,184,1,-1,0,unknown,0
31,services,married,primary,no,11,yes,no,cellular,8,may,174,2,-1,0,unknown,0
60,retired,divorced,tertiary,no,439,no,yes,cellular,25,may,464,1,321,1,failure,1
29,unemployed,divorced,tertiary,no,1718,yes,no,cellular,18,jul,579,2,-1,0,unknown,0
70,retired,married,primary,no,324,no,no,cellular,11,aug,632,1,308,6,other,1
41,blue-collar,divorced,secondary,no,-274,yes,no,cellular,8,may,279,1,-1,0,unknown,0
32,management,married,tertiary,no,3809,yes,no,unknown,27,may,50,5,-1,0,unknown,0
36,blue-collar,married,primary,no,711,yes,no,unknown,23,may,154,2,-1,0,unknown,0
54,blue-collar,married,secondary,no,844,no,no,telephone,5,feb,8,7,189,18,other,0
47,technician,married,primary,no,235,no,no,cellular,2,mar,136,2,203,1,other,1
35,services,married,secondary,no,240,yes,yes,cellular,11,may,161,2,-1,0,unknown,0
30,admin.,single,secondary,no,43,yes,no,cellular,14,may,91,1,370,2,failure,0
40,technician,married,tertiary,yes,-2827,yes,yes,cellular,31,jul,843,1,-1,0,unknown,0
37,blue-collar,married,primary,no,157,yes,no,unknown,30,may,833,8,-1,0,unknown,0
50,management,married,tertiary,no,112,yes,no,cellular,4,nov,70,5,85,5,other,0
44,services,divorced,secondary,no,206,yes,no,cellular,14,may,78,1,365,1,failure,0
45,management,single,tertiary,no,2048,yes,no,cellular,18,oct,310,1,804,1,failure,1
34,services,married,secondary,no,1337,no,no,cellular,30,apr,442,1,-1,0,unknown,1
36,entrepreneur,married,secondary,no,2971,no,no,cellular,12,nov,247,1,97,8,failure,1
39,services,married,secondary,no,1323,yes,yes,telephone,16,jul,188,1,-1,0,unknown,0
34,technician,married,secondary,no,978,yes,no,unknown,16,may,370,2,-1,0,unknown,0
41,management,married,tertiary,no,-456,no,no,cellular,21,nov,190,1,-1,0,unknown,0
43,admin.,married,secondary,no,257,no,no,cellular,29,aug,186,6,-1,0,unknown,0
36,services,single,secondary,no,328,yes,no,cellular,13,may,194,3,-1,0,unknown,0
32,management,married,tertiary,no,0,no,no,cellular,19,nov,66,1,-1,0,unknown,0
33,management,divorced,tertiary,no,0,yes,yes,cellular,19,aug,275,8,-1,0,unknown,0
48,blue-collar,married,secondary,no,729,yes,no,telephone,15,jul,277,1,-1,0,unknown,0
58,housemaid,married,secondary,no,519,no,no,cellular,18,aug,251,4,-1,0,unknown,0
43,unemployed,divorced,secondary,no,1854,no,no,cellular,30,apr,323,1,-1,0,unknown,1
60,housemaid,married,primary,no,0,no,yes,telephone,22,jul,124,1,-1,0,unknown,0
39,technician,single,tertiary,no,54,yes,no,cellular,3,apr,204,2,248,12,failure,0
25,technician,single,secondary,no,-80,yes,yes,unknown,3,jun,89,1,-1,0,unknown,0
27,unemployed,married,primary,no,7459,yes,no,unknown,9,may,407,2,-1,0,unknown,0
41,technician,married,secondary,no,1788,no,no,cellular,28,aug,222,1,-1,0,unknown,0
42,admin.,married,secondary,no,214,yes,no,unknown,28,may,21,24,-1,0,unknown,0
41,blue-collar,married,primary,no,372,yes,no,telephone,11,jul,117,1,-1,0,unknown,0
56,self-employed,divorced,tertiary,no,966,yes,no,cellular,11,may,505,2,-1,0,unknown,0
50,management,married,tertiary,no,161,no,no,cellular,26,aug,19,17,-1,0,unknown,0
33,management,divorced,tertiary,no,387,no,no,cellular,6,feb,17,5,-1,0,unknown,0
42,admin.,divorced,secondary,no,0,yes,no,unknown,7,may,229,2,-1,0,unknown,0
38,technician,divorced,secondary,no,1221,yes,yes,cellular,18,aug,73,7,-1,0,unknown,0
38,unemployed,single,secondary,no,1354,yes,no,cellular,13,may,364,2,343,4,failure,0
30,blue-collar,divorced,primary,no,511,yes,no,cellular,20,nov,157,3,-1,0,unknown,0
54,technician,divorced,secondary,no,51,yes,no,unknown,13,may,123,1,-1,0,unknown,0
55,admin.,married,secondary,no,9039,yes,no,unknown,15,may,187,6,-1,0,unknown,0
52,blue-collar,divorced,primary,no,2800,no,no,unknown,19,jun,149,1,-1,0,unknown,0
43,blue-collar,married,primary,no,575,no,no,cellular,2,feb,237,1,-1,0,unknown,0
40,management,married,unknown,no,419,yes,no,cellular,10,jul,347,1,-1,0,unknown,0
42,self-employed,married,tertiary,no,83,yes,no,cellular,20,aug,140,4,-1,0,unknown,0
54,retired,divorced,tertiary,no,349,yes,no,cellular,12,may,176,2,175,1,failure,0
27,student,single,tertiary,no,13107,yes,no,cellular,6,apr,661,1,314,2,failure,1
31,blue-collar,married,secondary,no,1981,yes,no,cellular,16,apr,198,1,268,2,failure,0
25,services,single,secondary,no,443,yes,no,cellular,5,may,133,1,-1,0,unknown,0
30,services,single,primary,no,411,yes,no,cellular,6,may,457,1,358,1,other,0
31,blue-collar,married,secondary,no,664,yes,yes,unknown,21,may,987,3,-1,0,unknown,0
60,management,married,secondary,no,49,no,yes,cellular,8,jul,76,2,-1,0,unknown,0
35,blue-collar,married,primary,no,-12,yes,no,unknown,12,may,212,5,-1,0,unknown,0
30,blue-collar,single,secondary,no,1598,yes,no,cellular,10,jul,634,1,-1,0,unknown,1
39,technician,married,secondary,no,1587,yes,no,cellular,8,sep,108,2,98,3,success,1
40,admin.,divorced,secondary,no,399,yes,yes,cellular,18,nov,166,3,96,2,failure,0
42,technician,married,secondary,no,4791,yes,no,unknown,30,may,88,2,-1,0,unknown,0
34,self-employed,married,tertiary,no,0,no,no,cellular,12,aug,117,4,-1,0,unknown,0
31,blue-collar,married,secondary,no,2289,yes,yes,cellular,20,apr,79,1,151,1,failure,0
32,technician,single,tertiary,no,392,yes,no,cellular,21,nov,148,2,-1,0,unknown,0
26,blue-collar,married,secondary,no,0,yes,no,telephone,23,jul,157,4,-1,0,unknown,0
30,services,married,secondary,no,683,yes,no,cellular,15,may,66,1,-1,0,unknown,0
45,admin.,divorced,secondary,no,-288,no,yes,cellular,9,jul,192,2,-1,0,unknown,0
49,admin.,divorced,secondary,no,771,yes,no,cellular,21,nov,264,2,172,1,failure,0
35,services,married,secondary,no,537,no,yes,cellular,21,nov,11,4,-1,0,unknown,0
48,services,single,secondary,yes,-470,yes,no,cellular,11,may,410,2,292,11,failure,0
52,management,married,secondary,no,-892,yes,no,cellular,13,aug,295,2,-1,0,unknown,0
48,management,divorced,tertiary,yes,-625,yes,no,unknown,29,may,125,2,-1,0,unknown,0
55,retired,divorced,secondary,no,2204,no,no,cellular,3,jun,213,1,-1,0,unknown,0
26,student,single,tertiary,no,255,no,no,cellular,26,may,264,2,-1,0,unknown,0
50,management,married,tertiary,no,5969,no,no,cellular,25,jan,455,1,544,2,failure,1
41,housemaid,married,primary,no,1332,no,no,telephone,2,feb,122,3,-1,0,unknown,0
66,blue-collar,married,primary,no,2552,no,no,telephone,22,apr,186,4,-1,0,unknown,0
55,admin.,married,secondary,no,1102,yes,no,cellular,20,nov,195,1,189,2,failure,0
71,retired,married,tertiary,no,653,no,no,telephone,26,feb,367,1,-1,0,unknown,1
51,entrepreneur,married,tertiary,no,267,yes,no,unknown,30,may,56,1,-1,0,unknown,0
32,unemployed,single,tertiary,no,1974,no,no,cellular,4,feb,775,1,-1,0,unknown,0
48,housemaid,married,secondary,no,0,no,no,cellular,28,jul,330,5,-1,0,unknown,0
30,self-employed,married,tertiary,no,2666,no,no,cellular,5,aug,475,2,93,4,success,1
28,entrepreneur,single,unknown,no,1306,yes,no,unknown,19,may,396,3,-1,0,unknown,0
41,management,single,secondary,no,1138,no,no,cellular,31,jul,283,18,-1,0,unknown,0
46,housemaid,married,primary,no,131,no,no,cellular,22,aug,234,4,-1,0,unknown,0
38,management,married,tertiary,no,0,no,no,cellular,19,aug,219,2,-1,0,unknown,0
34,technician,single,tertiary,no,144,yes,yes,cellular,23,apr,115,16,-1,0,unknown,0
32,blue-collar,single,secondary,no,1143,yes,yes,cellular,10,jul,412,1,-1,0,unknown,0
33,technician,single,secondary,no,2481,no,no,cellular,21,nov,113,1,101,2,failure,0
27,management,single,secondary,no,843,no,no,cellular,12,jul,123,2,185,1,success,0
56,admin.,married,primary,no,2086,yes,no,cellular,5,may,159,8,-1,0,unknown,0
39,technician,married,secondary,no,22,no,no,cellular,21,aug,76,2,-1,0,unknown,0
34,technician,married,secondary,no,5266,no,no,cellular,8,aug,140,4,-1,0,unknown,0
43,admin.,single,secondary,no,-497,yes,no,unknown,6,may,234,2,-1,0,unknown,0
44,blue-collar,married,primary,no,-11,yes,no,unknown,9,may,13,1,-1,0,unknown,0
29,technician,single,secondary,no,290,yes,yes,cellular,8,jul,293,1,-1,0,unknown,0
32,technician,married,secondary,no,-360,yes,no,cellular,6,may,131,2,344,2,failure,0
38,blue-collar,married,primary,no,406,yes,no,cellular,25,jul,460,5,-1,0,unknown,0
45,blue-collar,married,primary,yes,153,no,yes,cellular,18,jul,706,9,-1,0,unknown,0
47,admin.,married,secondary,no,12845,yes,no,unknown,18,nov,117,1,-1,0,unknown,0
29,blue-collar,divorced,secondary,no,0,yes,no,unknown,25,jun,281,3,-1,0,unknown,0
55,blue-collar,married,secondary,no,196,no,no,cellular,21,aug,81,1,-1,0,unknown,1
27,management,single,secondary,no,178,yes,no,unknown,3,jun,732,2,-1,0,unknown,1
31,technician,married,secondary,no,222,yes,no,unknown,29,may,251,4,-1,0,unknown,0
39,services,divorced,secondary,no,1957,yes,yes,cellular,16,apr,350,1,147,1,failure,0
50,blue-collar,married,secondary,no,9585,yes,no,telephone,31,jul,182,6,-1,0,unknown,0
83,retired,divorced,primary,no,46,no,no,cellular,25,mar,115,1,-1,0,unknown,1
38,unemployed,married,primary,no,311,no,no,telephone,31,jul,80,11,-1,0,unknown,0
51,housemaid,married,primary,no,13292,no,no,unknown,16,jun,1238,2,-1,0,unknown,0
57,entrepreneur,married,secondary,no,294,yes,no,unknown,5,may,746,2,-1,0,unknown,0
42,management,married,tertiary,no,144,no,no,cellular,4,mar,148,1,87,4,failure,1
70,retired,married,unknown,no,853,no,no,cellular,15,apr,120,1,-1,0,unknown,0
36,blue-collar,single,secondary,no,1822,yes,no,cellular,8,apr,952,1,323,1,other,1
49,blue-collar,married,primary,no,247,no,yes,cellular,22,jul,283,1,-1,0,unknown,0
31,management,single,tertiary,no,5691,yes,no,cellular,21,nov,37,2,123,1,failure,0
48,technician,married,unknown,no,5543,no,no,unknown,16,jun,143,5,-1,0,unknown,0
44,admin.,married,secondary,no,73,yes,no,unknown,16,may,404,1,-1,0,unknown,0
29,technician,single,tertiary,no,865,no,no,cellular,17,may,248,3,243,1,failure,0
44,technician,married,secondary,no,135,yes,no,cellular,8,may,262,3,-1,0,unknown,0
37,services,married,primary,no,52,yes,no,unknown,7,may,359,1,-1,0,unknown,0
35,management,single,tertiary,no,688,no,no,cellular,2,feb,504,1,-1,0,unknown,0
47,technician,divorced,secondary,no,440,no,no,cellular,29,jan,147,1,-1,0,unknown,0
32,self-employed,married,secondary,no,514,yes,no,cellular,11,jul,812,1,-1,0,unknown,1
34,technician,married,secondary,no,1005,no,no,cellular,26,aug,209,7,-1,0,unknown,0
39,student,single,tertiary,no,1107,yes,no,telephone,20,apr,407,4,-1,0,unknown,0
35,self-employed,married,secondary,no,598,yes,no,cellular,20,apr,245,1,-1,0,unknown,0
31,technician,single,secondary,no,2916,no,no,cellular,14,aug,174,2,-1,0,unknown,0
36,management,single,tertiary,no,937,yes,no,cellular,16,apr,35,1,-1,0,unknown,0
31,management,single,tertiary,no,730,no,no,cellular,27,aug,108,6,-1,0,unknown,0
45,admin.,married,secondary,no,310,yes,no,unknown,8,may,191,2,-1,0,unknown,0
39,services,divorced,secondary,yes,-96,yes,yes,telephone,12,may,38,6,-1,0,unknown,0
27,admin.,single,tertiary,no,954,no,no,cellular,29,jan,186,1,-1,0,unknown,0
27,admin.,married,secondary,no,186,yes,no,unknown,27,may,136,2,-1,0,unknown,0
43,services,married,primary,no,-88,yes,yes,cellular,21,nov,94,2,-1,0,unknown,0
42,blue-collar,divorced,primary,no,103,yes,no,cellular,6,feb,170,1,-1,0,unknown,0
42,unemployed,divorced,tertiary,no,-166,no,no,cellular,29,aug,85,4,-1,0,unknown,0
57,admin.,married,secondary,no,2087,yes,no,cellular,20,apr,140,4,343,1,failure,0
32,blue-collar,married,secondary,no,231,yes,no,unknown,15,may,51,10,-1,0,unknown,0
46,blue-collar,married,secondary,no,519,yes,no,cellular,25,aug,217,6,-1,0,unknown,0
47,admin.,married,secondary,no,996,no,no,telephone,29,aug,247,2,-1,0,unknown,0
30,technician,single,tertiary,no,1081,no,no,cellular,6,aug,377,2,-1,0,unknown,0
35,technician,married,secondary,no,35,yes,no,cellular,30,apr,358,1,-1,0,unknown,0
34,blue-collar,single,secondary,no,7541,no,no,cellular,20,nov,541,1,-1,0,unknown,0
72,retired,married,secondary,no,17739,no,no,cellular,11,sep,135,4,-1,0,unknown,0
30,technician,single,tertiary,no,985,yes,no,cellular,19,feb,88,2,-1,0,unknown,0
47,blue-collar,married,secondary,no,820,no,no,cellular,18,jan,262,1,91,1,success,1
28,student,single,tertiary,no,385,yes,no,telephone,18,may,203,5,-1,0,unknown,0
44,technician,married,tertiary,no,1818,yes,yes,cellular,12,aug,120,1,104,1,failure,0
29,management,single,tertiary,no,-11,yes,no,cellular,14,may,164,2,-1,0,unknown,0
33,services,single,secondary,no,772,yes,no,cellular,29,jan,323,2,259,3,success,0
49,entrepreneur,married,tertiary,no,4976,yes,no,cellular,13,may,36,9,173,1,failure,0
38,admin.,single,secondary,no,245,yes,yes,cellular,12,aug,251,2,117,4,failure,0
38,entrepreneur,married,secondary,no,593,yes,yes,cellular,24,jul,1484,24,-1,0,unknown,1
59,management,married,tertiary,no,7049,no,no,cellular,21,nov,530,1,163,2,failure,1
25,technician,single,secondary,no,276,yes,no,unknown,12,may,268,4,-1,0,unknown,0
41,management,married,tertiary,no,6204,no,yes,unknown,11,jun,148,2,-1,0,unknown,0
28,blue-collar,single,secondary,no,-197,yes,no,unknown,9,may,2016,2,-1,0,unknown,1
58,management,divorced,tertiary,no,0,no,no,cellular,22,aug,73,3,-1,0,unknown,0
37,management,married,tertiary,no,-120,yes,no,unknown,9,may,77,2,-1,0,unknown,0
49,management,single,tertiary,no,354,yes,no,unknown,19,may,166,3,-1,0,unknown,0
34,blue-collar,married,primary,no,1031,yes,no,unknown,29,may,751,3,-1,0,unknown,1
54,retired,married,primary,no,-58,no,no,cellular,12,may,143,4,-1,0,unknown,0
34,blue-collar,married,secondary,no,649,yes,no,cellular,6,may,224,1,363,1,other,0
34,technician,single,secondary,no,0,no,no,cellular,19,aug,130,2,-1,0,unknown,0
58,management,divorced,unknown,no,2986,no,no,cellular,16,sep,414,1,91,5,other,1
28,self-employed,single,secondary,no,131,yes,no,unknown,23,may,407,14,-1,0,unknown,0
40,admin.,married,secondary,no,1380,yes,no,unknown,19,may,127,1,-1,0,unknown,0
60,admin.,married,secondary,no,7336,no,no,cellular,31,mar,494,1,-1,0,unknown,0
54,blue-collar,married,primary,no,2110,yes,no,cellular,16,apr,618,1,-1,0,unknown,0
31,management,married,tertiary,no,1812,no,no,cellular,4,nov,138,1,84,2,failure,0
38,blue-collar,married,secondary,no,0,yes,no,unknown,20,may,90,1,-1,0,unknown,0
61,housemaid,single,unknown,no,893,no,no,telephone,2,feb,324,1,-1,0,unknown,0
57,technician,married,unknown,no,206,yes,no,unknown,5,may,216,3,-1,0,unknown,0
31,admin.,married,secondary,no,5,yes,yes,cellular,16,jul,101,7,-1,0,unknown,0
49,technician,married,secondary,no,2765,no,no,cellular,13,aug,233,4,-1,0,unknown,0
56,management,married,tertiary,no,0,no,no,cellular,17,nov,194,1,-1,0,unknown,0
29,management,single,tertiary,no,1431,no,no,cellular,18,jun,201,4,-1,0,unknown,0
27,admin.,married,secondary,no,953,yes,no,unknown,26,may,340,2,-1,0,unknown,0
29,management,single,tertiary,no,1445,no,no,cellular,26,apr,328,2,143,2,success,1
33,admin.,married,tertiary,no,957,yes,no,unknown,28,may,361,4,-1,0,unknown,0
43,management,married,tertiary,no,228,no,no,cellular,28,aug,47,18,-1,0,unknown,0
30,blue-collar,single,secondary,no,931,yes,no,unknown,30,may,65,7,-1,0,unknown,0
40,admin.,single,secondary,no,1112,yes,no,cellular,15,may,104,2,-1,0,unknown,0
37,entrepreneur,married,secondary,no,-170,yes,no,unknown,28,may,39,1,-1,0,unknown,0
42,technician,married,tertiary,no,3777,yes,no,cellular,4,feb,139,4,-1,0,unknown,0
29,blue-collar,married,secondary,no,721,yes,no,cellular,23,jul,644,1,-1,0,unknown,0
32,services,married,secondary,no,605,yes,no,cellular,30,jan,164,1,-1,0,unknown,0
53,services,married,secondary,no,2719,yes,no,unknown,30,may,80,2,-1,0,unknown,0
31,self-employed,married,tertiary,no,0,yes,no,cellular,22,jul,392,2,-1,0,unknown,0
48,admin.,married,secondary,no,395,no,no,unknown,5,jun,168,1,-1,0,unknown,0
59,technician,married,secondary,no,1866,no,no,telephone,3,feb,288,2,215,1,other,0
41,services,married,secondary,no,-459,yes,no,cellular,31,jul,162,2,-1,0,unknown,0
50,unknown,single,secondary,no,86,no,no,telephone,6,feb,279,8,-1,0,unknown,0
52,admin.,divorced,secondary,no,2002,no,no,unknown,4,jun,103,4,-1,0,unknown,0
59,retired,married,primary,no,-266,yes,yes,cellular,31,jul,266,11,-1,0,unknown,0
28,blue-collar,single,primary,no,553,yes,no,cellular,7,may,225,3,321,3,failure,0
42,services,married,secondary,no,0,no,no,unknown,18,jun,118,6,-1,0,unknown,0
42,technician,married,secondary,no,2152,no,no,cellular,1,oct,161,1,92,6,failure,0
26,management,single,tertiary,no,761,no,no,cellular,2,feb,362,1,-1,0,unknown,0
26,blue-collar,married,primary,no,133,no,yes,cellular,25,jul,57,3,-1,0,unknown,0
34,blue-collar,married,primary,no,161,yes,yes,unknown,20,may,177,1,-1,0,unknown,0
32,services,married,secondary,no,-489,yes,yes,cellular,18,may,93,1,180,3,failure,0
28,blue-collar,single,secondary,no,1849,yes,no,unknown,28,may,204,1,-1,0,unknown,0
36,admin.,single,secondary,no,449,yes,no,unknown,20,jun,136,3,-1,0,unknown,0
60,management,married,secondary,no,358,no,no,unknown,18,jun,74,2,-1,0,unknown,0
56,management,married,tertiary,no,665,no,no,cellular,29,aug,25,12,-1,0,unknown,0
55,technician,married,unknown,no,4746,yes,no,cellular,21,nov,237,2,182,3,failure,0
44,self-employed,married,secondary,no,264,yes,no,unknown,13,may,198,2,-1,0,unknown,0
52,technician,divorced,primary,no,1500,no,no,unknown,15,may,148,3,-1,0,unknown,0
49,management,married,tertiary,no,596,yes,no,cellular,3,apr,579,2,-1,0,unknown,0
28,services,married,secondary,no,6,yes,no,unknown,8,may,667,1,-1,0,unknown,0
38,technician,married,tertiary,no,606,no,no,unknown,16,jun,193,2,-1,0,unknown,0
61,retired,married,secondary,no,1058,no,no,cellular,27,jul,218,2,91,3,success,1
31,technician,single,tertiary,no,50,no,no,cellular,21,aug,794,1,-1,0,unknown,0
32,management,married,tertiary,no,2458,yes,no,cellular,4,may,77,2,-1,0,unknown,0
41,services,married,secondary,no,-111,yes,no,unknown,13,may,21,1,-1,0,unknown,0
43,management,married,tertiary,no,690,yes,no,cellular,6,aug,171,3,-1,0,unknown,0
27,unemployed,single,secondary,no,0,yes,no,cellular,21,jul,53,6,-1,0,unknown,0
35,services,divorced,tertiary,no,877,yes,no,cellular,15,apr,61,3,-1,0,unknown,0
34,admin.,divorced,secondary,no,145,no,no,cellular,8,jul,183,5,-1,0,unknown,0
60,blue-collar,married,primary,no,493,no,no,cellular,18,aug,671,4,-1,0,unknown,1
37,blue-collar,married,primary,no,1534,yes,no,unknown,3,jun,126,4,-1,0,unknown,0
47,services,married,secondary,no,2,no,yes,cellular,21,jul,71,15,-1,0,unknown,0
53,blue-collar,married,secondary,no,427,no,yes,cellular,14,aug,360,4,-1,0,unknown,0
34,unemployed,married,secondary,no,6438,yes,no,cellular,21,nov,21,7,-1,0,unknown,0
39,technician,married,secondary,no,24,yes,no,cellular,28,jan,79,4,-1,0,unknown,0
56,retired,married,primary,no,1448,yes,yes,telephone,20,nov,16,1,-1,0,unknown,0
51,services,married,unknown,no,518,no,no,unknown,5,jun,312,3,-1,0,unknown,0
21,student,single,tertiary,no,1258,no,no,cellular,7,jul,404,1,-1,0,unknown,0
57,management,married,tertiary,no,1963,no,yes,cellular,8,aug,178,3,-1,0,unknown,0
31,admin.,married,secondary,no,734,no,no,cellular,26,aug,195,9,-1,0,unknown,0
32,management,single,tertiary,no,0,no,no,telephone,22,aug,28,4,-1,0,unknown,0
57,technician,divorced,secondary,no,372,no,no,cellular,14,aug,280,4,-1,0,unknown,0
34,services,married,secondary,no,-102,yes,no,cellular,18,jul,185,1,-1,0,unknown,0
55,technician,married,tertiary,no,1320,no,no,cellular,28,jul,340,1,91,2,success,1
39,blue-collar,married,secondary,no,327,yes,no,unknown,20,may,244,1,-1,0,unknown,0
43,services,married,secondary,no,354,yes,no,telephone,4,feb,49,2,-1,0,unknown,0
33,technician,single,secondary,yes,329,no,no,cellular,12,aug,137,2,-1,0,unknown,0
45,entrepreneur,married,tertiary,no,369,yes,no,unknown,19,may,182,2,-1,0,unknown,0
44,housemaid,married,primary,no,0,yes,no,telephone,9,jul,224,1,-1,0,unknown,0
40,management,single,tertiary,no,157,yes,no,unknown,15,may,68,2,-1,0,unknown,0
51,technician,divorced,secondary,no,1096,no,no,cellular,3,feb,138,1,-1,0,unknown,0
43,services,divorced,secondary,no,372,yes,yes,cellular,4,feb,618,2,274,2,failure,0
40,management,single,tertiary,no,15,no,yes,unknown,22,aug,4,1,-1,0,unknown,0
49,unemployed,divorced,tertiary,no,780,no,no,cellular,8,nov,148,1,871,2,failure,0
33,technician,married,secondary,no,14850,yes,no,cellular,5,feb,122,5,-1,0,unknown,0
31,blue-collar,single,secondary,no,144,yes,no,cellular,17,apr,370,3,-1,0,unknown,0
31,student,single,secondary,no,334,yes,no,cellular,5,feb,195,4,233,2,other,0
49,housemaid,married,primary,no,0,yes,no,cellular,17,jul,51,1,-1,0,unknown,0
58,management,married,tertiary,no,911,yes,no,cellular,30,jan,49,1,-1,0,unknown,0
53,housemaid,married,primary,no,70,no,no,cellular,21,aug,77,8,-1,0,unknown,0
39,services,single,secondary,no,403,yes,no,cellular,7,may,1262,3,-1,0,unknown,1
26,admin.,single,secondary,no,-326,yes,no,unknown,19,may,128,3,-1,0,unknown,0
53,housemaid,divorced,primary,no,947,yes,no,unknown,5,may,163,1,-1,0,unknown,0
57,retired,married,tertiary,no,478,no,no,cellular,30,apr,70,1,84,1,failure,0
34,management,single,tertiary,no,48,yes,no,cellular,12,aug,810,3,93,6,failure,1
29,services,single,secondary,no,2,no,no,unknown,8,may,190,1,-1,0,unknown,0
47,technician,married,secondary,no,1059,yes,no,cellular,21,nov,58,1,127,1,failure,0
33,services,divorced,secondary,yes,339,yes,no,unknown,23,may,496,4,-1,0,unknown,0
36,services,married,secondary,no,4721,no,no,cellular,9,jun,150,1,92,5,success,1
33,technician,married,tertiary,no,2728,no,no,cellular,5,aug,295,2,-1,0,unknown,0
33,unemployed,single,secondary,no,1173,no,no,cellular,30,jan,844,3,-1,0,unknown,0
42,blue-collar,married,primary,no,480,yes,no,unknown,6,jun,288,12,-1,0,unknown,0
37,blue-collar,single,secondary,no,847,no,no,unknown,20,jun,54,1,-1,0,unknown,0
42,blue-collar,married,primary,no,1687,yes,no,cellular,18,may,14,3,178,3,other,0
37,management,married,secondary,no,38,no,no,cellular,21,aug,94,13,-1,0,unknown,0
55,blue-collar,married,unknown,no,728,yes,no,cellular,25,jul,130,2,-1,0,unknown,0
33,services,married,secondary,no,28,no,no,cellular,29,aug,73,2,-1,0,unknown,0
48,self-employed,married,secondary,no,1559,no,no,cellular,13,aug,344,1,190,2,failure,0
34,management,divorced,tertiary,no,2466,no,no,cellular,2,jun,143,1,281,5,other,0
60,retired,married,secondary,no,8590,no,no,unknown,5,jun,85,1,-1,0,unknown,0
27,management,single,tertiary,no,88,no,no,cellular,24,apr,65,2,-1,0,unknown,0
53,admin.,married,secondary,no,1815,no,no,cellular,29,jul,86,6,-1,0,unknown,0
54,blue-collar,single,secondary,no,105,yes,no,cellular,17,apr,226,1,326,3,failure,0
33,blue-collar,single,primary,no,785,yes,no,cellular,20,nov,139,1,-1,0,unknown,0
47,technician,married,secondary,no,351,yes,no,unknown,14,may,367,3,-1,0,unknown,0
35,services,married,secondary,no,372,yes,no,cellular,11,jul,230,1,-1,0,unknown,0
30,technician,married,secondary,no,239,yes,no,cellular,20,apr,58,3,150,10,failure,0
55,admin.,married,tertiary,no,46,no,no,cellular,29,aug,59,4,-1,0,unknown,0
51,retired,married,secondary,no,3003,yes,no,cellular,7,jul,149,3,-1,0,unknown,0
31,management,single,tertiary,no,630,no,no,cellular,2,feb,70,2,-1,0,unknown,0
35,admin.,married,tertiary,no,948,yes,no,cellular,8,jun,86,1,-1,0,unknown,0
43,admin.,married,secondary,no,477,yes,no,cellular,27,feb,476,2,-1,0,unknown,0
32,services,single,secondary,no,481,yes,no,cellular,13,may,150,3,174,4,failure,0
34,management,single,secondary,no,524,no,no,unknown,13,aug,9,1,-1,0,unknown,0
58,services,divorced,secondary,no,462,no,no,cellular,12,aug,332,1,-1,0,unknown,1
54,unemployed,married,secondary,no,1561,no,no,cellular,25,may,352,3,186,2,failure,1
59,management,married,tertiary,no,1783,no,yes,cellular,17,nov,540,2,-1,0,unknown,1
39,blue-collar,married,primary,no,317,yes,no,unknown,13,may,326,3,-1,0,unknown,0
39,blue-collar,married,primary,no,-186,no,yes,unknown,18,jun,320,3,-1,0,unknown,0
27,blue-collar,married,secondary,no,362,yes,no,unknown,14,may,332,2,-1,0,unknown,0
41,services,married,secondary,no,-141,yes,yes,unknown,2,jun,243,3,-1,0,unknown,0
50,entrepreneur,divorced,tertiary,no,816,no,no,cellular,19,nov,630,1,-1,0,unknown,0
40,blue-collar,married,secondary,no,952,no,yes,unknown,12,jun,140,1,-1,0,unknown,0
31,blue-collar,single,secondary,no,2597,yes,no,unknown,12,may,189,1,-1,0,unknown,0
31,technician,married,secondary,no,535,no,no,cellular,8,aug,81,2,-1,0,unknown,0
47,admin.,married,secondary,no,2,no,no,cellular,10,jul,89,1,-1,0,unknown,0
37,management,single,tertiary,no,9,no,no,cellular,26,aug,484,2,-1,0,unknown,0
33,self-employed,divorced,secondary,no,969,yes,no,unknown,17,jun,166,2,-1,0,unknown,0
34,management,married,tertiary,no,297,yes,no,cellular,26,aug,63,4,-1,0,unknown,0
31,unemployed,divorced,secondary,no,1144,yes,no,cellular,8,may,65,2,367,1,failure,0
45,blue-collar,married,primary,no,528,yes,no,cellular,14,may,16,7,-1,0,unknown,0
28,student,single,tertiary,no,80,yes,no,unknown,19,may,234,1,-1,0,unknown,0
35,self-employed,married,secondary,no,0,no,no,cellular,12,aug,64,2,-1,0,unknown,0
42,technician,divorced,secondary,no,0,yes,no,unknown,30,may,115,6,-1,0,unknown,0
21,student,single,secondary,no,215,no,no,cellular,24,may,382,1,89,7,success,1
49,admin.,married,secondary,no,0,yes,yes,unknown,3,jun,50,3,-1,0,unknown,0
47,blue-collar,divorced,secondary,no,-4,yes,no,cellular,16,jul,77,1,-1,0,unknown,0
53,blue-collar,divorced,primary,no,1815,yes,no,cellular,18,may,34,1,-1,0,unknown,0
50,blue-collar,married,primary,no,533,no,no,cellular,21,aug,212,4,-1,0,unknown,0
41,admin.,married,secondary,no,1535,yes,no,cellular,12,may,261,1,363,1,success,0
27,housemaid,married,primary,yes,-238,no,no,cellular,14,jul,132,4,-1,0,unknown,0
55,admin.,married,secondary,no,51,no,no,cellular,20,aug,94,2,-1,0,unknown,0
29,blue-collar,married,secondary,no,723,no,yes,cellular,17,jul,235,1,-1,0,unknown,0
31,services,single,unknown,no,919,yes,no,cellular,18,may,180,2,-1,0,unknown,0
41,technician,married,secondary,no,-832,no,no,cellular,6,aug,226,5,-1,0,unknown,0
44,management,married,tertiary,no,1791,no,no,cellular,11,feb,71,1,190,1,success,1
27,admin.,married,secondary,no,3415,no,no,cellular,9,oct,266,3,184,1,success,1
45,blue-collar,married,secondary,no,-302,yes,no,unknown,27,may,78,1,-1,0,unknown,0
42,blue-collar,married,primary,no,-10,yes,no,unknown,9,may,291,4,-1,0,unknown,0
39,management,single,tertiary,no,0,yes,no,cellular,6,feb,13,8,9,2,other,0
73,retired,married,unknown,no,3443,no,no,telephone,4,sep,770,3,-1,0,unknown,1
27,self-employed,single,tertiary,no,4574,no,no,cellular,12,aug,187,2,-1,0,unknown,0
36,blue-collar,married,secondary,no,-194,yes,no,cellular,14,jul,133,3,-1,0,unknown,0
32,student,single,unknown,no,376,no,no,cellular,13,may,457,2,178,3,failure,0
58,services,married,secondary,no,1667,yes,yes,unknown,6,may,85,1,-1,0,unknown,0
29,technician,single,secondary,no,674,no,no,cellular,17,apr,170,5,-1,0,unknown,1
32,blue-collar,single,primary,no,398,yes,no,cellular,13,may,716,1,-1,0,unknown,1
60,technician,married,primary,no,2301,no,no,cellular,28,apr,118,2,-1,0,unknown,0
51,self-employed,divorced,tertiary,no,1357,yes,no,cellular,17,nov,233,3,-1,0,unknown,0
32,technician,single,tertiary,no,1625,no,no,cellular,22,may,796,1,109,1,failure,1
48,management,single,tertiary,no,830,no,no,cellular,25,aug,961,4,-1,0,unknown,1
56,technician,married,secondary,no,170,yes,no,cellular,5,may,200,2,294,4,other,0
42,admin.,divorced,secondary,no,-67,no,no,cellular,21,nov,137,2,-1,0,unknown,0
47,blue-collar,married,primary,no,242,yes,no,unknown,16,may,214,4,-1,0,unknown,0
28,services,married,secondary,no,1214,no,no,unknown,28,may,582,1,-1,0,unknown,0
47,unemployed,married,secondary,no,123,no,no,cellular,4,aug,653,2,-1,0,unknown,0
30,services,single,secondary,no,1881,no,yes,unknown,26,jun,29,1,-1,0,unknown,0
42,management,married,tertiary,no,520,no,no,cellular,4,nov,158,1,-1,0,unknown,0
36,self-employed,married,secondary,no,1245,yes,no,unknown,6,jun,1469,9,-1,0,unknown,1
39,self-employed,married,secondary,no,31,yes,no,unknown,23,may,146,4,-1,0,unknown,0
37,management,married,tertiary,no,-491,yes,no,cellular,5,feb,80,2,-1,0,unknown,0
46,services,divorced,secondary,no,2268,yes,no,cellular,13,may,281,3,-1,0,unknown,0
37,blue-collar,married,secondary,no,168,yes,no,cellular,17,apr,266,2,-1,0,unknown,0
33,management,single,tertiary,no,1120,no,no,cellular,11,aug,1070,2,-1,0,unknown,1
44,management,married,tertiary,no,446,no,no,cellular,25,jul,63,12,-1,0,unknown,0
33,management,married,tertiary,no,1390,no,no,cellular,5,mar,77,1,179,5,failure,0
38,blue-collar,married,secondary,no,625,yes,yes,cellular,11,may,210,1,-1,0,unknown,0
47,self-employed,divorced,secondary,no,218,yes,no,unknown,12,may,58,7,-1,0,unknown,0
60,retired,married,primary,no,957,no,no,cellular,6,aug,224,2,-1,0,unknown,0
60,self-employed,married,secondary,no,18,yes,yes,cellular,12,may,399,4,343,1,other,0
36,admin.,married,secondary,no,11,yes,no,cellular,2,oct,121,3,-1,0,unknown,0
33,management,married,tertiary,no,255,yes,no,cellular,21,jul,75,2,-1,0,unknown,0
31,technician,single,tertiary,no,44,no,no,cellular,28,aug,16,13,-1,0,unknown,0
28,blue-collar,single,secondary,no,1112,yes,no,unknown,16,may,827,2,-1,0,unknown,0
45,unemployed,married,secondary,no,-407,yes,no,cellular,15,may,320,3,371,2,failure,0
53,retired,married,secondary,no,1296,yes,no,unknown,17,jun,115,1,-1,0,unknown,0
45,blue-collar,married,primary,no,97,yes,no,unknown,7,may,923,3,-1,0,unknown,0
51,retired,married,primary,no,610,no,no,unknown,9,jun,86,2,-1,0,unknown,0
43,admin.,married,secondary,no,5048,no,no,telephone,31,jul,214,3,-1,0,unknown,0
28,technician,single,tertiary,no,375,yes,no,cellular,14,may,43,1,350,1,other,0
46,admin.,married,secondary,no,120,yes,no,unknown,14,may,20,11,-1,0,unknown,0
36,technician,married,secondary,no,4613,no,no,cellular,19,nov,207,2,-1,0,unknown,0
25,blue-collar,single,primary,no,6,yes,yes,unknown,27,may,174,2,-1,0,unknown,0
29,blue-collar,single,primary,no,365,yes,yes,cellular,5,feb,72,1,274,2,failure,0
39,technician,married,secondary,no,116,no,no,cellular,22,may,554,2,-1,0,unknown,1
54,blue-collar,single,secondary,no,1633,yes,no,unknown,4,oct,12,1,-1,0,unknown,0
40,blue-collar,married,unknown,no,486,yes,no,unknown,20,may,97,8,-1,0,unknown,0
42,unemployed,married,tertiary,no,576,no,no,cellular,3,jun,447,2,96,1,success,1
31,management,married,tertiary,no,303,yes,no,unknown,14,may,143,1,-1,0,unknown,0
29,admin.,single,secondary,no,818,yes,yes,unknown,5,may,61,1,-1,0,unknown,0
43,entrepreneur,married,tertiary,no,903,yes,no,cellular,7,apr,197,1,-1,0,unknown,0
52,blue-collar,married,primary,no,522,yes,no,unknown,19,may,298,2,-1,0,unknown,0
59,entrepreneur,divorced,tertiary,no,-869,no,yes,cellular,9,jul,113,1,-1,0,unknown,0
27,technician,married,secondary,no,7,yes,no,unknown,15,may,98,2,-1,0,unknown,0
42,services,married,secondary,no,128,no,no,cellular,11,jul,148,2,-1,0,unknown,0
54,blue-collar,married,secondary,no,853,no,no,unknown,16,jun,24,5,-1,0,unknown,0
34,technician,single,secondary,no,105,yes,no,cellular,17,nov,303,1,196,2,failure,0
29,student,single,secondary,no,459,no,no,cellular,15,dec,279,3,189,19,other,1
39,self-employed,married,secondary,no,656,no,no,cellular,29,jan,309,3,-1,0,unknown,0
49,blue-collar,married,secondary,no,0,no,no,cellular,14,aug,189,4,-1,0,unknown,0
54,management,divorced,tertiary,no,3473,yes,no,cellular,12,aug,306,2,-1,0,unknown,0
49,blue-collar,married,primary,no,387,yes,yes,unknown,3,jun,67,5,-1,0,unknown,0
49,unemployed,married,tertiary,no,377,no,no,cellular,24,mar,74,2,-1,0,unknown,0
22,admin.,single,secondary,no,222,no,no,cellular,3,jun,156,3,-1,0,unknown,0
24,blue-collar,married,secondary,no,0,no,no,unknown,28,may,94,1,-1,0,unknown,0
32,management,married,tertiary,no,500,no,no,cellular,8,aug,151,4,-1,0,unknown,0
59,retired,married,primary,no,4007,no,no,cellular,28,may,581,3,63,6,failure,0
45,management,divorced,tertiary,no,-901,yes,no,unknown,26,may,86,3,-1,0,unknown,0
36,blue-collar,married,secondary,no,-870,yes,no,unknown,26,may,102,2,-1,0,unknown,0
57,management,married,tertiary,no,1016,no,no,telephone,10,dec,208,1,-1,0,unknown,0
27,services,single,secondary,no,194,yes,no,unknown,16,may,326,1,-1,0,unknown,0
31,management,single,tertiary,no,12,yes,no,unknown,9,may,330,4,-1,0,unknown,0
61,retired,divorced,secondary,no,927,no,no,cellular,30,apr,427,3,-1,0,unknown,1
45,management,married,tertiary,no,226,yes,no,cellular,15,feb,91,4,185,6,success,1
23,services,married,secondary,no,1309,yes,no,unknown,3,jun,349,2,-1,0,unknown,0
35,blue-collar,married,secondary,no,-659,yes,yes,unknown,28,may,30,2,-1,0,unknown,0
50,technician,married,tertiary,no,11804,yes,no,unknown,30,may,83,1,-1,0,unknown,0
49,self-employed,married,tertiary,no,1791,no,no,cellular,25,sep,139,1,-1,0,unknown,0
55,admin.,married,secondary,no,356,no,no,telephone,27,aug,554,6,-1,0,unknown,0
46,management,divorced,tertiary,no,10469,yes,no,cellular,1,apr,202,2,-1,0,unknown,0
51,management,married,tertiary,no,6530,yes,no,unknown,5,may,91,1,-1,0,unknown,0
53,retired,married,primary,no,136,yes,no,unknown,6,may,267,2,-1,0,unknown,0
49,management,married,tertiary,no,1533,no,no,cellular,17,nov,324,1,172,1,failure,0
37,admin.,divorced,tertiary,no,43,yes,no,cellular,20,apr,328,2,264,2,failure,0
26,blue-collar,single,primary,no,409,yes,no,cellular,21,jul,577,2,-1,0,unknown,1
31,unemployed,married,primary,no,213,yes,no,unknown,9,may,479,2,-1,0,unknown,0
67,retired,married,primary,no,4416,no,no,cellular,29,sep,245,3,-1,0,unknown,1
31,management,single,tertiary,no,4319,yes,no,cellular,29,mar,515,2,334,5,failure,0
53,self-employed,married,tertiary,no,2580,yes,no,cellular,19,nov,138,5,-1,0,unknown,0
25,unemployed,married,secondary,no,1404,yes,no,cellular,2,nov,85,2,-1,0,unknown,0
51,admin.,married,primary,no,2,yes,no,cellular,5,may,295,1,-1,0,unknown,0
35,services,married,unknown,no,0,no,no,unknown,17,jun,229,7,-1,0,unknown,0
45,blue-collar,married,primary,no,55,no,no,cellular,7,jul,112,3,-1,0,unknown,0
40,services,married,secondary,no,0,yes,no,cellular,5,may,184,1,334,2,failure,0
27,blue-collar,single,secondary,no,153,yes,no,cellular,20,apr,198,3,346,1,failure,0
35,management,married,tertiary,no,2308,no,yes,unknown,9,jun,540,1,-1,0,unknown,0
30,student,single,secondary,no,2046,no,no,telephone,21,apr,595,3,254,1,failure,1
51,management,single,unknown,no,-461,yes,no,unknown,28,may,33,2,-1,0,unknown,0
59,housemaid,married,primary,no,352,no,no,telephone,21,jul,132,10,-1,0,unknown,0
38,blue-collar,married,secondary,no,194,yes,no,cellular,17,apr,576,4,340,7,failure,0
44,technician,single,secondary,no,3959,yes,no,cellular,21,nov,187,1,-1,0,unknown,0
50,management,married,tertiary,no,414,yes,no,cellular,3,apr,707,1,302,3,failure,1
58,technician,married,secondary,no,629,yes,no,cellular,3,feb,193,3,265,2,failure,0
38,technician,single,tertiary,no,23,no,no,cellular,23,jul,194,1,-1,0,unknown,0
31,blue-collar,married,primary,no,845,no,no,cellular,3,feb,148,2,-1,0,unknown,0
32,management,single,tertiary,no,5276,no,no,cellular,21,nov,299,1,-1,0,unknown,0
55,blue-collar,married,primary,no,23,yes,no,unknown,5,may,291,1,-1,0,unknown,0
46,services,married,secondary,no,997,yes,no,unknown,12,may,398,1,-1,0,unknown,0
43,services,divorced,secondary,no,0,no,no,cellular,31,jul,106,4,-1,0,unknown,0
51,blue-collar,married,primary,no,4497,yes,no,unknown,15,may,276,3,-1,0,unknown,0
30,blue-collar,married,secondary,no,12697,yes,yes,unknown,19,may,95,1,-1,0,unknown,0
48,blue-collar,married,primary,no,595,no,no,cellular,24,jul,464,1,-1,0,unknown,0
60,unemployed,married,primary,no,26,yes,no,unknown,16,may,196,6,-1,0,unknown,0
41,technician,married,tertiary,no,532,yes,no,cellular,20,apr,414,2,285,1,failure,0
40,admin.,married,secondary,no,3138,no,no,cellular,12,aug,238,1,-1,0,unknown,0
30,services,divorced,secondary,no,0,yes,no,cellular,13,may,172,1,-1,0,unknown,0
31,unemployed,single,secondary,no,2066,no,yes,cellular,21,aug,162,2,-1,0,unknown,0
39,management,married,secondary,no,315,yes,no,telephone,17,apr,141,4,-1,0,unknown,0
51,admin.,married,secondary,no,0,no,no,cellular,21,jul,130,1,-1,0,unknown,0
53,technician,married,secondary,no,530,no,no,cellular,18,nov,244,1,-1,0,unknown,0
29,technician,married,tertiary,no,1535,yes,no,cellular,17,jul,134,2,-1,0,unknown,0
44,blue-collar,married,secondary,no,1147,yes,no,unknown,18,jun,23,3,-1,0,unknown,0
35,blue-collar,single,secondary,no,3507,yes,no,cellular,8,may,422,2,-1,0,unknown,0
25,admin.,single,tertiary,no,220,no,no,cellular,26,may,68,1,-1,0,unknown,0
40,admin.,married,secondary,no,1565,yes,yes,cellular,17,nov,288,2,-1,0,unknown,0
23,admin.,single,secondary,no,749,no,no,cellular,9,jul,315,4,-1,0,unknown,0
40,management,married,tertiary,no,229,yes,no,cellular,14,may,183,3,-1,0,unknown,0
31,management,single,tertiary,no,307,no,no,cellular,21,nov,86,2,-1,0,unknown,0
37,management,married,tertiary,yes,0,no,no,cellular,17,nov,44,1,123,2,failure,0
55,retired,married,tertiary,no,8037,no,no,cellular,3,feb,114,2,-1,0,unknown,0
52,admin.,married,secondary,no,692,yes,no,cellular,12,aug,129,9,-1,0,unknown,0
49,services,married,secondary,no,1345,yes,no,cellular,20,apr,254,1,-1,0,unknown,0
35,blue-collar,single,secondary,no,507,no,no,unknown,17,jun,43,6,-1,0,unknown,0
27,services,single,secondary,no,504,yes,no,cellular,18,may,106,5,362,8,other,0
58,technician,married,secondary,no,7554,no,no,telephone,9,feb,167,1,469,1,success,0
41,management,married,tertiary,no,2251,no,no,cellular,26,aug,338,9,-1,0,unknown,0
35,technician,married,secondary,no,840,yes,no,cellular,29,jul,281,4,-1,0,unknown,0
53,admin.,married,secondary,no,10541,no,no,cellular,9,nov,178,1,-1,0,unknown,1
32,services,married,secondary,no,2068,yes,yes,unknown,9,may,143,1,-1,0,unknown,0
27,admin.,single,secondary,no,392,yes,yes,unknown,21,may,292,2,-1,0,unknown,0
38,management,single,tertiary,no,-974,yes,no,unknown,30,may,120,3,-1,0,unknown,0
40,services,married,secondary,no,293,no,no,telephone,4,feb,192,2,-1,0,unknown,0
29,admin.,single,secondary,no,356,yes,no,unknown,9,may,106,1,-1,0,unknown,0
53,technician,married,primary,no,6181,no,no,cellular,14,jul,817,2,209,3,other,1
29,technician,single,tertiary,no,354,yes,no,unknown,26,may,255,1,-1,0,unknown,0
46,services,married,primary,no,13118,no,no,cellular,5,aug,414,2,-1,0,unknown,0
48,management,married,secondary,no,3663,yes,no,telephone,7,may,25,5,169,1,failure,0
53,blue-collar,married,secondary,no,-214,yes,no,unknown,20,jun,49,4,-1,0,unknown,0
36,blue-collar,married,primary,no,1993,yes,yes,cellular,13,may,174,1,359,2,other,0
57,admin.,married,secondary,no,1143,no,no,telephone,7,jul,69,3,-1,0,unknown,0
27,blue-collar,married,secondary,yes,-584,yes,no,cellular,7,may,411,2,-1,0,unknown,0
48,blue-collar,married,secondary,no,426,yes,yes,cellular,12,aug,186,2,-1,0,unknown,0
32,technician,married,secondary,no,221,yes,no,unknown,23,may,224,4,-1,0,unknown,0
44,retired,married,secondary,no,902,no,no,unknown,26,may,206,1,-1,0,unknown,0
51,entrepreneur,divorced,tertiary,no,2109,no,no,cellular,13,oct,79,2,-1,0,unknown,1
50,management,single,tertiary,no,1098,yes,yes,cellular,5,aug,286,1,-1,0,unknown,0
74,retired,divorced,secondary,no,4079,no,no,cellular,19,oct,343,3,-1,0,unknown,1
36,blue-collar,married,secondary,no,1409,no,no,unknown,17,jun,235,2,-1,0,unknown,0
58,entrepreneur,married,primary,no,1657,no,no,unknown,6,jun,172,2,-1,0,unknown,0
59,unemployed,married,secondary,no,2740,no,no,cellular,5,feb,130,1,-1,0,unknown,0
26,student,single,secondary,no,108,no,no,cellular,21,oct,235,1,175,3,success,0
40,admin.,married,secondary,no,7711,yes,no,cellular,20,nov,190,5,135,1,failure,0
31,unemployed,married,secondary,no,20,no,no,cellular,28,jan,304,1,71,1,failure,0
30,blue-collar,single,secondary,no,144,yes,no,cellular,5,feb,259,1,260,3,failure,0
36,admin.,married,secondary,no,-206,yes,no,cellular,2,feb,122,1,-1,0,unknown,0
31,management,married,tertiary,no,0,yes,no,cellular,18,nov,47,1,-1,0,unknown,0
37,management,single,secondary,no,1572,no,no,cellular,13,may,499,3,-1,0,unknown,0
28,self-employed,married,tertiary,no,0,yes,no,cellular,23,jul,339,4,-1,0,unknown,0
43,blue-collar,married,secondary,no,4520,yes,no,unknown,15,may,100,4,-1,0,unknown,0
29,services,single,secondary,no,487,yes,yes,unknown,9,may,176,2,-1,0,unknown,0
46,management,single,secondary,no,295,yes,no,unknown,23,may,141,6,-1,0,unknown,0
39,management,married,secondary,no,794,yes,no,cellular,4,feb,71,1,243,3,failure,0
35,technician,single,unknown,no,1342,yes,no,cellular,19,nov,68,1,-1,0,unknown,0
52,technician,married,secondary,no,0,yes,no,unknown,18,jun,636,12,-1,0,unknown,0
31,blue-collar,married,primary,no,-464,yes,yes,unknown,12,may,256,4,-1,0,unknown,0
36,management,married,tertiary,no,708,yes,no,cellular,17,jul,59,3,-1,0,unknown,0
25,services,single,secondary,no,3856,yes,no,unknown,20,jun,16,28,-1,0,unknown,0
36,blue-collar,married,secondary,no,218,yes,no,cellular,4,may,619,6,-1,0,unknown,1
31,management,married,secondary,no,0,no,no,cellular,11,aug,720,1,-1,0,unknown,1
47,management,divorced,tertiary,no,0,no,no,cellular,28,apr,186,2,-1,0,unknown,0
32,services,married,secondary,no,1464,yes,no,unknown,3,jun,193,1,-1,0,unknown,0
40,services,married,secondary,no,1836,yes,no,cellular,12,may,750,2,-1,0,unknown,1
31,technician,married,tertiary,no,1385,no,no,cellular,25,aug,116,8,-1,0,unknown,0
38,services,married,secondary,no,5000,no,no,cellular,4,dec,720,5,536,5,failure,0
33,technician,divorced,secondary,no,1480,yes,no,cellular,5,may,223,1,-1,0,unknown,0
40,blue-collar,married,primary,no,-108,yes,no,unknown,19,jun,149,3,-1,0,unknown,0
51,admin.,divorced,secondary,no,2785,no,no,telephone,9,feb,23,10,-1,0,unknown,0
46,admin.,divorced,secondary,no,778,yes,no,cellular,20,nov,106,3,-1,0,unknown,0
33,technician,married,secondary,yes,-708,no,no,cellular,29,aug,93,2,-1,0,unknown,0
37,blue-collar,divorced,secondary,no,368,yes,no,unknown,13,may,194,2,-1,0,unknown,0
29,admin.,single,secondary,no,-498,yes,no,unknown,20,jun,17,14,-1,0,unknown,0
48,management,married,tertiary,no,2,no,no,cellular,15,sep,103,1,91,2,failure,0
41,management,married,tertiary,no,2470,yes,no,cellular,6,may,22,2,-1,0,unknown,0
37,services,married,secondary,no,1784,yes,no,cellular,19,nov,19,5,-1,0,unknown,0
38,technician,married,secondary,no,1478,no,no,cellular,12,aug,926,4,-1,0,unknown,1
55,blue-collar,married,secondary,no,1078,yes,yes,cellular,15,may,41,1,-1,0,unknown,0
47,services,divorced,secondary,no,430,yes,yes,unknown,14,may,335,1,-1,0,unknown,0
38,unemployed,single,tertiary,no,560,no,no,cellular,29,jan,316,1,-1,0,unknown,0
36,housemaid,married,primary,no,4324,yes,no,cellular,14,jul,565,4,-1,0,unknown,0
37,blue-collar,married,primary,no,11,no,no,telephone,30,jul,109,8,-1,0,unknown,0
41,services,married,secondary,no,714,yes,yes,unknown,15,may,504,5,-1,0,unknown,0
30,technician,single,tertiary,no,2325,no,no,cellular,10,aug,263,1,127,7,failure,1
45,blue-collar,married,secondary,no,105,yes,yes,unknown,13,may,119,1,-1,0,unknown,0
41,technician,married,secondary,no,0,no,no,cellular,22,aug,209,2,-1,0,unknown,0
38,technician,single,tertiary,no,1674,no,no,cellular,18,nov,333,1,-1,0,unknown,0
34,services,divorced,secondary,no,1281,no,no,cellular,5,feb,237,1,-1,0,unknown,0
28,technician,single,secondary,no,1241,no,no,cellular,24,jul,343,1,-1,0,unknown,0
26,management,single,tertiary,no,1438,no,no,cellular,27,apr,321,1,449,1,other,1
39,technician,single,secondary,no,506,yes,no,cellular,7,jul,718,2,-1,0,unknown,1
29,student,single,secondary,no,872,yes,no,unknown,7,may,230,1,-1,0,unknown,0
29,housemaid,married,secondary,no,1082,no,yes,cellular,30,jul,77,4,-1,0,unknown,0
32,services,married,secondary,no,2196,yes,no,cellular,21,jul,1156,1,-1,0,unknown,0
37,blue-collar,married,primary,no,190,yes,yes,unknown,8,may,194,1,-1,0,unknown,0
54,technician,divorced,secondary,no,255,yes,no,unknown,27,jun,140,2,-1,0,unknown,0
33,entrepreneur,married,secondary,no,3140,yes,yes,cellular,21,nov,7,5,-1,0,unknown,0
26,technician,single,tertiary,no,43,yes,yes,cellular,29,jan,169,3,246,1,failure,0
59,management,married,tertiary,no,281,no,no,cellular,8,jul,430,2,-1,0,unknown,0
59,retired,married,primary,no,255,no,yes,cellular,25,aug,62,6,-1,0,unknown,0
31,admin.,single,secondary,no,296,yes,no,unknown,13,may,161,1,-1,0,unknown,0
27,blue-collar,married,tertiary,no,335,yes,no,unknown,26,jun,519,3,-1,0,unknown,1
54,technician,married,secondary,no,827,no,yes,unknown,20,jun,294,2,-1,0,unknown,0
39,admin.,married,secondary,yes,0,no,no,unknown,29,may,59,3,-1,0,unknown,0
53,services,divorced,secondary,no,36,yes,yes,unknown,2,jul,25,1,417,1,success,1
52,admin.,married,secondary,no,347,no,no,cellular,11,aug,217,2,-1,0,unknown,0
51,services,divorced,secondary,no,234,no,no,cellular,9,jul,281,3,-1,0,unknown,0
46,management,divorced,tertiary,no,0,no,no,cellular,20,aug,50,2,-1,0,unknown,0
54,housemaid,married,primary,no,167,yes,no,cellular,22,jul,106,2,-1,0,unknown,0
42,management,married,tertiary,no,223,no,no,cellular,6,aug,92,6,-1,0,unknown,0
28,housemaid,married,primary,no,5,no,no,cellular,28,jan,30,1,-1,0,unknown,0
38,management,married,secondary,no,3840,yes,yes,cellular,17,nov,62,1,-1,0,unknown,0
38,technician,married,tertiary,no,472,yes,no,cellular,20,apr,178,5,326,3,failure,0
37,housemaid,divorced,primary,no,608,no,no,unknown,17,jun,108,1,-1,0,unknown,0
41,admin.,married,secondary,no,1010,yes,no,cellular,17,apr,47,1,338,1,failure,0
57,retired,single,secondary,no,630,no,no,unknown,19,jun,276,1,-1,0,unknown,0
52,services,married,secondary,no,1645,no,no,cellular,28,aug,248,1,-1,0,unknown,0
42,management,single,tertiary,yes,0,yes,no,cellular,21,nov,824,1,-1,0,unknown,1
33,services,married,secondary,no,-124,no,no,cellular,17,apr,150,2,325,1,failure,0
46,technician,married,tertiary,no,0,no,no,unknown,6,jun,159,1,-1,0,unknown,0
51,unknown,married,unknown,no,1585,no,no,telephone,30,oct,152,4,-1,0,unknown,0
51,management,married,tertiary,no,346,no,no,cellular,12,feb,122,1,92,5,success,1
32,services,single,secondary,no,758,yes,no,cellular,14,apr,262,1,-1,0,unknown,0
32,technician,married,secondary,no,12,yes,yes,cellular,4,aug,341,2,-1,0,unknown,0
49,unknown,married,primary,no,142,no,no,unknown,12,jun,90,3,-1,0,unknown,0
35,technician,married,secondary,no,-259,yes,no,cellular,29,jan,381,1,247,2,failure,0
35,blue-collar,married,secondary,no,306,no,no,unknown,20,jun,12,8,-1,0,unknown,0
54,entrepreneur,married,tertiary,no,1129,no,yes,cellular,28,jan,242,1,184,8,failure,0
48,self-employed,married,tertiary,no,16,yes,yes,cellular,18,nov,214,1,-1,0,unknown,0
31,management,single,tertiary,no,3625,yes,no,cellular,19,nov,112,1,180,2,failure,0
30,student,single,tertiary,no,25,yes,no,unknown,5,may,89,2,-1,0,unknown,0
37,services,married,secondary,no,405,yes,no,unknown,21,may,51,2,-1,0,unknown,0
39,blue-collar,married,primary,no,1411,yes,no,unknown,20,may,625,2,-1,0,unknown,0
60,retired,married,secondary,no,208,no,no,cellular,20,aug,70,4,-1,0,unknown,0
35,management,divorced,tertiary,no,1723,yes,no,cellular,25,jul,862,1,-1,0,unknown,1
45,blue-collar,married,primary,no,1945,yes,no,cellular,15,may,63,4,-1,0,unknown,0
49,admin.,married,secondary,no,1323,yes,no,cellular,18,nov,84,1,-1,0,unknown,0
29,technician,married,tertiary,no,1489,yes,no,unknown,28,may,430,1,-1,0,unknown,0
40,self-employed,married,tertiary,no,2977,yes,no,cellular,17,jul,1018,1,-1,0,unknown,0
38,blue-collar,single,tertiary,no,797,yes,no,unknown,11,jun,124,4,-1,0,unknown,0
31,admin.,single,tertiary,no,4129,no,no,cellular,2,mar,105,1,182,1,failure,0
52,technician,married,secondary,no,945,no,no,unknown,20,jun,16,8,-1,0,unknown,0
39,admin.,married,secondary,no,598,yes,no,unknown,15,may,444,1,-1,0,unknown,0
30,management,single,tertiary,no,2,yes,no,cellular,28,jul,377,4,-1,0,unknown,0
27,blue-collar,single,secondary,yes,81,no,yes,cellular,29,jan,123,2,205,2,success,0
31,blue-collar,married,secondary,no,505,yes,no,cellular,17,apr,218,4,329,2,other,0
49,management,married,tertiary,no,3840,yes,no,unknown,15,may,146,4,-1,0,unknown,0
35,admin.,married,secondary,no,5250,yes,no,cellular,20,nov,363,1,-1,0,unknown,0
47,blue-collar,married,primary,no,0,no,no,cellular,21,jul,71,1,-1,0,unknown,0
34,management,married,tertiary,no,1790,yes,no,cellular,22,jul,681,1,-1,0,unknown,0
38,blue-collar,married,secondary,no,526,yes,yes,unknown,23,may,553,2,-1,0,unknown,0
52,admin.,married,primary,no,270,yes,no,unknown,7,may,294,2,-1,0,unknown,0
33,blue-collar,married,primary,no,0,no,no,cellular,8,may,174,1,-1,0,unknown,0
49,management,married,tertiary,no,934,no,yes,cellular,21,nov,158,4,-1,0,unknown,0
41,technician,married,secondary,no,483,yes,no,unknown,9,may,319,1,-1,0,unknown,0
35,technician,divorced,secondary,no,308,no,no,cellular,22,aug,77,2,-1,0,unknown,0
41,blue-collar,married,primary,no,-252,yes,no,unknown,29,may,166,5,-1,0,unknown,0
45,housemaid,married,secondary,no,360,no,no,cellular,4,may,113,1,182,1,success,0
34,management,divorced,tertiary,no,0,no,no,cellular,14,aug,227,3,-1,0,unknown,0
58,management,divorced,tertiary,no,5037,yes,no,cellular,18,nov,1437,2,-1,0,unknown,1
49,entrepreneur,married,tertiary,no,893,no,no,cellular,20,nov,74,1,-1,0,unknown,0
38,blue-collar,single,secondary,no,10,no,no,cellular,8,jul,84,3,-1,0,unknown,0
31,blue-collar,married,secondary,no,625,yes,no,cellular,14,may,137,3,-1,0,unknown,0
34,blue-collar,divorced,secondary,no,0,yes,no,cellular,5,may,150,1,-1,0,unknown,0
48,blue-collar,married,secondary,no,1230,yes,no,cellular,13,may,328,2,182,3,success,1
27,management,single,tertiary,no,377,no,no,cellular,21,aug,171,3,91,1,failure,0
28,self-employed,single,tertiary,no,159,no,no,cellular,16,nov,449,2,33,4,success,1
42,blue-collar,divorced,unknown,no,0,no,no,cellular,7,jul,64,2,-1,0,unknown,0
36,blue-collar,married,primary,no,0,yes,no,cellular,18,may,8,7,-1,0,unknown,0
33,services,married,secondary,no,0,no,yes,cellular,8,jul,285,1,-1,0,unknown,0
51,blue-collar,divorced,primary,no,0,yes,no,cellular,21,jul,322,2,-1,0,unknown,0
49,management,married,tertiary,no,78,no,yes,cellular,17,jul,257,2,-1,0,unknown,0
33,blue-collar,married,secondary,no,-112,yes,no,unknown,28,may,132,1,-1,0,unknown,0
41,admin.,married,unknown,no,488,no,no,cellular,21,nov,174,1,-1,0,unknown,0
52,blue-collar,married,primary,no,58,yes,no,unknown,6,may,213,3,-1,0,unknown,0
30,entrepreneur,single,tertiary,no,216,yes,no,cellular,20,apr,182,3,-1,0,unknown,0
42,blue-collar,married,secondary,no,3213,no,no,telephone,28,oct,172,1,-1,0,unknown,0
58,admin.,divorced,secondary,no,0,yes,no,cellular,2,feb,244,1,229,5,other,0
54,blue-collar,married,primary,no,95,no,no,cellular,25,jul,302,1,-1,0,unknown,0
36,management,divorced,tertiary,no,1057,no,no,cellular,5,feb,383,2,-1,0,unknown,0
26,technician,single,secondary,no,855,yes,no,unknown,28,may,87,2,-1,0,unknown,0
42,services,single,secondary,no,838,yes,no,cellular,19,nov,266,2,-1,0,unknown,0
54,housemaid,married,secondary,no,209,yes,yes,cellular,25,jul,97,1,-1,0,unknown,0
37,blue-collar,married,secondary,no,509,yes,no,cellular,20,apr,172,1,-1,0,unknown,0
35,technician,divorced,secondary,no,787,yes,no,unknown,5,may,683,2,-1,0,unknown,0
34,management,single,tertiary,no,1049,yes,no,cellular,11,jul,55,1,-1,0,unknown,0
29,technician,single,tertiary,no,2998,no,no,unknown,2,jun,479,3,-1,0,unknown,0
36,management,married,tertiary,no,530,no,no,unknown,20,jun,221,3,-1,0,unknown,0
67,retired,divorced,primary,no,2027,no,no,cellular,15,mar,161,2,-1,0,unknown,1
32,self-employed,married,tertiary,no,189,yes,no,unknown,6,jun,106,2,-1,0,unknown,0
44,management,married,tertiary,no,1286,yes,no,unknown,20,jun,268,3,-1,0,unknown,0
53,retired,divorced,tertiary,no,-309,yes,no,cellular,21,aug,343,2,428,2,success,1
45,unemployed,divorced,primary,yes,-249,yes,yes,unknown,1,jul,92,1,-1,0,unknown,0
38,management,married,tertiary,no,1187,yes,yes,cellular,2,feb,157,1,-1,0,unknown,0
32,management,single,tertiary,no,26,no,no,cellular,10,jul,55,6,-1,0,unknown,0
30,technician,married,tertiary,no,81,no,no,cellular,28,aug,51,1,-1,0,unknown,0
39,blue-collar,married,secondary,no,1307,yes,no,telephone,31,oct,158,1,-1,0,unknown,1
40,management,married,tertiary,no,52527,no,no,cellular,21,aug,140,11,-1,0,unknown,0
38,self-employed,married,secondary,no,-17,yes,no,cellular,17,apr,110,3,326,1,other,0
37,technician,divorced,secondary,no,1772,no,no,unknown,3,jun,202,1,-1,0,unknown,0
36,admin.,married,secondary,no,1954,yes,yes,cellular,20,nov,158,2,174,3,failure,0
26,technician,single,secondary,no,206,no,no,cellular,29,jan,89,1,-1,0,unknown,0
26,admin.,single,secondary,no,1099,no,no,cellular,15,jan,99,2,225,13,other,0
51,self-employed,married,tertiary,no,2007,no,no,unknown,16,jun,1021,1,-1,0,unknown,0
27,management,single,tertiary,no,6791,no,no,cellular,5,aug,179,2,69,26,other,1
26,services,married,secondary,no,311,yes,no,unknown,28,may,373,1,-1,0,unknown,0
57,management,married,tertiary,no,2681,no,no,cellular,11,mar,266,2,-1,0,unknown,1
49,services,married,secondary,no,1084,yes,no,telephone,17,nov,99,1,-1,0,unknown,0
24,admin.,married,secondary,no,0,yes,no,cellular,16,apr,284,1,-1,0,unknown,0
64,housemaid,married,primary,no,67,no,no,telephone,14,dec,86,2,111,1,failure,0
53,retired,married,secondary,no,330,yes,no,unknown,5,may,216,2,-1,0,unknown,0
29,technician,single,tertiary,no,41,yes,yes,cellular,5,may,151,1,-1,0,unknown,0
55,admin.,married,secondary,no,1232,no,no,cellular,27,aug,97,7,-1,0,unknown,0
46,technician,divorced,tertiary,no,532,no,no,cellular,22,aug,491,2,-1,0,unknown,0
51,blue-collar,divorced,secondary,no,104,no,no,cellular,9,jul,71,1,-1,0,unknown,0
40,admin.,single,secondary,no,60,yes,no,cellular,15,may,460,3,352,6,other,0
57,retired,married,secondary,no,49,yes,yes,cellular,25,aug,93,4,-1,0,unknown,0
42,services,single,secondary,yes,58,no,no,cellular,3,feb,428,1,-1,0,unknown,0
52,blue-collar,married,secondary,no,1039,yes,yes,telephone,15,may,146,4,-1,0,unknown,0
36,unemployed,married,primary,no,2347,yes,no,cellular,21,nov,5,3,-1,0,unknown,0
54,technician,married,tertiary,no,876,no,no,cellular,27,oct,269,3,541,3,success,1
34,admin.,married,secondary,no,-191,yes,no,cellular,17,jul,156,6,-1,0,unknown,0
49,entrepreneur,divorced,tertiary,no,1342,yes,yes,cellular,18,nov,89,1,-1,0,unknown,0
45,technician,married,secondary,no,2433,no,no,cellular,4,aug,81,1,-1,0,unknown,0
32,blue-collar,married,secondary,no,2,yes,no,cellular,15,may,16,9,309,1,failure,0
28,blue-collar,single,secondary,no,-267,yes,no,cellular,15,may,145,2,329,4,failure,0
42,self-employed,married,tertiary,no,6383,no,no,cellular,27,aug,111,5,-1,0,unknown,0
51,blue-collar,married,primary,no,3844,no,no,cellular,15,mar,195,2,215,1,other,0
59,blue-collar,married,secondary,no,10054,no,no,cellular,21,nov,175,3,100,6,failure,0
54,unemployed,divorced,secondary,no,3721,yes,no,cellular,30,jul,163,1,-1,0,unknown,0
39,blue-collar,married,primary,no,521,no,yes,cellular,10,jul,149,1,-1,0,unknown,0
57,management,married,unknown,no,0,no,no,cellular,30,sep,585,1,-1,0,unknown,0
53,blue-collar,married,secondary,no,483,yes,no,cellular,3,feb,288,3,-1,0,unknown,0
37,technician,married,secondary,no,5287,yes,yes,cellular,19,nov,599,4,100,2,failure,0
47,services,married,secondary,no,344,yes,no,unknown,3,jun,87,1,-1,0,unknown,0
35,admin.,married,secondary,no,2278,yes,no,cellular,21,jul,195,1,-1,0,unknown,0
33,technician,single,secondary,no,151,yes,no,cellular,27,aug,86,6,-1,0,unknown,0
32,blue-collar,divorced,secondary,no,473,no,no,cellular,18,jul,320,1,-1,0,unknown,0
40,admin.,single,tertiary,no,1005,yes,no,cellular,21,jul,449,1,-1,0,unknown,0
44,management,single,tertiary,no,825,yes,no,unknown,11,jun,427,2,-1,0,unknown,0
54,management,married,tertiary,no,203,no,no,cellular,21,nov,70,1,-1,0,unknown,0
48,management,married,tertiary,no,7825,no,no,telephone,21,nov,77,5,-1,0,unknown,0
66,housemaid,married,primary,no,1230,no,no,cellular,17,dec,726,3,-1,0,unknown,1
48,services,divorced,secondary,no,3186,no,yes,cellular,9,apr,104,1,-1,0,unknown,0
46,technician,married,secondary,no,6086,no,no,cellular,11,aug,210,2,-1,0,unknown,0
21,student,single,secondary,no,123,no,no,telephone,12,aug,449,1,-1,0,unknown,1
26,blue-collar,single,secondary,no,199,yes,yes,unknown,12,may,125,1,-1,0,unknown,0
40,services,married,secondary,no,1358,no,no,unknown,19,jun,96,1,-1,0,unknown,0
38,blue-collar,divorced,secondary,no,1817,yes,no,cellular,28,jul,1096,4,-1,0,unknown,1
31,management,single,tertiary,no,498,no,no,cellular,11,aug,182,2,-1,0,unknown,0
44,management,married,unknown,no,2724,no,no,cellular,28,dec,893,1,-1,0,unknown,1
44,entrepreneur,married,secondary,no,-20,no,no,unknown,28,may,167,3,-1,0,unknown,0
45,services,married,secondary,no,1259,yes,no,unknown,6,may,507,1,-1,0,unknown,0
46,housemaid,divorced,primary,no,148,no,no,unknown,19,jun,166,1,-1,0,unknown,0
22,services,single,secondary,no,361,no,no,telephone,1,sep,232,1,86,6,failure,0
46,blue-collar,married,secondary,no,2121,yes,no,unknown,14,may,160,1,-1,0,unknown,0
45,blue-collar,married,primary,no,85,yes,no,unknown,8,may,162,1,-1,0,unknown,0
42,admin.,married,secondary,no,329,no,no,cellular,19,aug,347,3,-1,0,unknown,0
30,blue-collar,single,secondary,no,49,no,no,cellular,30,jan,808,2,-1,0,unknown,1
46,blue-collar,married,secondary,no,922,no,yes,cellular,14,jul,151,2,-1,0,unknown,0
34,technician,single,secondary,no,1279,yes,no,cellular,22,jul,174,2,160,8,other,1
37,blue-collar,married,secondary,no,80,yes,yes,unknown,9,aug,6,1,461,5,failure,0
31,technician,single,tertiary,no,1798,yes,no,unknown,8,may,393,1,-1,0,unknown,0
43,management,married,tertiary,no,5926,no,no,cellular,6,aug,685,2,-1,0,unknown,0
28,management,single,tertiary,no,416,yes,yes,cellular,17,jul,345,1,-1,0,unknown,0
39,technician,single,secondary,no,1820,no,no,unknown,5,jun,231,2,-1,0,unknown,0
45,blue-collar,married,primary,no,194,yes,yes,unknown,3,jun,81,2,-1,0,unknown,0
35,technician,married,secondary,no,15474,no,no,cellular,21,nov,89,1,92,2,other,0
42,management,single,tertiary,no,328,yes,yes,cellular,17,nov,125,1,-1,0,unknown,0
40,blue-collar,married,primary,no,4,no,no,unknown,20,jun,287,9,-1,0,unknown,0
52,retired,divorced,tertiary,no,-309,yes,no,unknown,19,jun,500,2,-1,0,unknown,1
37,blue-collar,married,secondary,no,0,no,no,unknown,27,may,33,6,-1,0,unknown,0
37,technician,married,secondary,no,603,no,no,unknown,18,jun,339,2,-1,0,unknown,0
38,management,divorced,secondary,no,-17,no,no,cellular,21,nov,11,4,-1,0,unknown,0
32,blue-collar,married,primary,no,66,no,no,cellular,19,nov,244,1,-1,0,unknown,0
35,entrepreneur,married,tertiary,no,1194,no,yes,cellular,28,aug,34,10,-1,0,unknown,0
38,management,married,tertiary,no,1354,yes,no,cellular,29,jan,50,2,-1,0,unknown,0
26,technician,divorced,tertiary,no,278,yes,yes,cellular,7,jul,1467,1,-1,0,unknown,0
56,blue-collar,married,secondary,no,0,no,no,cellular,19,aug,432,15,-1,0,unknown,0
38,services,married,secondary,no,-361,yes,no,telephone,31,jul,37,33,-1,0,unknown,0
46,blue-collar,married,secondary,no,7,no,no,unknown,17,jun,110,2,-1,0,unknown,0
42,blue-collar,married,secondary,no,0,yes,no,cellular,30,jan,82,2,-1,0,unknown,0
29,admin.,single,secondary,no,130,no,no,unknown,4,jun,134,2,-1,0,unknown,0
44,technician,married,secondary,no,1901,no,no,cellular,6,aug,165,2,-1,0,unknown,0
50,technician,married,secondary,no,2062,no,no,unknown,30,may,165,1,-1,0,unknown,0
28,admin.,single,unknown,no,731,yes,no,unknown,5,jun,718,13,-1,0,unknown,0
52,management,married,secondary,no,4873,no,no,cellular,8,jul,99,9,-1,0,unknown,0
53,unknown,married,unknown,no,0,no,no,cellular,25,aug,209,5,-1,0,unknown,0
32,management,single,secondary,no,-515,yes,yes,cellular,3,feb,19,6,-1,0,unknown,0
46,blue-collar,married,secondary,yes,-319,no,yes,cellular,10,jul,502,2,-1,0,unknown,0
35,housemaid,married,tertiary,no,11219,no,no,cellular,12,aug,699,2,79,1,failure,0
56,management,married,tertiary,no,-762,yes,yes,cellular,11,jul,348,2,-1,0,unknown,0
32,admin.,single,secondary,no,739,yes,no,cellular,20,nov,91,3,-1,0,unknown,0
34,blue-collar,married,secondary,yes,-7,yes,no,cellular,22,jul,143,5,-1,0,unknown,0
40,blue-collar,married,secondary,no,6767,yes,no,cellular,20,nov,97,2,-1,0,unknown,0
32,blue-collar,married,primary,no,-11,yes,no,unknown,27,may,776,1,-1,0,unknown,0
31,services,single,secondary,no,85,no,no,cellular,16,jul,151,1,-1,0,unknown,0
43,housemaid,married,primary,no,18,yes,yes,unknown,15,may,192,3,-1,0,unknown,0
36,entrepreneur,married,secondary,no,35,no,no,cellular,4,feb,517,4,-1,0,unknown,0
47,blue-collar,married,secondary,no,690,yes,no,cellular,9,jul,113,1,-1,0,unknown,0
33,management,married,tertiary,no,310,no,no,cellular,29,aug,179,2,-1,0,unknown,0
44,blue-collar,married,secondary,no,5414,no,no,cellular,30,jul,166,4,-1,0,unknown,0
48,unemployed,married,primary,no,1296,no,no,cellular,5,mar,119,1,-1,0,unknown,0
43,management,married,tertiary,no,28,yes,no,cellular,20,nov,73,1,-1,0,unknown,0
50,self-employed,married,secondary,no,0,yes,no,telephone,12,may,352,2,175,11,other,0
33,student,single,unknown,no,242,no,no,telephone,3,jul,320,2,-1,0,unknown,0
46,management,divorced,tertiary,no,233,yes,yes,cellular,14,may,57,4,-1,0,unknown,0
40,blue-collar,married,secondary,no,5060,no,no,cellular,10,feb,154,2,93,1,success,1
37,management,married,tertiary,no,21,yes,no,unknown,29,may,52,2,-1,0,unknown,0
29,unemployed,single,secondary,no,1562,yes,no,cellular,5,feb,286,1,-1,0,unknown,0
48,blue-collar,married,primary,no,104,no,no,cellular,8,aug,103,4,-1,0,unknown,0
50,blue-collar,married,primary,no,2142,yes,no,cellular,29,jan,309,2,224,1,other,0
28,technician,single,tertiary,no,387,yes,no,cellular,20,apr,205,1,82,1,failure,1
39,unemployed,married,secondary,no,270,yes,no,unknown,3,jun,116,1,-1,0,unknown,0
46,retired,married,primary,no,0,no,no,unknown,19,may,179,2,-1,0,unknown,0
53,self-employed,single,unknown,no,289,no,no,cellular,4,feb,502,1,-1,0,unknown,0
34,unknown,single,secondary,no,859,no,no,cellular,28,jan,829,1,-1,0,unknown,1
44,admin.,divorced,secondary,no,0,no,no,cellular,14,apr,1594,1,148,1,failure,1
24,student,single,secondary,no,139,no,no,cellular,9,sep,430,4,-1,0,unknown,1
28,blue-collar,single,tertiary,no,727,yes,no,unknown,6,jun,144,4,-1,0,unknown,0
33,unemployed,single,tertiary,no,850,no,no,cellular,4,may,324,3,-1,0,unknown,0
46,admin.,single,secondary,no,-976,yes,yes,cellular,14,may,111,1,-1,0,unknown,0
45,blue-collar,single,primary,no,116,yes,no,cellular,15,may,16,5,365,1,failure,0
33,blue-collar,married,primary,no,62,yes,no,telephone,11,may,26,1,-1,0,unknown,0
34,admin.,married,secondary,no,2374,yes,no,cellular,9,nov,161,1,209,2,failure,1
22,student,single,secondary,no,241,yes,no,cellular,13,may,200,1,-1,0,unknown,0
41,blue-collar,married,primary,no,1654,yes,no,unknown,14,may,35,1,-1,0,unknown,0
42,technician,married,secondary,no,2037,no,yes,cellular,5,feb,135,1,8,1,other,0
56,technician,married,secondary,no,378,yes,yes,cellular,20,apr,12,2,-1,0,unknown,0
35,management,married,tertiary,no,1212,yes,no,cellular,14,may,235,1,352,1,other,0
42,blue-collar,married,secondary,no,2157,yes,no,cellular,13,may,149,1,364,2,failure,0
37,management,married,tertiary,no,0,yes,no,cellular,23,apr,242,5,153,7,failure,1
43,admin.,single,secondary,no,445,yes,no,unknown,19,may,546,2,-1,0,unknown,0
28,technician,married,primary,no,-58,yes,no,unknown,8,may,74,1,-1,0,unknown,0
31,management,single,tertiary,no,130,no,no,cellular,6,aug,160,1,-1,0,unknown,0
57,self-employed,married,tertiary,no,192,yes,no,cellular,7,may,320,1,-1,0,unknown,0
56,blue-collar,married,secondary,no,813,yes,yes,unknown,14,jul,71,1,-1,0,unknown,0
32,services,married,secondary,no,207,yes,no,unknown,23,may,360,1,-1,0,unknown,0
57,technician,married,secondary,no,1469,yes,no,cellular,17,nov,364,1,-1,0,unknown,0
33,blue-collar,married,secondary,no,328,yes,no,cellular,18,nov,160,2,182,1,failure,0
33,blue-collar,single,secondary,no,2668,yes,no,cellular,18,jul,187,1,-1,0,unknown,0
46,admin.,married,secondary,no,126,no,no,unknown,18,jun,1255,1,-1,0,unknown,1
57,services,married,primary,no,1896,no,no,cellular,29,jul,248,4,-1,0,unknown,0
46,admin.,married,secondary,no,38,yes,yes,cellular,12,may,455,1,-1,0,unknown,0
26,student,single,secondary,no,5569,no,no,cellular,2,feb,236,1,-1,0,unknown,0
42,blue-collar,married,secondary,no,166,yes,no,unknown,7,may,285,3,-1,0,unknown,0
36,blue-collar,married,secondary,no,-406,yes,yes,unknown,14,may,104,3,-1,0,unknown,0
56,housemaid,divorced,secondary,no,0,no,no,unknown,15,may,103,1,-1,0,unknown,0
86,retired,married,secondary,no,1503,no,no,telephone,18,mar,165,3,101,1,other,0
34,technician,single,secondary,no,60,no,no,cellular,7,aug,274,2,-1,0,unknown,0
44,management,married,tertiary,no,7635,no,no,cellular,21,aug,719,5,-1,0,unknown,0
28,student,single,secondary,no,305,no,no,cellular,7,jul,625,1,-1,0,unknown,0
48,unemployed,single,primary,no,63,no,no,cellular,30,jul,29,4,-1,0,unknown,0
31,technician,single,tertiary,no,208,no,no,cellular,12,aug,1344,7,-1,0,unknown,1
39,management,married,tertiary,yes,47,no,no,unknown,16,jun,84,3,-1,0,unknown,0
20,student,single,unknown,no,755,no,no,cellular,29,dec,284,1,-1,0,unknown,1
35,management,divorced,tertiary,no,0,yes,no,telephone,29,oct,171,1,-1,0,unknown,1
36,blue-collar,married,secondary,no,462,no,no,cellular,31,jul,474,2,-1,0,unknown,0
31,technician,married,tertiary,no,1410,yes,no,unknown,21,may,42,1,-1,0,unknown,0
26,management,single,tertiary,no,1094,yes,no,cellular,8,sep,137,1,-1,0,unknown,1
42,services,married,primary,no,248,yes,no,cellular,14,may,480,2,-1,0,unknown,0
67,management,married,secondary,no,1287,no,no,cellular,2,feb,511,1,-1,0,unknown,0
49,services,married,secondary,no,280,yes,no,telephone,14,jul,162,3,-1,0,unknown,0
32,admin.,single,secondary,no,6042,yes,no,cellular,15,may,183,1,361,1,failure,0
55,technician,married,primary,no,1498,no,yes,unknown,17,jun,345,2,-1,0,unknown,0
49,technician,single,secondary,no,1245,no,no,cellular,29,apr,115,2,198,2,failure,0
77,retired,married,tertiary,no,0,no,no,cellular,27,sep,990,4,-1,0,unknown,0
26,technician,single,secondary,no,3244,no,no,cellular,28,jan,390,1,-1,0,unknown,0
38,technician,married,tertiary,no,-255,yes,yes,cellular,24,jul,63,1,-1,0,unknown,0
32,blue-collar,married,secondary,no,2561,yes,no,unknown,20,may,135,2,-1,0,unknown,0
58,admin.,married,secondary,no,145,yes,no,telephone,29,jul,616,13,-1,0,unknown,1
60,management,married,tertiary,no,3029,no,no,cellular,28,aug,26,9,-1,0,unknown,0
32,admin.,single,secondary,no,555,yes,no,cellular,9,sep,344,1,-1,0,unknown,1
34,technician,married,secondary,no,223,yes,no,cellular,15,jul,202,3,-1,0,unknown,0
45,management,single,tertiary,no,2067,yes,no,cellular,13,aug,393,2,462,1,success,1
84,retired,married,primary,no,1791,no,no,telephone,30,oct,62,3,-1,0,unknown,0
28,management,single,tertiary,no,187,no,no,cellular,9,mar,295,1,-1,0,unknown,1
35,services,married,secondary,no,0,no,yes,telephone,9,jul,42,1,-1,0,unknown,0
32,blue-collar,divorced,secondary,no,-289,yes,no,unknown,12,jun,161,2,-1,0,unknown,0
40,services,single,secondary,no,1547,yes,no,cellular,20,nov,405,1,-1,0,unknown,1
39,blue-collar,married,secondary,no,1042,yes,no,unknown,8,may,58,2,-1,0,unknown,0
53,management,married,tertiary,no,3911,yes,yes,unknown,30,may,63,2,-1,0,unknown,0
33,blue-collar,married,secondary,no,0,yes,no,cellular,19,nov,330,2,-1,0,unknown,0
37,blue-collar,married,primary,no,106,yes,no,cellular,25,aug,511,1,392,13,failure,1
42,housemaid,married,secondary,no,279,yes,no,cellular,23,jul,673,1,-1,0,unknown,0
39,services,single,secondary,no,26,yes,no,cellular,14,may,166,3,-1,0,unknown,0
32,blue-collar,married,secondary,no,5164,no,no,cellular,21,nov,253,1,-1,0,unknown,0
52,admin.,divorced,tertiary,no,0,yes,yes,cellular,27,apr,160,1,-1,0,unknown,0
39,management,married,tertiary,no,20932,no,no,cellular,21,nov,127,2,-1,0,unknown,0
22,admin.,single,tertiary,no,377,no,no,cellular,5,jun,155,1,-1,0,unknown,0
40,services,single,secondary,no,2284,yes,no,telephone,16,apr,100,1,-1,0,unknown,0
37,blue-collar,married,secondary,no,242,yes,no,cellular,4,feb,139,2,-1,0,unknown,0
30,technician,single,secondary,no,863,yes,no,unknown,16,may,1193,5,-1,0,unknown,1
27,technician,married,secondary,no,-147,yes,yes,unknown,21,may,239,4,-1,0,unknown,0
39,management,single,tertiary,no,1515,yes,no,cellular,4,may,815,6,167,6,failure,1
38,management,divorced,tertiary,no,4207,no,no,unknown,5,jun,355,1,-1,0,unknown,0
37,housemaid,single,primary,no,199,yes,no,cellular,10,jul,186,1,-1,0,unknown,0
32,housemaid,married,primary,no,163,no,no,cellular,13,aug,132,2,-1,0,unknown,0
52,management,divorced,tertiary,no,2909,yes,no,unknown,30,may,110,1,-1,0,unknown,0
40,housemaid,divorced,primary,no,1,no,no,unknown,6,jun,113,3,-1,0,unknown,0
57,admin.,married,secondary,no,407,yes,yes,cellular,15,may,166,3,-1,0,unknown,0
59,admin.,married,secondary,no,1575,yes,no,cellular,22,aug,1241,11,-1,0,unknown,1
29,blue-collar,married,primary,no,410,no,yes,telephone,25,jul,297,2,-1,0,unknown,0
33,technician,married,secondary,no,-805,no,no,cellular,7,jul,208,2,-1,0,unknown,0
34,management,married,tertiary,no,1703,yes,no,cellular,22,jul,153,5,-1,0,unknown,0
56,technician,divorced,secondary,no,672,no,no,cellular,21,jul,71,9,-1,0,unknown,0
72,retired,married,primary,no,4657,no,no,cellular,22,dec,305,3,309,5,success,1
21,management,single,secondary,no,691,no,no,cellular,13,aug,219,1,101,2,other,0
69,retired,married,primary,no,279,no,no,telephone,12,aug,26,1,-1,0,unknown,0
54,blue-collar,married,secondary,no,175,yes,no,cellular,3,feb,94,4,271,4,failure,0
29,blue-collar,married,secondary,no,185,yes,yes,unknown,5,jun,471,3,-1,0,unknown,0
50,management,married,primary,no,117,yes,no,telephone,13,may,216,4,-1,0,unknown,0
42,management,single,tertiary,no,0,no,no,cellular,25,aug,129,4,-1,0,unknown,0
53,blue-collar,married,primary,no,206,no,no,cellular,5,aug,145,1,-1,0,unknown,0
32,unemployed,married,secondary,no,10,yes,no,unknown,6,may,501,4,-1,0,unknown,0
30,management,divorced,tertiary,no,46,no,no,cellular,13,aug,382,3,-1,0,unknown,0
31,blue-collar,married,secondary,no,0,yes,no,unknown,5,may,143,1,-1,0,unknown,0
48,entrepreneur,married,tertiary,no,981,yes,no,unknown,15,may,995,2,-1,0,unknown,0
52,management,married,tertiary,no,2920,yes,no,cellular,17,nov,131,2,-1,0,unknown,0
53,management,married,primary,no,4086,no,no,unknown,20,jun,14,3,-1,0,unknown,0
41,blue-collar,married,primary,no,2007,yes,no,cellular,30,jan,419,1,-1,0,unknown,0
31,admin.,single,secondary,no,1588,yes,no,unknown,3,jun,14,1,-1,0,unknown,0
49,services,married,secondary,yes,-249,no,no,cellular,29,jul,234,5,-1,0,unknown,0
42,blue-collar,married,primary,no,0,yes,no,telephone,31,jul,190,4,-1,0,unknown,0
32,self-employed,married,tertiary,no,9,yes,no,unknown,23,may,98,2,-1,0,unknown,0
38,blue-collar,married,primary,no,1679,yes,no,unknown,20,jun,21,18,-1,0,unknown,0
56,blue-collar,married,secondary,no,1412,yes,no,unknown,14,may,129,1,-1,0,unknown,0
36,admin.,married,secondary,no,0,yes,yes,cellular,9,feb,101,2,-1,0,unknown,0
46,admin.,divorced,primary,no,1807,yes,no,cellular,11,may,62,3,339,2,failure,0
41,management,married,tertiary,no,2885,no,no,cellular,19,nov,40,1,-1,0,unknown,0
29,unemployed,single,primary,no,115,no,no,cellular,29,jan,61,2,-1,0,unknown,0
36,student,single,unknown,no,417,no,no,cellular,10,aug,304,1,181,1,success,1
28,management,married,tertiary,no,577,yes,no,cellular,16,apr,152,1,-1,0,unknown,0
34,admin.,single,tertiary,no,4254,yes,no,cellular,18,may,104,3,178,1,success,0
42,blue-collar,married,primary,no,1461,yes,no,cellular,7,may,757,2,170,3,failure,1
40,management,married,tertiary,no,1217,yes,yes,cellular,18,nov,155,1,-1,0,unknown,0
34,admin.,married,secondary,no,45,yes,no,cellular,18,nov,79,1,-1,0,unknown,0
35,management,married,tertiary,no,0,yes,no,cellular,5,may,310,1,-1,0,unknown,0
42,management,single,tertiary,no,10907,no,no,cellular,4,may,74,3,-1,0,unknown,0
26,retired,single,secondary,no,530,no,no,cellular,30,apr,308,1,-1,0,unknown,0
28,services,single,secondary,no,94,yes,no,cellular,16,apr,300,1,-1,0,unknown,0
70,retired,married,unknown,no,1236,no,no,cellular,12,mar,58,4,-1,0,unknown,0
23,services,married,secondary,no,2673,yes,no,unknown,5,jun,81,2,-1,0,unknown,0
50,management,married,tertiary,no,3284,yes,no,cellular,4,feb,195,2,271,3,failure,0
45,blue-collar,married,primary,no,487,yes,no,cellular,19,aug,110,4,-1,0,unknown,0
33,management,single,tertiary,no,1345,yes,no,cellular,29,jan,257,1,262,3,failure,0
55,blue-collar,married,secondary,no,471,yes,no,unknown,30,may,58,2,-1,0,unknown,0
36,unemployed,married,secondary,no,1453,no,no,unknown,6,jun,386,1,-1,0,unknown,0
56,blue-collar,married,primary,no,1399,yes,no,unknown,12,may,80,4,-1,0,unknown,0
30,housemaid,single,secondary,no,49,yes,no,unknown,13,may,267,2,-1,0,unknown,0
52,management,married,tertiary,no,1564,yes,no,cellular,17,jul,493,1,-1,0,unknown,0
39,management,married,secondary,no,18,yes,no,unknown,5,may,85,1,-1,0,unknown,0
40,blue-collar,married,secondary,no,356,yes,yes,cellular,7,may,1254,3,365,1,failure,0
27,blue-collar,single,primary,no,21,no,no,cellular,30,jan,197,4,-1,0,unknown,0
32,services,married,secondary,no,241,no,no,unknown,30,may,197,3,-1,0,unknown,0
53,technician,divorced,secondary,yes,-63,no,yes,cellular,4,aug,531,1,-1,0,unknown,0
31,admin.,single,secondary,no,757,no,no,cellular,3,feb,343,2,-1,0,unknown,0
30,technician,single,tertiary,no,0,yes,no,cellular,18,nov,342,2,174,1,failure,0
48,blue-collar,married,primary,no,559,yes,no,unknown,15,may,1231,2,-1,0,unknown,0
30,self-employed,married,secondary,no,0,no,no,cellular,12,aug,297,3,-1,0,unknown,0
34,management,married,tertiary,no,577,yes,no,cellular,20,apr,243,2,153,1,failure,0
36,admin.,single,secondary,no,0,no,no,unknown,20,may,37,1,-1,0,unknown,0
26,blue-collar,single,secondary,no,339,yes,no,unknown,26,may,165,5,-1,0,unknown,0
27,blue-collar,single,secondary,no,14,no,no,unknown,14,may,72,2,-1,0,unknown,0
52,technician,divorced,secondary,no,5102,no,no,cellular,8,aug,117,2,-1,0,unknown,0
37,unemployed,married,secondary,no,2424,no,no,cellular,20,nov,633,2,156,2,other,0
30,admin.,single,secondary,yes,-228,yes,no,cellular,15,may,101,1,371,1,failure,0
32,technician,single,tertiary,no,257,yes,no,unknown,2,jun,183,5,-1,0,unknown,0
29,blue-collar,married,secondary,no,424,yes,yes,unknown,14,may,241,2,-1,0,unknown,0
27,blue-collar,single,primary,no,409,yes,no,cellular,18,may,276,4,301,2,success,0
32,management,married,tertiary,no,500,no,yes,cellular,29,aug,107,2,-1,0,unknown,0
43,blue-collar,divorced,secondary,no,338,yes,no,unknown,8,may,116,1,-1,0,unknown,0
59,housemaid,married,primary,no,5501,no,no,unknown,9,jun,172,4,-1,0,unknown,0
28,admin.,single,secondary,no,1823,no,no,cellular,29,jan,237,1,-1,0,unknown,0
37,technician,married,secondary,no,1,yes,no,unknown,6,may,608,1,-1,0,unknown,1
34,self-employed,married,secondary,no,173,no,no,unknown,26,feb,36,1,-1,0,unknown,0
33,blue-collar,married,primary,no,28,no,yes,cellular,5,feb,144,2,-1,0,unknown,0
39,management,married,tertiary,no,0,yes,no,unknown,29,may,184,2,-1,0,unknown,0
25,student,single,secondary,no,41,yes,no,telephone,4,may,101,2,-1,0,unknown,0
26,technician,single,tertiary,no,252,yes,no,cellular,29,jan,187,1,-1,0,unknown,0
31,services,married,secondary,no,-331,yes,no,unknown,23,may,203,5,-1,0,unknown,0
27,services,single,secondary,no,-20,no,no,unknown,16,may,757,6,-1,0,unknown,0
43,services,married,secondary,no,-416,yes,yes,cellular,11,may,114,1,301,3,failure,0
37,technician,married,tertiary,no,127,yes,no,cellular,25,aug,192,1,193,1,success,1
31,services,single,unknown,no,6145,yes,no,cellular,31,jul,70,13,-1,0,unknown,0
29,technician,divorced,secondary,no,328,yes,yes,cellular,4,feb,25,1,-1,0,unknown,0
41,services,married,primary,no,510,no,no,unknown,9,jun,316,2,-1,0,unknown,0
35,management,married,tertiary,no,867,yes,no,cellular,20,nov,298,2,171,3,success,0
47,blue-collar,married,primary,no,-58,yes,no,cellular,18,jul,92,2,-1,0,unknown,0
49,technician,single,secondary,no,-97,yes,no,unknown,6,jun,92,2,-1,0,unknown,0
41,housemaid,married,primary,no,3291,yes,no,unknown,15,may,125,4,-1,0,unknown,0
25,services,single,secondary,no,333,no,yes,cellular,15,jul,1056,2,-1,0,unknown,1
43,technician,single,secondary,yes,685,yes,no,cellular,18,nov,78,1,110,2,failure,0
30,management,married,tertiary,no,11,no,no,cellular,15,jul,84,5,-1,0,unknown,0
34,housemaid,married,primary,no,-1,yes,no,cellular,9,jul,272,1,-1,0,unknown,0
53,technician,divorced,secondary,no,320,no,no,cellular,9,jul,175,1,-1,0,unknown,0
50,management,married,tertiary,no,1612,yes,no,cellular,10,jul,103,1,-1,0,unknown,0
35,blue-collar,married,primary,no,4924,no,no,unknown,16,jun,252,2,-1,0,unknown,0
46,management,divorced,tertiary,no,624,no,no,cellular,18,mar,420,1,276,1,other,1
22,student,single,secondary,no,71,no,no,cellular,13,jul,337,1,181,2,success,1
51,management,married,tertiary,no,-892,yes,yes,cellular,14,aug,248,2,-1,0,unknown,0
34,admin.,married,secondary,no,1499,yes,no,cellular,13,apr,186,1,327,2,failure,0
28,management,single,tertiary,no,682,yes,no,cellular,7,may,79,1,-1,0,unknown,0
36,blue-collar,single,primary,no,109,yes,no,telephone,12,may,200,2,370,2,failure,0
26,technician,single,tertiary,no,2781,yes,no,cellular,30,apr,132,1,-1,0,unknown,0
40,retired,married,primary,no,630,yes,no,cellular,23,jul,177,2,-1,0,unknown,0
45,management,married,secondary,no,446,no,no,cellular,6,aug,304,3,-1,0,unknown,1
35,blue-collar,married,secondary,no,603,yes,no,cellular,17,apr,474,2,-1,0,unknown,0
35,technician,single,secondary,no,391,no,no,cellular,21,nov,152,1,-1,0,unknown,0
36,blue-collar,married,secondary,no,29,yes,yes,cellular,31,jul,345,1,-1,0,unknown,0
35,blue-collar,married,primary,yes,-1489,yes,yes,unknown,29,may,177,1,-1,0,unknown,0
50,services,married,secondary,no,1501,no,no,cellular,21,aug,946,4,-1,0,unknown,1
30,management,married,tertiary,no,101,yes,no,cellular,17,jul,88,1,-1,0,unknown,0
30,blue-collar,married,secondary,no,554,yes,no,cellular,29,jan,100,1,-1,0,unknown,0
35,blue-collar,married,secondary,no,-184,yes,no,telephone,12,may,155,2,-1,0,unknown,0
45,blue-collar,married,primary,no,532,yes,no,unknown,14,may,137,2,-1,0,unknown,0
39,technician,married,unknown,no,839,no,no,unknown,30,may,825,2,-1,0,unknown,0
48,blue-collar,married,secondary,no,7985,yes,no,cellular,11,may,232,2,347,1,failure,0
40,admin.,married,secondary,no,67,no,no,cellular,21,nov,199,2,-1,0,unknown,0
44,services,divorced,secondary,no,-368,yes,no,cellular,5,may,895,1,-1,0,unknown,1
60,retired,married,tertiary,no,614,no,no,cellular,29,aug,50,3,-1,0,unknown,0
41,blue-collar,married,secondary,no,2913,no,no,cellular,20,nov,1058,1,-1,0,unknown,0
46,blue-collar,married,primary,no,575,no,no,cellular,25,aug,129,3,-1,0,unknown,0
53,blue-collar,married,secondary,no,-31,no,no,cellular,21,aug,82,8,-1,0,unknown,0
48,technician,married,secondary,no,1981,yes,no,cellular,16,mar,291,3,238,2,success,0
44,blue-collar,married,secondary,no,2092,no,yes,unknown,18,jun,452,1,-1,0,unknown,0
23,services,single,secondary,no,-229,yes,yes,cellular,18,may,557,1,-1,0,unknown,0
46,self-employed,divorced,secondary,no,0,no,no,unknown,10,aug,6,1,-1,0,unknown,0
42,management,married,tertiary,no,254,no,no,cellular,9,dec,288,7,183,4,success,1
38,services,single,secondary,no,2253,yes,no,cellular,13,may,937,3,-1,0,unknown,1
52,services,married,secondary,no,10021,no,no,cellular,20,nov,174,1,-1,0,unknown,0
46,technician,divorced,secondary,no,447,no,yes,cellular,22,aug,314,2,-1,0,unknown,0
33,blue-collar,married,unknown,no,695,yes,yes,cellular,21,nov,148,1,-1,0,unknown,0
57,services,divorced,secondary,no,1024,yes,no,unknown,26,may,360,6,-1,0,unknown,0
31,blue-collar,married,secondary,no,150,yes,no,telephone,14,may,68,2,-1,0,unknown,0
24,technician,single,secondary,no,2019,yes,no,unknown,4,jun,1045,1,-1,0,unknown,0
34,self-employed,married,tertiary,no,0,no,no,cellular,28,aug,730,11,-1,0,unknown,1
39,blue-collar,single,primary,no,656,yes,no,cellular,18,may,190,6,-1,0,unknown,0
31,services,single,secondary,no,887,no,no,cellular,30,jan,427,1,-1,0,unknown,0
60,retired,married,secondary,no,374,no,no,cellular,19,aug,276,2,-1,0,unknown,0
27,technician,single,secondary,no,911,no,no,cellular,4,feb,471,2,-1,0,unknown,0
34,technician,single,tertiary,no,2,yes,no,unknown,13,may,60,2,-1,0,unknown,0
27,management,single,primary,yes,13,no,no,cellular,30,jan,475,3,-1,0,unknown,1
48,services,married,unknown,no,1155,yes,no,unknown,16,may,557,4,-1,0,unknown,0
34,student,married,tertiary,no,3037,yes,no,telephone,21,nov,65,1,-1,0,unknown,0
34,management,married,tertiary,no,4831,yes,no,cellular,4,feb,265,1,-1,0,unknown,0
46,unemployed,married,primary,no,641,yes,no,unknown,19,jun,201,1,-1,0,unknown,0
49,blue-collar,married,secondary,no,395,no,yes,cellular,30,jul,188,3,-1,0,unknown,0
33,technician,single,tertiary,no,154,no,no,cellular,4,jun,111,2,78,2,failure,0
35,blue-collar,single,secondary,no,5,no,no,unknown,19,may,268,3,-1,0,unknown,0
30,blue-collar,married,primary,no,25,yes,no,cellular,13,may,51,1,-1,0,unknown,0
32,management,single,tertiary,no,1962,no,no,cellular,13,jan,130,1,-1,0,unknown,0
30,admin.,married,secondary,no,-150,yes,no,cellular,6,may,174,1,365,1,failure,0
34,management,single,tertiary,no,-444,yes,yes,cellular,17,apr,129,2,148,4,other,0
55,blue-collar,married,secondary,no,1011,yes,no,cellular,12,aug,112,2,-1,0,unknown,0
49,entrepreneur,married,secondary,no,167,yes,yes,unknown,6,may,198,3,-1,0,unknown,0
29,management,single,tertiary,no,2753,no,no,cellular,30,apr,645,1,-1,0,unknown,1
37,blue-collar,married,secondary,no,190,yes,no,unknown,9,may,83,2,-1,0,unknown,0
53,technician,married,secondary,no,757,no,no,cellular,4,feb,20,5,-1,0,unknown,0
31,management,single,tertiary,no,623,no,no,cellular,4,jun,117,1,-1,0,unknown,0
58,technician,married,secondary,no,1476,yes,no,cellular,17,apr,286,1,-1,0,unknown,0
55,management,married,tertiary,no,10065,no,no,unknown,27,may,50,3,-1,0,unknown,0
37,technician,married,tertiary,no,447,yes,no,unknown,9,may,1170,1,-1,0,unknown,0
44,management,married,secondary,no,238,no,no,cellular,19,aug,147,3,-1,0,unknown,0
44,management,single,secondary,no,13,no,no,unknown,6,jun,116,11,-1,0,unknown,0
53,blue-collar,married,primary,no,343,yes,no,cellular,25,jul,616,5,-1,0,unknown,1
34,management,single,tertiary,no,673,yes,yes,unknown,20,may,120,1,-1,0,unknown,0
29,technician,single,secondary,no,1165,no,no,cellular,2,jun,245,1,-1,0,unknown,1
45,self-employed,single,primary,no,112,no,no,unknown,20,jun,298,4,-1,0,unknown,0
37,services,married,secondary,no,812,yes,yes,cellular,11,may,184,2,-1,0,unknown,0
42,technician,single,secondary,no,2646,yes,no,cellular,23,jul,280,4,-1,0,unknown,0
44,management,married,secondary,no,781,yes,no,cellular,12,aug,112,5,-1,0,unknown,0
35,management,married,tertiary,no,656,yes,yes,cellular,21,nov,83,4,-1,0,unknown,0
44,blue-collar,divorced,primary,yes,-119,yes,no,unknown,2,jun,132,5,-1,0,unknown,0
55,services,single,secondary,no,1126,yes,no,telephone,14,may,166,1,-1,0,unknown,0
64,technician,married,secondary,no,1473,yes,no,cellular,13,feb,121,2,-1,0,unknown,0
29,admin.,single,secondary,no,-37,yes,no,cellular,8,jul,21,35,-1,0,unknown,0
60,admin.,married,primary,no,-444,no,yes,cellular,16,jul,227,1,-1,0,unknown,0
51,management,married,secondary,no,140,yes,no,unknown,21,may,45,10,-1,0,unknown,0
37,blue-collar,single,tertiary,no,3649,yes,no,cellular,15,apr,623,2,146,4,failure,0
32,technician,married,secondary,no,484,yes,no,cellular,15,feb,83,6,187,3,success,1
34,blue-collar,single,secondary,no,1156,yes,no,unknown,23,may,234,2,-1,0,unknown,0
41,entrepreneur,married,tertiary,no,0,yes,no,cellular,3,feb,168,3,-1,0,unknown,0
43,unemployed,divorced,secondary,no,700,yes,no,unknown,27,may,259,1,-1,0,unknown,0
29,technician,divorced,secondary,no,124,no,no,unknown,27,may,125,1,-1,0,unknown,0
23,blue-collar,single,secondary,no,39,yes,no,cellular,18,may,76,1,-1,0,unknown,0
41,unemployed,married,secondary,no,2423,yes,no,cellular,4,feb,101,1,-1,0,unknown,0
33,technician,married,secondary,no,2147,no,no,cellular,7,sep,669,1,94,1,other,0
43,management,single,tertiary,no,483,no,no,cellular,19,aug,950,6,-1,0,unknown,1
26,blue-collar,single,primary,no,3342,yes,no,unknown,4,jun,329,4,-1,0,unknown,0
31,housemaid,single,secondary,no,1301,yes,no,unknown,16,may,69,15,-1,0,unknown,0
46,entrepreneur,married,tertiary,no,2262,no,no,telephone,14,jul,44,14,-1,0,unknown,0
25,admin.,single,secondary,no,53,yes,no,cellular,12,may,213,6,-1,0,unknown,0
48,admin.,married,secondary,no,315,yes,no,cellular,12,may,165,1,-1,0,unknown,0
37,technician,married,secondary,no,5287,yes,yes,cellular,11,aug,209,2,-1,0,unknown,0
26,technician,single,tertiary,no,192,yes,no,unknown,15,may,477,1,-1,0,unknown,0
57,retired,divorced,tertiary,no,476,no,no,telephone,21,nov,26,1,-1,0,unknown,0
41,blue-collar,married,primary,no,381,no,no,unknown,25,jun,305,4,-1,0,unknown,0
30,admin.,married,secondary,no,667,yes,no,unknown,2,jun,154,2,-1,0,unknown,0
56,entrepreneur,divorced,tertiary,no,22946,no,no,unknown,17,jun,75,3,-1,0,unknown,0
41,blue-collar,single,secondary,no,1080,yes,yes,unknown,8,may,192,4,-1,0,unknown,0
32,management,single,tertiary,no,131,no,no,unknown,3,jun,267,3,-1,0,unknown,0
35,technician,married,secondary,no,688,no,no,cellular,14,aug,137,2,-1,0,unknown,0
33,management,single,tertiary,no,4782,yes,no,cellular,11,aug,217,1,-1,0,unknown,0
35,management,married,tertiary,no,2801,yes,no,cellular,31,jul,184,2,-1,0,unknown,0
33,management,married,tertiary,no,7,yes,no,telephone,24,jul,780,1,-1,0,unknown,0
35,student,single,tertiary,no,7,yes,no,telephone,4,feb,72,2,247,1,other,0
50,technician,married,secondary,no,31,yes,no,telephone,18,nov,251,4,-1,0,unknown,0
44,blue-collar,married,primary,no,2,no,yes,telephone,7,jul,46,2,-1,0,unknown,0
38,services,married,secondary,no,1559,no,no,unknown,16,jun,162,1,-1,0,unknown,0
60,management,married,tertiary,no,205,no,no,cellular,26,may,107,2,-1,0,unknown,0
54,management,married,tertiary,no,12,no,no,telephone,31,jul,77,4,-1,0,unknown,0
32,admin.,married,secondary,no,337,no,no,cellular,15,may,51,3,368,1,failure,0
47,admin.,single,secondary,no,15,no,no,unknown,12,may,181,4,-1,0,unknown,0
46,housemaid,married,secondary,no,1000,no,no,cellular,18,aug,96,11,-1,0,unknown,0
58,blue-collar,married,secondary,no,8195,yes,no,cellular,16,apr,104,1,332,2,failure,0
41,blue-collar,married,secondary,no,0,yes,no,cellular,3,feb,182,2,-1,0,unknown,0
69,retired,divorced,secondary,no,6850,no,no,telephone,3,sep,2055,1,-1,0,unknown,0
37,admin.,single,secondary,no,483,no,no,cellular,31,jul,11,11,-1,0,unknown,0
28,admin.,married,secondary,no,642,yes,no,cellular,3,feb,481,2,-1,0,unknown,0
48,services,married,secondary,no,288,yes,no,cellular,5,may,142,3,-1,0,unknown,0
33,technician,single,secondary,no,3264,no,no,cellular,14,aug,423,4,-1,0,unknown,0
35,admin.,single,tertiary,no,153,yes,no,cellular,13,may,37,3,302,3,other,0
28,services,single,secondary,no,458,no,no,cellular,4,feb,112,4,201,3,failure,0
34,services,married,secondary,no,0,no,no,unknown,27,may,56,2,-1,0,unknown,0
33,services,married,secondary,no,260,yes,no,cellular,31,mar,248,1,-1,0,unknown,0
43,management,married,tertiary,no,2767,yes,no,cellular,17,nov,374,1,186,7,failure,0
27,services,single,tertiary,no,536,yes,no,cellular,11,may,105,3,-1,0,unknown,0
36,management,single,tertiary,no,-679,yes,yes,cellular,3,feb,110,1,-1,0,unknown,0
54,management,married,tertiary,no,6525,yes,no,cellular,19,nov,133,1,170,3,failure,0
25,student,single,secondary,no,1790,no,no,unknown,30,may,242,3,-1,0,unknown,0
31,services,married,secondary,no,-163,yes,no,cellular,17,apr,135,1,270,2,failure,0
31,blue-collar,single,unknown,no,6281,no,no,cellular,22,oct,257,1,128,3,other,1
51,blue-collar,married,primary,no,1194,yes,no,cellular,18,nov,714,1,186,3,failure,0
53,housemaid,married,secondary,no,736,yes,no,unknown,20,may,535,1,-1,0,unknown,0
41,management,divorced,secondary,no,2666,yes,no,unknown,30,may,170,2,-1,0,unknown,0
29,unemployed,single,tertiary,no,7,no,no,cellular,6,may,51,1,179,1,failure,0
26,admin.,single,secondary,no,677,yes,no,unknown,28,may,93,1,-1,0,unknown,0
60,retired,married,primary,no,1369,no,yes,cellular,28,jan,100,2,-1,0,unknown,0
34,admin.,single,secondary,no,601,no,no,cellular,17,nov,184,3,-1,0,unknown,0
42,management,married,secondary,no,2416,yes,no,unknown,20,may,138,4,-1,0,unknown,0
25,management,single,tertiary,no,2140,no,no,cellular,1,oct,81,1,-1,0,unknown,0
47,technician,married,secondary,no,356,no,no,cellular,29,jul,44,5,-1,0,unknown,0
42,blue-collar,divorced,secondary,no,3407,no,no,cellular,7,jul,277,2,-1,0,unknown,0
28,blue-collar,married,unknown,no,486,yes,no,unknown,8,may,180,1,-1,0,unknown,0
30,self-employed,single,tertiary,no,166,no,no,cellular,30,jul,151,4,-1,0,unknown,0
39,admin.,married,secondary,no,0,no,no,telephone,12,may,256,4,-1,0,unknown,0
31,admin.,single,tertiary,no,4041,no,no,cellular,30,apr,1034,2,-1,0,unknown,1
35,blue-collar,married,secondary,no,412,yes,no,unknown,3,jun,316,1,-1,0,unknown,0
32,blue-collar,single,secondary,no,4339,yes,yes,cellular,27,may,76,2,-1,0,unknown,0
39,services,single,secondary,no,322,yes,no,cellular,11,may,35,1,350,1,failure,0
39,technician,single,tertiary,no,1043,no,no,cellular,18,aug,195,10,-1,0,unknown,0
27,technician,single,secondary,no,1693,yes,no,unknown,26,may,101,2,-1,0,unknown,0
47,management,married,unknown,no,12245,no,no,cellular,7,jul,1103,3,-1,0,unknown,0
33,services,single,tertiary,no,-104,no,yes,cellular,14,jul,231,2,-1,0,unknown,0
45,technician,single,tertiary,no,1591,no,no,cellular,15,jul,392,4,-1,0,unknown,0
35,management,single,tertiary,no,2187,yes,no,cellular,29,jul,229,1,174,13,other,0
35,management,single,tertiary,no,3140,no,no,unknown,12,jun,130,3,-1,0,unknown,0
40,blue-collar,married,secondary,no,-60,yes,no,cellular,21,jul,250,1,-1,0,unknown,0
37,admin.,single,secondary,no,115,no,no,cellular,13,nov,122,4,101,5,failure,0
53,services,married,secondary,no,341,no,no,cellular,30,apr,423,2,-1,0,unknown,1
42,management,married,tertiary,no,261,no,no,cellular,27,may,207,5,-1,0,unknown,0
30,management,married,tertiary,no,10639,no,no,cellular,18,aug,75,2,-1,0,unknown,0
40,technician,married,tertiary,no,11766,yes,no,cellular,13,apr,218,2,242,9,failure,1
87,retired,married,secondary,no,433,no,no,telephone,15,dec,150,1,-1,0,unknown,0
48,blue-collar,single,secondary,no,-269,no,no,cellular,2,feb,167,1,263,3,other,0
37,blue-collar,married,primary,no,4997,no,no,unknown,9,jun,172,2,-1,0,unknown,0
56,housemaid,single,primary,no,801,no,no,cellular,6,aug,931,4,-1,0,unknown,0
50,housemaid,divorced,primary,no,34,yes,no,cellular,22,jul,160,2,-1,0,unknown,0
34,admin.,married,tertiary,no,2552,yes,yes,cellular,25,sep,74,1,-1,0,unknown,0
38,services,married,secondary,no,5293,yes,no,cellular,21,nov,1199,3,155,3,other,0
35,blue-collar,married,unknown,no,4822,yes,no,unknown,20,may,843,2,-1,0,unknown,1
47,technician,single,secondary,no,1710,no,yes,cellular,16,jul,525,2,-1,0,unknown,0
30,technician,single,secondary,no,7,no,no,cellular,26,aug,75,4,-1,0,unknown,0
23,blue-collar,single,secondary,no,492,yes,no,unknown,4,jun,638,1,-1,0,unknown,1
42,management,single,tertiary,no,1608,no,no,cellular,28,aug,13,21,-1,0,unknown,0
48,blue-collar,single,primary,no,244,yes,no,cellular,15,may,54,5,-1,0,unknown,0
40,services,married,secondary,no,683,yes,no,cellular,2,feb,299,2,-1,0,unknown,0
46,blue-collar,married,primary,no,-29,yes,no,unknown,12,may,322,1,-1,0,unknown,0
37,technician,married,secondary,no,3043,no,no,cellular,11,aug,123,4,-1,0,unknown,0
45,admin.,divorced,secondary,no,246,no,no,unknown,6,jun,119,1,-1,0,unknown,0
31,management,married,tertiary,no,3739,no,no,cellular,11,aug,117,3,-1,0,unknown,0
52,admin.,divorced,tertiary,no,0,yes,yes,cellular,30,jun,122,1,64,1,failure,0
47,management,married,tertiary,no,4879,no,no,cellular,6,jul,96,3,340,3,failure,0
31,student,single,tertiary,no,4951,no,no,cellular,28,jun,150,3,-1,0,unknown,0
54,management,married,tertiary,no,214,yes,no,cellular,18,nov,68,1,-1,0,unknown,0
29,management,single,tertiary,no,2799,yes,no,cellular,5,may,371,2,-1,0,unknown,0
42,management,married,tertiary,no,976,no,no,cellular,19,aug,164,1,-1,0,unknown,1
41,blue-collar,married,primary,no,1172,yes,no,unknown,15,may,153,1,-1,0,unknown,0
50,services,single,secondary,no,321,no,no,telephone,22,aug,90,11,-1,0,unknown,0
44,technician,married,secondary,no,-199,no,no,unknown,26,may,144,3,-1,0,unknown,0
24,admin.,married,secondary,no,541,yes,no,unknown,5,jun,622,4,-1,0,unknown,0
32,management,single,tertiary,no,146,no,no,cellular,19,aug,162,2,-1,0,unknown,0
39,blue-collar,married,secondary,no,0,yes,no,cellular,15,jul,103,4,-1,0,unknown,0
40,services,divorced,unknown,no,4384,yes,no,unknown,5,may,315,1,-1,0,unknown,0
39,blue-collar,married,secondary,no,0,yes,yes,unknown,20,may,40,1,-1,0,unknown,0
70,retired,married,secondary,no,616,no,no,cellular,27,oct,89,1,-1,0,unknown,0
60,retired,married,secondary,no,938,no,no,cellular,13,jan,380,3,-1,0,unknown,1
23,technician,single,secondary,no,598,no,no,cellular,30,apr,166,1,-1,0,unknown,0
27,technician,single,secondary,no,905,yes,yes,cellular,7,may,245,1,-1,0,unknown,0
43,self-employed,divorced,secondary,no,1187,yes,no,cellular,4,feb,80,2,-1,0,unknown,0
34,technician,married,secondary,no,1553,no,no,cellular,20,aug,200,2,-1,0,unknown,0
40,blue-collar,married,primary,no,12,yes,no,unknown,5,jun,54,26,-1,0,unknown,0
70,retired,divorced,primary,no,4531,no,no,cellular,18,may,445,1,-1,0,unknown,0
33,entrepreneur,married,secondary,no,2,yes,yes,cellular,19,nov,17,5,198,1,failure,0
45,blue-collar,married,primary,no,71,no,no,unknown,26,jun,138,2,-1,0,unknown,0
34,services,single,secondary,no,267,no,no,cellular,8,jul,449,2,-1,0,unknown,1
28,blue-collar,married,unknown,no,52,yes,no,unknown,13,may,226,1,-1,0,unknown,0
23,student,single,secondary,no,43,no,no,unknown,27,aug,4,1,-1,0,unknown,0
25,services,single,secondary,no,-439,yes,no,unknown,12,may,293,1,-1,0,unknown,0
45,technician,married,unknown,no,886,yes,no,cellular,13,oct,75,2,42,1,failure,0
34,blue-collar,single,secondary,no,215,no,no,cellular,5,jun,329,1,94,3,success,0
46,technician,married,tertiary,no,31630,no,no,cellular,30,nov,448,2,214,1,failure,0
32,admin.,married,secondary,no,3,yes,yes,cellular,15,jul,612,4,-1,0,unknown,0
38,blue-collar,married,secondary,no,502,yes,no,unknown,2,jun,209,2,-1,0,unknown,0
27,blue-collar,single,primary,no,232,yes,no,cellular,26,oct,701,2,-1,0,unknown,1
32,technician,single,tertiary,no,665,yes,no,cellular,21,nov,22,5,-1,0,unknown,0
44,management,married,tertiary,no,38,yes,no,telephone,16,apr,201,2,330,8,other,0
43,management,married,unknown,no,587,yes,no,cellular,5,feb,11,6,231,9,failure,0
58,blue-collar,divorced,secondary,no,1103,yes,no,cellular,2,feb,226,1,202,4,failure,0
37,technician,married,secondary,no,95,no,no,cellular,6,feb,454,3,-1,0,unknown,0
29,management,married,tertiary,no,1606,yes,no,cellular,3,feb,17,6,-1,0,unknown,0
47,management,married,tertiary,no,649,yes,no,cellular,27,mar,78,2,-1,0,unknown,0
31,housemaid,married,secondary,no,3902,yes,no,cellular,21,jul,78,4,-1,0,unknown,0
82,housemaid,married,primary,no,2140,no,no,telephone,14,apr,118,6,-1,0,unknown,0
28,technician,single,secondary,no,34,yes,no,unknown,12,may,136,4,-1,0,unknown,0
44,blue-collar,married,primary,no,135,yes,no,cellular,20,apr,255,1,-1,0,unknown,0
31,management,single,tertiary,no,62,yes,no,cellular,18,may,175,1,293,5,failure,0
32,management,married,tertiary,no,944,yes,yes,unknown,4,jun,292,1,-1,0,unknown,0
34,technician,married,tertiary,no,0,yes,no,cellular,25,jul,52,3,-1,0,unknown,0
71,technician,married,tertiary,no,383,no,no,cellular,27,oct,327,2,183,3,success,0
42,admin.,single,secondary,no,0,yes,no,cellular,5,may,127,1,-1,0,unknown,0
53,blue-collar,married,primary,no,901,no,yes,telephone,30,jan,1431,2,-1,0,unknown,0
59,blue-collar,divorced,primary,no,55,no,no,cellular,7,jul,13,20,-1,0,unknown,0
52,technician,single,secondary,no,-181,yes,no,unknown,7,may,94,2,-1,0,unknown,0
64,unemployed,divorced,secondary,no,588,no,no,cellular,8,mar,409,1,-1,0,unknown,1
36,management,single,tertiary,no,156,no,no,cellular,22,aug,122,1,-1,0,unknown,0
47,housemaid,married,secondary,no,0,yes,no,telephone,13,may,20,2,-1,0,unknown,0
58,blue-collar,married,secondary,no,584,no,no,cellular,28,jan,339,1,-1,0,unknown,0
56,retired,single,secondary,no,4365,no,no,unknown,20,jun,361,1,-1,0,unknown,0
66,retired,married,secondary,no,3409,no,no,cellular,19,oct,133,3,160,3,failure,0
71,retired,married,tertiary,no,2887,no,no,cellular,30,jun,128,1,-1,0,unknown,1
56,management,married,tertiary,no,23,yes,no,cellular,16,jul,156,2,-1,0,unknown,0
27,technician,single,tertiary,no,434,yes,no,unknown,13,jan,127,1,-1,0,unknown,0
38,technician,married,secondary,no,0,no,no,cellular,28,aug,176,10,-1,0,unknown,0
39,management,married,tertiary,no,224,no,no,cellular,20,aug,414,2,-1,0,unknown,0
57,retired,married,secondary,no,81,no,no,cellular,19,aug,118,3,-1,0,unknown,0
36,technician,married,secondary,no,577,no,no,cellular,6,aug,88,2,-1,0,unknown,0
37,management,single,tertiary,no,493,yes,no,unknown,9,may,328,7,-1,0,unknown,0
52,retired,married,primary,no,6,no,no,cellular,22,aug,82,2,-1,0,unknown,0
28,services,single,secondary,no,1950,no,no,cellular,9,jul,147,1,-1,0,unknown,0
38,management,single,tertiary,no,6490,no,no,telephone,10,nov,125,1,-1,0,unknown,0
40,admin.,married,secondary,no,2523,yes,no,unknown,16,may,75,1,-1,0,unknown,0
36,blue-collar,married,secondary,no,138,yes,no,unknown,4,jun,84,3,-1,0,unknown,0
31,management,single,tertiary,no,0,no,no,cellular,28,aug,35,31,-1,0,unknown,0
65,management,divorced,tertiary,no,90,yes,no,cellular,22,apr,416,1,-1,0,unknown,1
52,retired,married,secondary,no,414,no,no,cellular,28,jan,207,3,-1,0,unknown,0
44,blue-collar,married,secondary,no,8666,no,no,telephone,6,apr,172,1,-1,0,unknown,0
36,technician,married,tertiary,no,1109,no,no,cellular,13,aug,328,2,-1,0,unknown,0
42,admin.,married,secondary,no,0,no,no,unknown,19,jun,370,1,-1,0,unknown,0
57,blue-collar,married,secondary,no,1521,yes,yes,cellular,18,may,102,2,178,5,failure,0
33,services,single,secondary,no,0,yes,no,cellular,28,jul,174,2,-1,0,unknown,0
35,technician,divorced,secondary,no,0,no,no,cellular,24,jul,262,2,-1,0,unknown,0
51,housemaid,married,secondary,yes,-1013,yes,no,unknown,26,may,664,1,-1,0,unknown,0
35,management,single,tertiary,no,4,yes,no,unknown,30,may,449,1,-1,0,unknown,0
31,blue-collar,married,secondary,no,1030,yes,no,cellular,31,jul,180,5,-1,0,unknown,0
31,admin.,single,secondary,no,190,no,no,cellular,30,apr,514,1,-1,0,unknown,1
51,blue-collar,married,primary,no,303,yes,no,unknown,3,jun,87,7,-1,0,unknown,0
33,technician,married,tertiary,no,980,no,no,cellular,12,aug,172,2,-1,0,unknown,0
36,management,married,tertiary,no,2161,no,no,cellular,8,sep,708,2,183,5,success,1
52,services,divorced,secondary,no,12,yes,no,cellular,6,may,78,1,170,1,failure,0
45,entrepreneur,married,tertiary,no,219,yes,yes,cellular,28,jul,118,4,-1,0,unknown,0
37,blue-collar,single,secondary,no,3111,yes,no,cellular,21,nov,9,3,185,2,failure,0
54,management,married,tertiary,no,0,no,no,cellular,14,aug,260,7,-1,0,unknown,0
44,technician,married,secondary,no,-372,yes,no,cellular,17,apr,211,3,-1,0,unknown,0
29,blue-collar,married,secondary,no,137,yes,no,cellular,17,apr,343,2,316,3,other,0
37,retired,married,secondary,no,71,no,yes,cellular,8,may,254,1,-1,0,unknown,0
32,admin.,single,secondary,no,-15,no,no,unknown,27,may,214,2,-1,0,unknown,0
29,admin.,married,secondary,no,-526,yes,no,unknown,28,may,314,2,-1,0,unknown,0
52,management,married,tertiary,no,1134,yes,no,cellular,18,aug,151,4,-1,0,unknown,0
36,blue-collar,married,primary,no,871,yes,yes,telephone,18,nov,2,1,-1,0,unknown,0
59,management,married,secondary,no,544,no,no,unknown,20,jun,67,2,-1,0,unknown,0
40,management,married,tertiary,no,0,yes,yes,cellular,24,jul,53,1,-1,0,unknown,0
46,blue-collar,married,secondary,no,0,yes,no,unknown,26,may,208,2,-1,0,unknown,0
48,housemaid,single,primary,no,46,no,no,cellular,4,aug,118,1,1,3,success,1
30,blue-collar,married,secondary,no,2,yes,yes,cellular,17,apr,291,2,326,1,failure,0
48,management,married,tertiary,no,0,no,no,cellular,26,aug,60,5,-1,0,unknown,0
27,management,single,tertiary,no,136,no,yes,cellular,8,jul,146,1,-1,0,unknown,0
37,services,married,secondary,no,1483,no,no,unknown,20,jun,32,9,-1,0,unknown,0
31,technician,single,secondary,no,1186,yes,no,cellular,19,nov,174,1,180,1,failure,0
47,technician,single,secondary,no,80,yes,no,cellular,16,jul,169,5,-1,0,unknown,0
49,management,married,unknown,no,383,yes,no,unknown,23,may,290,3,-1,0,unknown,0
36,admin.,married,secondary,no,976,no,no,unknown,20,jun,408,5,-1,0,unknown,0
34,blue-collar,married,secondary,no,-58,yes,yes,unknown,28,may,157,2,-1,0,unknown,0
44,housemaid,married,tertiary,no,460,no,no,unknown,17,jun,491,1,-1,0,unknown,0
76,retired,married,primary,no,2223,no,no,telephone,4,feb,429,1,-1,0,unknown,1
64,housemaid,married,primary,no,768,no,no,cellular,14,jan,371,1,-1,0,unknown,1
33,technician,married,secondary,no,5833,yes,no,cellular,17,apr,57,1,-1,0,unknown,0
24,technician,single,secondary,no,409,yes,no,unknown,16,may,912,1,-1,0,unknown,1
29,self-employed,married,tertiary,no,0,yes,no,cellular,7,may,253,2,302,1,failure,0
77,retired,married,unknown,no,992,no,no,cellular,27,apr,147,2,182,2,failure,0
29,entrepreneur,single,secondary,no,158,yes,no,cellular,25,jul,241,2,-1,0,unknown,0
50,self-employed,married,primary,no,0,no,no,cellular,22,aug,125,4,-1,0,unknown,0
32,technician,single,secondary,no,324,no,yes,cellular,23,feb,432,1,-1,0,unknown,1
57,management,married,secondary,no,123,no,no,cellular,2,feb,154,2,-1,0,unknown,0
32,admin.,married,secondary,no,506,yes,no,unknown,23,may,188,6,-1,0,unknown,0
34,blue-collar,single,unknown,no,129,yes,yes,cellular,16,nov,295,1,200,2,success,1
50,blue-collar,married,primary,no,0,yes,no,cellular,23,jul,137,1,-1,0,unknown,0
49,entrepreneur,married,primary,no,5380,yes,no,unknown,4,jun,98,4,-1,0,unknown,0
60,retired,married,secondary,no,1145,no,no,cellular,6,aug,167,2,-1,0,unknown,0
37,blue-collar,married,secondary,no,56,yes,no,cellular,20,apr,46,2,285,1,failure,0
30,services,single,secondary,no,9720,no,yes,cellular,20,nov,255,2,-1,0,unknown,0
39,technician,single,secondary,no,316,no,no,cellular,8,aug,100,1,-1,0,unknown,0
33,services,divorced,secondary,no,1117,no,no,cellular,2,jun,417,1,-1,0,unknown,1
33,technician,single,secondary,no,-32,no,no,cellular,25,aug,196,12,-1,0,unknown,0
53,services,divorced,secondary,no,1467,yes,no,unknown,5,may,124,1,-1,0,unknown,0
27,technician,single,secondary,no,1996,yes,no,cellular,5,may,345,1,-1,0,unknown,0
31,technician,married,tertiary,no,1496,yes,no,cellular,11,aug,303,2,-1,0,unknown,0
28,student,single,tertiary,no,61,yes,no,cellular,16,jul,401,8,-1,0,unknown,0
55,management,married,secondary,no,5836,no,no,unknown,18,jun,192,1,-1,0,unknown,0
53,admin.,married,secondary,no,3703,yes,no,cellular,16,apr,104,1,267,1,failure,0
51,technician,married,unknown,no,-168,no,no,cellular,31,jul,56,3,-1,0,unknown,0
27,student,single,secondary,no,24,yes,no,cellular,17,jul,320,2,-1,0,unknown,0
37,unemployed,married,secondary,no,1152,no,no,cellular,29,jan,222,1,-1,0,unknown,0
28,blue-collar,married,primary,no,46,yes,no,unknown,27,may,205,3,-1,0,unknown,0
40,technician,single,secondary,no,2141,no,no,cellular,18,nov,107,3,-1,0,unknown,0
39,blue-collar,married,secondary,no,142,no,yes,cellular,14,jul,424,4,-1,0,unknown,0
29,services,married,secondary,no,-597,no,no,cellular,7,jul,500,2,-1,0,unknown,0
30,management,single,tertiary,no,520,yes,no,cellular,6,feb,157,5,-1,0,unknown,0
55,admin.,married,secondary,no,541,yes,yes,cellular,14,jul,512,3,-1,0,unknown,0
33,admin.,single,primary,no,-258,yes,no,cellular,15,may,158,2,352,2,failure,0
28,services,single,secondary,no,339,no,no,cellular,3,dec,350,1,182,1,success,1
38,management,married,tertiary,no,0,yes,no,unknown,20,jun,211,2,-1,0,unknown,0
28,admin.,single,secondary,no,-126,no,yes,cellular,8,jul,360,4,-1,0,unknown,0
41,admin.,divorced,tertiary,no,-298,yes,no,cellular,5,may,397,1,-1,0,unknown,0
50,services,divorced,tertiary,no,580,no,no,unknown,17,jun,88,2,-1,0,unknown,0
23,student,single,tertiary,no,1592,no,no,cellular,10,aug,298,1,-1,0,unknown,0
40,blue-collar,married,secondary,no,1808,yes,no,cellular,12,may,560,1,-1,0,unknown,1
30,technician,single,secondary,no,44,no,no,cellular,11,aug,187,2,-1,0,unknown,0
35,management,married,tertiary,no,495,no,no,cellular,30,apr,266,1,87,1,failure,1
52,housemaid,married,primary,no,310,no,yes,unknown,12,jun,100,4,-1,0,unknown,0
27,technician,single,secondary,no,584,yes,no,unknown,8,may,192,2,-1,0,unknown,0
29,admin.,single,secondary,no,265,yes,no,cellular,25,may,304,1,-1,0,unknown,0
39,services,divorced,secondary,no,42,no,no,cellular,31,jul,75,2,-1,0,unknown,0
48,management,divorced,secondary,no,122,yes,no,telephone,7,may,325,1,-1,0,unknown,0
48,management,married,tertiary,no,0,yes,no,cellular,4,may,85,1,61,5,failure,0
28,management,single,tertiary,no,293,yes,no,cellular,14,may,265,1,-1,0,unknown,0
30,admin.,single,secondary,no,154,yes,no,cellular,21,nov,24,2,-1,0,unknown,0
36,services,divorced,tertiary,no,162,yes,no,cellular,18,may,69,1,367,6,other,0
49,management,single,tertiary,no,1350,yes,yes,cellular,11,may,716,1,-1,0,unknown,0
36,management,single,tertiary,no,1027,yes,no,cellular,4,jun,151,1,-1,0,unknown,0
54,blue-collar,divorced,primary,no,2062,yes,no,unknown,14,may,438,2,-1,0,unknown,0
28,services,married,secondary,no,-112,yes,yes,cellular,17,apr,73,2,-1,0,unknown,0
35,admin.,married,secondary,no,907,no,yes,unknown,2,jul,97,4,-1,0,unknown,0
33,technician,single,secondary,no,1500,no,no,cellular,7,aug,133,4,-1,0,unknown,0
35,management,married,tertiary,no,387,yes,no,cellular,16,jul,254,2,-1,0,unknown,0
32,management,single,tertiary,no,0,no,no,cellular,19,nov,57,1,-1,0,unknown,0
34,technician,single,secondary,no,102,no,no,cellular,30,jan,89,1,-1,0,unknown,0
47,technician,married,secondary,no,6704,yes,no,cellular,20,nov,37,2,-1,0,unknown,0
28,services,single,secondary,no,-116,no,yes,cellular,4,jul,276,1,-1,0,unknown,0
60,technician,married,secondary,no,914,no,no,unknown,4,aug,64,1,-1,0,unknown,0
49,management,married,tertiary,no,0,no,no,cellular,29,aug,215,6,-1,0,unknown,0
57,blue-collar,married,secondary,no,490,yes,no,cellular,18,aug,70,5,-1,0,unknown,0
32,services,married,secondary,no,0,yes,yes,unknown,7,may,255,2,-1,0,unknown,0
27,services,single,secondary,no,1820,yes,no,cellular,17,jul,1027,1,-1,0,unknown,1
32,technician,single,secondary,no,260,yes,no,unknown,5,sep,13,1,656,7,other,0
63,blue-collar,married,primary,no,115,no,no,telephone,27,apr,325,1,180,7,failure,1
32,management,single,tertiary,no,-248,yes,yes,cellular,6,may,109,1,315,20,other,0
47,management,married,tertiary,no,2351,no,no,cellular,10,mar,80,1,-1,0,unknown,1
30,technician,married,secondary,no,1211,yes,no,cellular,18,may,176,1,-1,0,unknown,0
33,unemployed,single,secondary,no,233,yes,no,unknown,8,may,221,4,-1,0,unknown,0
37,services,single,tertiary,no,718,no,no,unknown,17,jun,43,1,-1,0,unknown,0
60,housemaid,married,primary,no,2580,no,no,telephone,4,may,15,5,-1,0,unknown,0
48,blue-collar,married,primary,no,266,no,no,telephone,28,aug,58,5,-1,0,unknown,0
32,services,married,primary,no,218,yes,no,cellular,4,feb,177,3,-1,0,unknown,0
32,admin.,single,secondary,no,4344,yes,no,cellular,17,nov,79,2,118,3,failure,0
56,management,married,tertiary,no,25290,no,no,cellular,31,jul,81,12,-1,0,unknown,0
40,services,married,primary,no,1082,yes,no,unknown,30,may,854,2,-1,0,unknown,1
47,self-employed,divorced,secondary,no,8515,yes,no,unknown,20,nov,14,7,112,4,other,0
46,admin.,married,secondary,no,-42,no,yes,telephone,28,jul,181,12,-1,0,unknown,0
50,technician,married,secondary,no,73,no,no,unknown,7,may,93,1,-1,0,unknown,0
43,blue-collar,married,secondary,no,167,yes,no,unknown,7,may,243,1,-1,0,unknown,0
44,management,single,secondary,no,421,no,yes,cellular,5,aug,307,1,-1,0,unknown,0
26,blue-collar,single,secondary,no,-93,yes,no,cellular,18,may,599,2,-1,0,unknown,0
58,retired,married,tertiary,no,2577,yes,yes,unknown,15,may,290,3,-1,0,unknown,0
59,blue-collar,married,primary,no,2192,no,no,cellular,12,aug,365,2,-1,0,unknown,0
43,blue-collar,married,secondary,no,101,no,no,unknown,6,jun,153,1,-1,0,unknown,0
46,blue-collar,married,secondary,no,524,yes,no,telephone,5,may,15,7,-1,0,unknown,0
47,blue-collar,married,secondary,no,438,yes,no,unknown,7,may,46,3,-1,0,unknown,0
46,blue-collar,married,primary,no,2499,yes,no,unknown,16,may,42,3,-1,0,unknown,0
57,technician,married,primary,no,3376,yes,no,telephone,2,jun,421,2,-1,0,unknown,1
42,admin.,single,secondary,no,151,yes,no,telephone,5,may,227,3,-1,0,unknown,0
54,housemaid,married,secondary,no,922,no,no,telephone,28,jan,123,2,-1,0,unknown,0
35,technician,single,secondary,no,183,no,no,cellular,24,apr,78,2,-1,0,unknown,0
31,services,married,secondary,no,132,no,no,cellular,7,jul,148,1,152,1,other,0
42,blue-collar,married,primary,no,7735,yes,no,cellular,13,apr,166,1,144,2,failure,0
36,management,married,tertiary,no,170,no,no,cellular,7,aug,493,2,-1,0,unknown,0
29,technician,single,secondary,no,404,yes,no,unknown,29,may,286,2,-1,0,unknown,0
54,blue-collar,divorced,secondary,no,244,yes,yes,cellular,18,may,9,11,350,11,other,0
29,admin.,married,secondary,no,300,yes,no,cellular,16,apr,487,3,-1,0,unknown,0
47,technician,divorced,secondary,no,1851,yes,no,unknown,19,may,140,2,-1,0,unknown,0
42,admin.,married,primary,no,-306,yes,no,cellular,17,aug,308,1,459,1,success,1
31,entrepreneur,single,tertiary,no,0,no,no,unknown,3,jun,31,5,-1,0,unknown,0
59,blue-collar,married,secondary,no,0,yes,no,unknown,20,may,217,4,-1,0,unknown,0
38,technician,divorced,tertiary,yes,-530,yes,no,unknown,21,may,236,1,-1,0,unknown,0
23,technician,single,tertiary,no,1502,no,no,cellular,12,aug,96,1,-1,0,unknown,0
33,management,married,tertiary,no,2907,no,no,cellular,8,aug,116,1,-1,0,unknown,0
32,management,single,tertiary,no,316,yes,no,cellular,29,jan,215,3,-1,0,unknown,0
23,management,single,secondary,no,85,yes,no,unknown,19,may,109,2,-1,0,unknown,0
34,admin.,married,secondary,no,131,no,no,cellular,19,nov,94,1,-1,0,unknown,0
30,admin.,married,secondary,no,116,yes,no,cellular,31,jul,15,19,-1,0,unknown,0
27,services,single,secondary,no,230,no,no,unknown,27,jul,5,1,-1,0,unknown,0
49,management,divorced,secondary,no,4908,no,no,cellular,31,jul,42,4,-1,0,unknown,0
60,admin.,married,unknown,no,1088,yes,no,cellular,26,may,149,1,-1,0,unknown,0
35,blue-collar,married,secondary,no,365,yes,yes,cellular,20,apr,63,2,-1,0,unknown,0
52,technician,married,secondary,no,553,yes,no,telephone,11,oct,160,1,-1,0,unknown,0
55,unemployed,single,primary,no,274,no,no,cellular,9,feb,7,5,-1,0,unknown,0
46,blue-collar,married,primary,no,-287,yes,no,unknown,30,may,113,3,-1,0,unknown,0
37,management,married,tertiary,no,50,no,yes,cellular,17,jul,105,1,-1,0,unknown,0
46,management,married,tertiary,no,459,yes,no,unknown,6,may,221,1,-1,0,unknown,0
37,management,married,tertiary,no,23,yes,no,unknown,26,may,409,2,-1,0,unknown,0
58,admin.,married,secondary,no,1142,no,no,telephone,4,feb,82,3,-1,0,unknown,0
57,management,married,tertiary,no,334,yes,no,cellular,15,may,169,2,365,2,failure,0
61,retired,married,secondary,no,13164,no,no,cellular,1,jul,92,1,-1,0,unknown,0
49,management,married,tertiary,no,6493,yes,no,telephone,17,nov,180,1,-1,0,unknown,0
29,management,married,tertiary,no,715,yes,no,unknown,28,may,461,1,-1,0,unknown,0
38,management,married,unknown,no,3576,no,no,cellular,25,nov,349,2,183,1,success,1
33,management,single,tertiary,no,1724,no,no,cellular,3,feb,252,6,-1,0,unknown,0
55,management,married,unknown,no,1504,yes,no,cellular,22,may,338,2,-1,0,unknown,1
52,retired,single,secondary,no,316,no,no,cellular,12,may,463,3,-1,0,unknown,0
32,blue-collar,single,secondary,no,5252,yes,no,unknown,21,may,1162,2,-1,0,unknown,0
37,technician,single,secondary,no,3326,yes,no,unknown,21,may,799,1,-1,0,unknown,1
30,management,single,tertiary,no,812,no,no,cellular,12,aug,91,4,-1,0,unknown,0
57,retired,married,secondary,no,2774,no,no,cellular,18,aug,299,6,-1,0,unknown,0
32,management,single,tertiary,no,470,no,no,cellular,19,aug,286,2,-1,0,unknown,0
60,retired,married,secondary,no,5789,yes,no,cellular,12,may,50,5,-1,0,unknown,0
29,services,single,unknown,no,196,no,no,cellular,30,jan,726,2,-1,0,unknown,1
35,management,single,secondary,no,3384,yes,no,cellular,31,jul,372,2,-1,0,unknown,0
39,admin.,single,secondary,no,1078,no,no,unknown,3,jun,199,3,-1,0,unknown,0
38,blue-collar,married,primary,no,-42,yes,no,cellular,14,may,87,1,-1,0,unknown,0
34,admin.,single,tertiary,no,1077,no,no,cellular,19,oct,218,1,151,5,other,0
50,blue-collar,married,secondary,no,378,yes,no,cellular,28,jan,155,1,-1,0,unknown,0
36,admin.,married,secondary,no,587,no,no,cellular,3,feb,248,2,-1,0,unknown,0
32,management,married,tertiary,no,644,no,no,cellular,19,aug,100,2,-1,0,unknown,0
45,blue-collar,married,primary,no,114,yes,no,cellular,29,jul,77,4,-1,0,unknown,0
27,services,single,secondary,no,343,yes,no,cellular,20,apr,282,2,320,1,other,0
51,services,married,secondary,no,-467,no,no,unknown,9,jun,216,5,-1,0,unknown,0
46,entrepreneur,married,tertiary,no,193,yes,no,cellular,7,may,201,8,-1,0,unknown,0
35,unemployed,single,tertiary,no,154,no,no,cellular,29,jul,200,4,181,2,failure,1
36,services,divorced,secondary,no,-330,yes,yes,unknown,27,may,207,2,-1,0,unknown,0
33,blue-collar,married,secondary,no,202,yes,no,cellular,17,apr,377,1,-1,0,unknown,0
55,management,divorced,tertiary,no,-612,no,no,cellular,26,aug,131,2,-1,0,unknown,0
53,blue-collar,married,primary,no,256,yes,no,unknown,2,jun,202,1,-1,0,unknown,0
47,self-employed,married,primary,no,574,yes,no,cellular,20,nov,137,5,-1,0,unknown,0
37,management,divorced,tertiary,no,488,yes,no,cellular,17,sep,328,1,854,2,failure,1
59,unemployed,divorced,secondary,no,7469,no,no,cellular,22,feb,287,1,130,1,failure,0
36,services,married,tertiary,no,301,no,no,cellular,28,jan,333,1,-1,0,unknown,0
38,admin.,married,secondary,no,47,yes,no,cellular,10,aug,120,1,98,5,success,0
27,management,single,tertiary,no,2420,yes,no,unknown,12,may,391,2,-1,0,unknown,0
48,blue-collar,married,primary,no,1850,yes,no,cellular,29,jul,61,1,-1,0,unknown,0
36,admin.,divorced,secondary,no,1573,yes,no,unknown,20,jun,17,10,-1,0,unknown,0
39,self-employed,married,primary,no,2165,yes,no,cellular,18,nov,213,1,-1,0,unknown,0
41,technician,divorced,tertiary,no,533,yes,no,cellular,14,jul,257,4,-1,0,unknown,0
31,services,single,tertiary,no,620,no,no,cellular,2,feb,189,1,-1,0,unknown,0
52,management,married,tertiary,no,1177,yes,no,unknown,29,may,473,1,-1,0,unknown,0
35,admin.,married,secondary,no,220,yes,no,cellular,2,feb,153,4,244,13,failure,0
58,management,divorced,tertiary,no,0,no,no,cellular,17,nov,107,1,-1,0,unknown,0
56,retired,married,secondary,no,277,no,no,cellular,4,aug,143,1,-1,0,unknown,0
41,blue-collar,married,primary,no,-692,yes,no,cellular,16,apr,370,3,282,2,failure,0
40,self-employed,married,secondary,yes,-754,yes,yes,unknown,3,jun,941,3,-1,0,unknown,1
51,blue-collar,married,primary,no,1694,no,no,cellular,13,aug,186,2,-1,0,unknown,0
39,technician,married,secondary,no,4441,yes,no,unknown,21,may,86,2,-1,0,unknown,0
35,admin.,married,secondary,no,332,no,no,cellular,9,jul,199,2,-1,0,unknown,0
41,technician,married,secondary,no,0,no,no,unknown,20,jun,267,2,-1,0,unknown,0
61,management,married,tertiary,no,997,no,no,cellular,10,mar,106,1,-1,0,unknown,1
52,self-employed,divorced,secondary,no,385,no,yes,cellular,26,aug,96,4,-1,0,unknown,0
36,blue-collar,married,secondary,no,3420,yes,no,cellular,15,jul,98,2,-1,0,unknown,0
28,technician,single,secondary,no,34,yes,no,cellular,4,feb,16,6,268,4,failure,0
34,services,married,secondary,no,603,yes,yes,unknown,21,may,1409,3,-1,0,unknown,0
42,blue-collar,divorced,secondary,no,1820,yes,no,unknown,28,may,202,2,-1,0,unknown,0
47,admin.,divorced,secondary,no,2232,no,no,cellular,27,may,439,1,103,1,success,1
32,management,single,tertiary,no,1716,no,no,cellular,21,nov,157,4,-1,0,unknown,0
26,technician,married,tertiary,no,-488,yes,no,unknown,3,jun,320,1,-1,0,unknown,0
30,blue-collar,married,secondary,no,0,no,no,unknown,19,may,159,3,-1,0,unknown,0
31,technician,married,secondary,no,54,no,no,cellular,20,nov,775,1,-1,0,unknown,0
30,blue-collar,single,secondary,no,191,no,no,cellular,25,jul,66,2,-1,0,unknown,0
37,services,divorced,secondary,no,135,no,no,cellular,10,jul,460,1,-1,0,unknown,0
34,management,married,secondary,no,56,yes,no,cellular,20,nov,311,3,183,1,failure,0
32,management,divorced,tertiary,no,294,yes,no,cellular,17,apr,1095,1,274,5,success,1
33,admin.,single,tertiary,no,1077,no,no,cellular,26,may,118,2,-1,0,unknown,0
48,blue-collar,married,secondary,no,480,yes,no,cellular,15,may,830,1,352,2,failure,1
52,services,divorced,secondary,no,43,yes,yes,cellular,11,may,131,2,-1,0,unknown,0
52,blue-collar,married,secondary,no,1374,yes,no,cellular,17,apr,267,2,322,1,failure,0
62,retired,married,primary,no,1515,yes,no,cellular,19,oct,131,1,187,2,failure,0
27,blue-collar,married,secondary,no,564,yes,no,unknown,9,may,257,3,-1,0,unknown,0
53,management,married,tertiary,no,369,yes,yes,unknown,14,may,161,2,-1,0,unknown,0
44,technician,married,secondary,no,56,no,no,cellular,22,aug,148,8,-1,0,unknown,0
37,technician,single,tertiary,no,6101,no,no,cellular,4,may,60,5,87,1,success,0
41,blue-collar,single,secondary,no,3851,no,no,cellular,19,nov,130,1,-1,0,unknown,0
55,self-employed,married,secondary,no,12159,yes,no,cellular,8,apr,179,5,139,4,failure,0
32,technician,single,tertiary,no,-109,yes,yes,cellular,17,apr,419,1,-1,0,unknown,0
26,student,single,unknown,no,2020,no,no,telephone,28,jan,42,3,-1,0,unknown,0
46,housemaid,single,primary,no,10889,no,no,cellular,19,oct,167,3,-1,0,unknown,0
41,technician,married,unknown,no,-1136,yes,yes,unknown,4,jun,89,1,-1,0,unknown,0
37,management,single,secondary,no,655,no,yes,cellular,4,feb,258,6,-1,0,unknown,0
39,admin.,married,secondary,no,140,no,no,cellular,4,may,40,5,-1,0,unknown,0
35,admin.,married,secondary,no,4698,yes,no,unknown,16,jun,359,1,-1,0,unknown,0
26,management,single,tertiary,no,159,no,no,cellular,3,feb,589,1,-1,0,unknown,0
41,housemaid,married,primary,no,379,no,yes,unknown,4,sep,9,1,-1,0,unknown,0
33,blue-collar,married,primary,no,3512,yes,no,unknown,20,may,697,2,-1,0,unknown,0
34,services,single,secondary,no,-30,no,no,cellular,21,jul,1360,3,-1,0,unknown,1
59,blue-collar,married,primary,no,0,no,no,cellular,25,aug,128,5,-1,0,unknown,0
32,services,single,secondary,no,459,yes,no,unknown,8,may,202,2,-1,0,unknown,0
22,student,single,secondary,no,562,yes,no,cellular,5,may,147,1,-1,0,unknown,0
34,management,married,tertiary,no,3050,yes,no,cellular,13,may,469,1,-1,0,unknown,1
34,technician,married,secondary,no,672,no,no,cellular,23,jul,158,3,-1,0,unknown,0
37,technician,single,secondary,no,267,no,no,cellular,13,may,121,1,-1,0,unknown,0
35,admin.,married,secondary,no,2374,yes,no,cellular,11,aug,765,2,183,5,success,1
45,unemployed,single,secondary,no,17609,no,no,cellular,9,feb,222,6,-1,0,unknown,0
30,technician,single,tertiary,no,2832,no,no,cellular,18,aug,350,6,-1,0,unknown,0
57,housemaid,married,secondary,no,5631,no,no,telephone,25,aug,68,1,90,5,other,0
56,admin.,married,secondary,no,1671,no,no,cellular,28,may,158,2,-1,0,unknown,0
42,technician,married,secondary,no,2030,yes,yes,cellular,9,jul,196,1,-1,0,unknown,0
34,admin.,married,secondary,no,774,yes,yes,cellular,14,may,163,1,175,6,other,0
35,blue-collar,single,primary,no,337,yes,no,unknown,9,may,127,1,-1,0,unknown,0
54,technician,divorced,secondary,no,-11,yes,no,cellular,12,may,168,4,-1,0,unknown,0
30,management,married,tertiary,no,419,yes,no,cellular,4,jun,194,1,-1,0,unknown,1
25,admin.,single,secondary,no,507,yes,no,cellular,15,may,832,1,367,3,failure,1
33,entrepreneur,married,secondary,no,-118,yes,yes,unknown,27,may,421,3,-1,0,unknown,0
19,student,single,unknown,no,60,no,no,cellular,14,aug,253,1,-1,0,unknown,0
34,self-employed,married,tertiary,no,1972,yes,no,cellular,23,jul,61,2,-1,0,unknown,0
52,admin.,single,secondary,no,3348,yes,no,unknown,14,may,407,4,-1,0,unknown,0
34,admin.,married,tertiary,no,69,no,yes,cellular,3,aug,263,3,251,3,success,1
37,blue-collar,married,secondary,no,128,yes,no,telephone,8,jul,379,3,-1,0,unknown,0
49,unknown,married,secondary,no,1269,no,no,cellular,12,aug,117,9,-1,0,unknown,0
51,blue-collar,married,secondary,no,193,no,no,cellular,18,aug,146,5,-1,0,unknown,0
43,management,married,tertiary,no,0,no,no,cellular,6,aug,124,2,-1,0,unknown,0
36,services,married,secondary,no,1746,yes,no,unknown,26,may,99,1,-1,0,unknown,0
49,technician,married,secondary,no,308,no,no,cellular,26,oct,260,2,91,5,failure,0
62,management,married,tertiary,no,0,no,no,cellular,13,oct,78,3,-1,0,unknown,0
42,admin.,divorced,secondary,no,490,yes,no,cellular,8,nov,212,1,97,5,other,0
39,management,married,tertiary,no,-233,yes,no,cellular,19,nov,249,1,-1,0,unknown,0
49,technician,married,secondary,yes,-1680,yes,yes,unknown,27,jun,92,4,-1,0,unknown,0
27,blue-collar,single,secondary,yes,-233,yes,no,cellular,6,may,728,1,-1,0,unknown,0
28,management,single,tertiary,no,672,no,no,cellular,4,may,174,1,-1,0,unknown,0
30,services,single,secondary,no,442,yes,no,unknown,16,may,283,3,-1,0,unknown,0
28,services,married,secondary,no,0,yes,no,cellular,5,may,335,2,281,8,failure,0
33,technician,divorced,primary,no,20,yes,no,unknown,15,may,172,4,-1,0,unknown,0
42,entrepreneur,married,secondary,no,718,yes,no,cellular,14,may,201,2,365,2,failure,0
54,unemployed,single,tertiary,no,252,yes,no,cellular,21,jul,101,1,-1,0,unknown,0
59,blue-collar,married,secondary,no,2605,no,no,cellular,30,jan,85,2,-1,0,unknown,0
38,entrepreneur,married,tertiary,no,2069,yes,no,cellular,15,may,358,7,-1,0,unknown,0
34,technician,married,tertiary,no,1806,yes,no,cellular,17,apr,160,2,-1,0,unknown,0
30,management,single,tertiary,no,9,yes,yes,cellular,15,may,582,2,-1,0,unknown,0
52,admin.,married,primary,no,208,yes,no,cellular,17,apr,377,2,-1,0,unknown,0
25,admin.,single,secondary,no,304,no,no,unknown,16,may,523,3,-1,0,unknown,0
52,admin.,married,primary,no,576,yes,no,cellular,5,may,139,1,286,1,failure,0
49,management,divorced,tertiary,no,5223,no,no,cellular,4,aug,86,1,-1,0,unknown,0
34,admin.,single,secondary,no,63,yes,no,cellular,17,apr,678,1,-1,0,unknown,1
41,blue-collar,married,secondary,no,4910,yes,no,cellular,3,apr,1090,1,-1,0,unknown,0
50,services,married,secondary,no,2362,yes,yes,cellular,23,jul,59,4,-1,0,unknown,0
48,admin.,married,secondary,no,8,no,yes,cellular,7,jul,46,1,-1,0,unknown,0
50,entrepreneur,single,tertiary,no,0,yes,no,unknown,19,jun,638,1,-1,0,unknown,0
36,admin.,single,tertiary,no,994,no,no,cellular,13,aug,185,2,105,3,success,0
51,management,divorced,secondary,no,3348,yes,no,unknown,29,may,122,2,-1,0,unknown,0
38,management,single,tertiary,no,1515,yes,no,cellular,18,nov,134,1,110,5,failure,0
39,blue-collar,married,primary,no,163,yes,no,telephone,23,jul,192,5,-1,0,unknown,0
42,admin.,divorced,secondary,no,2133,yes,no,cellular,5,may,89,5,-1,0,unknown,0
43,admin.,single,secondary,no,2527,yes,no,unknown,7,may,276,4,-1,0,unknown,0
54,technician,married,secondary,no,-315,no,yes,cellular,10,jul,2029,1,-1,0,unknown,1
50,blue-collar,divorced,secondary,no,204,yes,yes,unknown,14,may,421,1,-1,0,unknown,0
35,blue-collar,married,primary,no,883,yes,yes,unknown,20,jun,18,5,-1,0,unknown,0
51,management,single,tertiary,no,297,yes,no,cellular,15,may,415,4,375,1,failure,1
27,student,single,secondary,no,2614,no,no,cellular,8,apr,143,2,-1,0,unknown,1
36,services,married,secondary,no,0,no,no,cellular,30,jul,843,2,-1,0,unknown,1
57,management,married,primary,no,-226,yes,no,unknown,4,jun,272,1,-1,0,unknown,0
25,blue-collar,married,secondary,no,109,yes,no,unknown,16,may,306,1,-1,0,unknown,0
56,blue-collar,single,primary,no,39,yes,no,telephone,8,may,191,2,347,5,failure,0
28,technician,single,secondary,no,2335,no,no,cellular,13,may,624,1,-1,0,unknown,1
52,retired,married,unknown,no,293,no,no,unknown,11,jun,706,1,-1,0,unknown,1
46,management,married,tertiary,no,39,yes,yes,cellular,21,nov,64,1,-1,0,unknown,0
46,self-employed,married,secondary,no,0,yes,yes,unknown,14,may,166,5,-1,0,unknown,0
57,services,married,secondary,no,2745,yes,no,unknown,17,jun,167,2,-1,0,unknown,0
58,blue-collar,married,unknown,no,807,yes,no,cellular,7,may,57,1,366,2,failure,0
35,blue-collar,single,primary,no,85,no,no,cellular,15,may,213,1,364,1,failure,0
32,management,married,tertiary,no,0,no,no,cellular,29,aug,183,2,-1,0,unknown,0
50,technician,married,secondary,no,0,no,no,telephone,22,aug,295,5,-1,0,unknown,0
56,unemployed,divorced,primary,no,802,no,no,telephone,3,feb,258,2,-1,0,unknown,0
54,housemaid,married,secondary,no,1977,no,no,unknown,16,jun,69,3,-1,0,unknown,0
28,services,single,secondary,no,805,yes,no,cellular,7,may,148,5,336,7,other,0
76,retired,married,primary,no,3324,no,no,cellular,11,feb,309,1,90,4,success,1
40,services,divorced,secondary,no,5745,yes,yes,unknown,23,may,37,1,-1,0,unknown,0
34,services,married,secondary,no,295,yes,yes,cellular,4,jul,64,1,-1,0,unknown,0
32,technician,divorced,secondary,no,3717,no,yes,cellular,24,jul,91,1,-1,0,unknown,0
24,services,married,secondary,yes,110,yes,no,unknown,23,may,27,1,-1,0,unknown,0
30,blue-collar,single,secondary,no,229,no,no,cellular,29,jan,24,3,-1,0,unknown,0
56,management,married,tertiary,no,6475,no,no,cellular,25,jul,200,3,-1,0,unknown,0
30,admin.,single,secondary,no,873,no,no,cellular,7,oct,301,1,216,2,failure,0
56,blue-collar,married,primary,no,197,no,no,unknown,9,jun,258,2,-1,0,unknown,0
49,services,married,secondary,no,4300,yes,yes,cellular,8,may,134,1,256,6,failure,0
36,management,married,tertiary,no,254,no,no,cellular,3,feb,303,2,-1,0,unknown,1
34,management,married,tertiary,no,39,no,no,cellular,13,aug,160,1,-1,0,unknown,0
50,technician,married,tertiary,no,3117,no,no,cellular,20,nov,44,2,164,1,failure,0
47,entrepreneur,married,unknown,yes,-1445,yes,no,unknown,12,may,379,2,-1,0,unknown,0
36,technician,single,tertiary,no,1072,yes,no,cellular,12,aug,338,2,-1,0,unknown,0
41,management,married,tertiary,no,-195,no,yes,cellular,20,nov,112,1,-1,0,unknown,0
44,management,divorced,tertiary,no,1467,no,no,unknown,17,jun,49,1,-1,0,unknown,0
53,retired,married,tertiary,no,1691,no,no,unknown,13,may,916,2,-1,0,unknown,0
44,management,married,tertiary,no,309,yes,no,cellular,5,feb,676,1,-1,0,unknown,1
37,management,married,tertiary,no,165,no,no,cellular,24,aug,315,1,83,1,other,0
29,blue-collar,single,secondary,no,415,no,yes,cellular,28,jan,161,1,-1,0,unknown,0
31,admin.,divorced,secondary,no,2980,no,no,cellular,20,apr,930,4,292,2,other,0
32,management,married,tertiary,no,820,yes,no,cellular,17,jul,738,3,-1,0,unknown,0
34,admin.,married,tertiary,no,69,no,yes,cellular,4,aug,120,3,1,6,success,1
60,management,married,unknown,no,1046,yes,no,unknown,24,jun,32,3,-1,0,unknown,0
33,admin.,married,secondary,no,471,yes,no,unknown,2,jun,214,2,-1,0,unknown,0
38,blue-collar,married,secondary,no,-390,yes,no,unknown,5,may,287,1,-1,0,unknown,0
38,blue-collar,single,primary,no,1691,no,no,unknown,12,jun,265,3,-1,0,unknown,0
28,student,single,tertiary,no,111,no,no,cellular,10,mar,70,2,-1,0,unknown,0
35,technician,married,secondary,no,0,no,no,cellular,14,jul,125,2,-1,0,unknown,0
42,self-employed,married,secondary,no,2,yes,no,cellular,14,may,51,5,-1,0,unknown,0
40,blue-collar,single,unknown,no,1074,yes,no,cellular,18,may,504,1,-1,0,unknown,0
77,retired,married,secondary,no,4112,no,no,telephone,29,jul,426,1,184,3,success,1
47,self-employed,married,secondary,no,231,no,no,cellular,8,aug,88,2,-1,0,unknown,0
56,entrepreneur,divorced,tertiary,no,386,no,no,cellular,21,nov,65,4,-1,0,unknown,0
57,retired,married,primary,no,4908,no,no,cellular,30,jan,868,1,-1,0,unknown,0
27,blue-collar,single,secondary,no,137,no,yes,cellular,25,jul,359,1,-1,0,unknown,0
41,services,single,secondary,no,1629,yes,no,unknown,20,may,85,1,-1,0,unknown,0
60,retired,married,secondary,no,263,no,no,cellular,2,jul,317,1,330,2,failure,0
29,blue-collar,married,secondary,no,1238,yes,no,cellular,20,apr,478,1,341,1,failure,0
32,technician,single,tertiary,no,0,no,no,cellular,21,aug,119,2,-1,0,unknown,0
37,self-employed,single,tertiary,no,1188,no,no,cellular,24,jun,310,1,-1,0,unknown,1
29,blue-collar,married,secondary,no,975,yes,no,unknown,27,may,265,2,-1,0,unknown,0
36,management,single,tertiary,no,86,no,no,cellular,25,aug,48,4,-1,0,unknown,0
38,technician,single,secondary,no,12926,yes,no,unknown,3,jun,280,1,-1,0,unknown,0
48,admin.,married,primary,no,3,yes,no,unknown,27,may,148,4,-1,0,unknown,0
33,unemployed,single,secondary,no,0,yes,yes,cellular,25,aug,159,2,-1,0,unknown,0
57,entrepreneur,married,unknown,no,618,yes,no,unknown,8,may,10,7,-1,0,unknown,0
37,unemployed,married,secondary,no,459,no,no,cellular,20,nov,109,4,-1,0,unknown,0
48,management,married,tertiary,no,1600,no,no,cellular,18,nov,448,1,-1,0,unknown,0
31,services,married,secondary,no,-327,yes,no,unknown,28,may,408,1,-1,0,unknown,0
37,technician,married,secondary,no,1784,yes,no,cellular,6,may,372,1,-1,0,unknown,0
42,technician,married,secondary,no,1066,no,no,cellular,26,may,125,1,104,3,success,0
38,technician,married,secondary,no,2220,no,no,cellular,7,jul,87,2,-1,0,unknown,0
40,management,married,tertiary,no,5010,no,no,cellular,17,nov,49,1,-1,0,unknown,0
44,technician,married,tertiary,no,184,yes,yes,cellular,5,feb,653,3,8,2,other,0
44,blue-collar,married,primary,no,711,no,no,unknown,17,jun,291,1,-1,0,unknown,0
35,management,married,tertiary,no,1012,no,no,unknown,9,jun,105,1,-1,0,unknown,0
26,blue-collar,married,secondary,no,895,yes,no,cellular,4,feb,820,3,-1,0,unknown,0
43,technician,married,secondary,no,328,no,no,cellular,22,aug,79,2,-1,0,unknown,0
39,admin.,married,secondary,no,70,yes,no,cellular,31,jul,13,11,-1,0,unknown,0
53,entrepreneur,married,tertiary,no,17410,no,no,cellular,31,jul,59,6,-1,0,unknown,0
53,blue-collar,married,primary,no,2295,no,no,cellular,21,aug,65,10,-1,0,unknown,0
31,management,married,tertiary,no,163,yes,yes,telephone,10,nov,107,1,-1,0,unknown,0
27,technician,single,tertiary,no,401,no,no,cellular,6,aug,218,3,93,2,success,1
34,technician,single,secondary,no,2660,yes,no,cellular,15,apr,158,2,329,1,failure,0
53,management,divorced,secondary,no,112,no,yes,cellular,11,aug,246,3,-1,0,unknown,0
45,blue-collar,married,secondary,no,61,yes,no,unknown,26,may,745,4,-1,0,unknown,1
27,management,single,tertiary,no,148,yes,no,cellular,31,jul,632,18,-1,0,unknown,0
32,services,married,secondary,no,180,yes,no,telephone,15,may,45,2,-1,0,unknown,0
33,housemaid,married,secondary,no,0,yes,yes,cellular,23,jul,85,13,-1,0,unknown,0
30,services,married,secondary,no,0,yes,yes,unknown,3,jun,185,1,-1,0,unknown,0
54,technician,married,secondary,no,-777,no,yes,cellular,12,aug,117,2,-1,0,unknown,0
38,services,divorced,secondary,no,-345,yes,no,unknown,28,may,177,2,-1,0,unknown,0
45,admin.,married,secondary,no,524,yes,no,cellular,23,jul,808,1,-1,0,unknown,1
41,admin.,divorced,secondary,no,110,yes,yes,cellular,5,feb,76,2,-1,0,unknown,0
33,services,divorced,secondary,no,411,yes,no,unknown,8,may,216,1,-1,0,unknown,0
59,management,divorced,tertiary,yes,0,no,no,cellular,4,feb,47,2,-1,0,unknown,0
39,management,married,tertiary,no,1802,no,no,cellular,20,oct,92,1,336,1,failure,0
52,blue-collar,married,secondary,no,0,yes,no,cellular,17,nov,125,1,-1,0,unknown,0
43,management,married,tertiary,no,-8,yes,no,unknown,20,may,473,2,-1,0,unknown,0
31,management,single,tertiary,no,1536,no,no,cellular,22,aug,234,2,-1,0,unknown,0
56,admin.,married,secondary,no,20,no,no,unknown,3,jul,130,1,-1,0,unknown,0
52,technician,married,secondary,no,1697,no,yes,cellular,27,aug,549,4,-1,0,unknown,0
31,self-employed,married,tertiary,no,170,no,yes,cellular,28,jul,98,16,-1,0,unknown,0
60,blue-collar,married,secondary,no,751,yes,no,unknown,14,may,115,3,-1,0,unknown,0
29,admin.,married,secondary,no,535,no,no,cellular,11,oct,185,2,-1,0,unknown,0
58,management,divorced,secondary,no,321,no,yes,cellular,17,nov,254,2,-1,0,unknown,0
42,admin.,single,secondary,no,283,yes,no,unknown,19,jun,446,1,-1,0,unknown,0
46,services,married,secondary,no,111,no,no,cellular,13,aug,78,2,-1,0,unknown,0
27,technician,single,secondary,no,430,yes,yes,unknown,30,may,78,3,-1,0,unknown,0
32,management,married,secondary,no,251,no,no,cellular,25,aug,272,6,-1,0,unknown,0
33,blue-collar,single,secondary,no,15341,no,no,cellular,20,apr,335,1,334,3,failure,0
48,management,married,tertiary,no,161,yes,no,cellular,20,apr,207,1,-1,0,unknown,0
31,management,single,tertiary,no,30,no,no,cellular,12,aug,348,2,-1,0,unknown,0
67,retired,married,tertiary,no,2841,no,no,cellular,2,feb,62,1,-1,0,unknown,0
29,management,married,tertiary,no,1,yes,no,cellular,17,jul,695,1,-1,0,unknown,0
34,management,married,tertiary,no,937,no,no,cellular,23,sep,405,1,391,3,failure,0
48,blue-collar,single,primary,no,8990,no,no,telephone,2,feb,1790,2,-1,0,unknown,1
49,blue-collar,married,secondary,no,366,yes,yes,unknown,30,may,191,3,-1,0,unknown,0
33,self-employed,married,primary,no,61,yes,no,cellular,13,may,161,1,-1,0,unknown,0
48,management,married,tertiary,no,666,yes,no,cellular,7,jul,317,6,-1,0,unknown,0
34,services,married,secondary,no,627,yes,no,unknown,9,may,117,9,-1,0,unknown,0
47,blue-collar,married,primary,no,-169,no,yes,cellular,13,may,234,1,349,3,failure,0
51,blue-collar,married,primary,no,14,yes,yes,cellular,20,apr,233,2,329,1,failure,0
33,blue-collar,married,secondary,no,1221,yes,no,cellular,7,may,127,6,-1,0,unknown,0
50,admin.,single,secondary,no,3702,no,no,cellular,16,oct,109,5,-1,0,unknown,0
40,management,married,tertiary,no,60,no,no,unknown,16,jun,172,6,-1,0,unknown,0
57,retired,married,secondary,no,1230,no,no,cellular,6,aug,78,4,-1,0,unknown,0
58,retired,married,unknown,no,96,yes,no,unknown,5,may,616,1,-1,0,unknown,0
49,services,married,secondary,no,254,yes,no,unknown,13,may,179,1,-1,0,unknown,0
53,admin.,married,secondary,no,1739,yes,no,unknown,15,may,103,3,-1,0,unknown,0
45,blue-collar,single,primary,no,4289,yes,no,unknown,9,jun,400,1,-1,0,unknown,0
47,management,married,tertiary,no,5049,no,no,cellular,22,aug,47,7,-1,0,unknown,0
29,blue-collar,married,primary,no,258,yes,no,unknown,26,may,130,1,-1,0,unknown,0
44,retired,married,secondary,no,181,yes,no,unknown,19,may,131,6,-1,0,unknown,0
31,unemployed,single,secondary,no,2616,no,no,cellular,21,may,374,1,185,2,other,1
26,services,single,secondary,no,0,no,no,cellular,25,jul,129,3,-1,0,unknown,0
34,blue-collar,divorced,secondary,no,368,no,yes,cellular,7,jul,2201,1,-1,0,unknown,0
44,entrepreneur,married,tertiary,no,1,yes,no,cellular,13,may,123,2,-1,0,unknown,0
34,blue-collar,married,secondary,no,406,no,yes,cellular,11,jul,113,2,-1,0,unknown,0
46,housemaid,married,primary,no,103,no,no,unknown,9,jun,186,1,-1,0,unknown,0
41,admin.,married,secondary,no,1672,yes,no,cellular,25,jul,148,1,-1,0,unknown,0
31,services,married,secondary,no,143,yes,no,cellular,13,may,221,2,-1,0,unknown,0
36,management,divorced,tertiary,no,3837,yes,no,cellular,17,nov,184,1,193,1,success,0
37,admin.,married,secondary,no,-325,no,no,cellular,29,jul,179,7,-1,0,unknown,0
52,services,married,primary,no,2618,yes,no,cellular,21,nov,73,2,-1,0,unknown,0
37,services,single,secondary,no,174,yes,no,cellular,2,feb,134,1,271,2,failure,0
24,unemployed,single,secondary,no,572,no,no,cellular,4,jun,442,3,-1,0,unknown,0
31,technician,married,tertiary,no,5119,no,no,cellular,21,nov,74,1,-1,0,unknown,0
26,blue-collar,single,secondary,no,539,yes,no,unknown,2,jun,599,2,-1,0,unknown,0
34,blue-collar,single,tertiary,no,1168,no,no,cellular,6,feb,163,2,-1,0,unknown,0
55,unemployed,married,tertiary,no,383,no,no,unknown,6,may,343,3,-1,0,unknown,0
49,services,single,secondary,no,133,no,no,unknown,11,jun,319,6,-1,0,unknown,0
31,technician,married,tertiary,no,1186,no,yes,telephone,31,jul,9,16,-1,0,unknown,0
46,entrepreneur,married,secondary,no,131,yes,no,cellular,20,apr,69,2,-1,0,unknown,0
45,technician,married,tertiary,no,43,yes,no,unknown,6,jun,184,4,-1,0,unknown,0
43,services,single,secondary,no,0,yes,no,cellular,14,may,88,4,-1,0,unknown,0
38,unemployed,married,secondary,no,205,yes,no,unknown,20,may,359,2,-1,0,unknown,0
59,management,married,tertiary,no,123,yes,no,cellular,30,jul,70,6,-1,0,unknown,0
38,management,married,tertiary,no,595,yes,no,cellular,18,nov,70,1,-1,0,unknown,0
24,services,married,secondary,no,183,yes,no,cellular,18,may,453,4,-1,0,unknown,0
26,technician,single,secondary,no,7,yes,no,cellular,22,jul,188,2,-1,0,unknown,0
37,services,married,secondary,no,718,no,yes,unknown,9,jun,215,3,-1,0,unknown,0
45,blue-collar,divorced,secondary,no,1951,yes,no,cellular,4,feb,692,1,-1,0,unknown,0
40,blue-collar,married,secondary,no,2073,yes,no,unknown,16,may,166,2,-1,0,unknown,0
48,management,divorced,tertiary,no,249,no,no,cellular,6,aug,293,6,-1,0,unknown,0
31,technician,single,tertiary,no,882,no,no,cellular,3,jun,411,1,-1,0,unknown,1
36,housemaid,single,primary,no,207,no,no,unknown,20,jun,1478,5,-1,0,unknown,0
32,management,single,tertiary,no,631,no,no,cellular,26,aug,145,5,-1,0,unknown,0
21,student,single,secondary,no,6,no,no,unknown,9,may,622,1,-1,0,unknown,0
38,entrepreneur,single,tertiary,no,-281,yes,no,unknown,27,may,85,16,-1,0,unknown,0
37,management,married,primary,no,1959,no,no,unknown,11,jun,439,1,-1,0,unknown,0
40,housemaid,married,primary,no,1832,no,no,cellular,6,feb,213,4,-1,0,unknown,0
57,management,married,tertiary,no,3431,yes,no,cellular,21,nov,55,2,189,1,failure,0
45,technician,single,tertiary,no,88,no,no,unknown,23,jul,163,4,-1,0,unknown,0
54,technician,divorced,secondary,no,-369,no,no,cellular,22,jul,246,4,-1,0,unknown,0
30,entrepreneur,single,primary,no,0,yes,yes,unknown,27,may,1051,1,-1,0,unknown,1
38,technician,divorced,secondary,no,902,yes,no,cellular,3,feb,650,1,-1,0,unknown,1
45,self-employed,single,tertiary,no,1009,no,no,cellular,19,nov,125,2,-1,0,unknown,0
37,blue-collar,divorced,secondary,no,-333,yes,no,unknown,27,may,345,1,-1,0,unknown,0
53,management,married,tertiary,yes,0,no,yes,unknown,5,jun,189,1,-1,0,unknown,0
51,technician,single,tertiary,no,318,no,no,cellular,4,may,8,3,-1,0,unknown,0
28,unemployed,married,secondary,no,431,yes,no,cellular,5,may,29,6,358,3,other,0
33,entrepreneur,single,secondary,no,1808,no,no,cellular,19,nov,84,1,-1,0,unknown,0
27,management,single,tertiary,no,791,no,no,cellular,29,jan,620,1,-1,0,unknown,0
35,technician,single,secondary,no,966,no,no,cellular,21,apr,71,2,-1,0,unknown,0
47,blue-collar,divorced,primary,no,223,yes,no,telephone,7,may,140,2,-1,0,unknown,0
30,blue-collar,married,secondary,no,658,yes,yes,cellular,21,jul,212,1,-1,0,unknown,0
26,blue-collar,divorced,secondary,no,0,yes,no,unknown,19,may,48,3,-1,0,unknown,0
35,services,married,secondary,no,52,yes,no,cellular,4,jun,328,2,94,4,success,1
28,technician,single,secondary,no,100,yes,no,cellular,13,may,70,5,-1,0,unknown,0
34,management,married,tertiary,no,589,no,no,cellular,19,apr,125,2,-1,0,unknown,1
34,management,single,tertiary,no,5,no,no,cellular,18,aug,370,2,-1,0,unknown,1
50,admin.,divorced,secondary,no,-194,yes,no,cellular,13,apr,238,2,-1,0,unknown,0
40,services,divorced,secondary,no,9,no,no,cellular,28,jul,154,2,-1,0,unknown,0
31,management,single,tertiary,no,6413,no,no,cellular,13,aug,517,2,-1,0,unknown,0
42,management,married,tertiary,no,-323,yes,no,cellular,7,aug,135,2,-1,0,unknown,0
42,management,single,tertiary,no,3445,no,no,cellular,19,nov,1662,3,-1,0,unknown,0
60,management,married,tertiary,no,6657,yes,no,cellular,29,jul,333,19,-1,0,unknown,0
28,technician,single,tertiary,no,172,yes,yes,cellular,3,apr,100,14,60,2,failure,0
58,blue-collar,married,secondary,no,25,no,no,unknown,9,jun,486,3,-1,0,unknown,1
40,technician,single,secondary,no,5637,yes,no,unknown,30,may,553,3,-1,0,unknown,1
33,blue-collar,married,secondary,no,1130,yes,no,cellular,7,apr,1063,1,-1,0,unknown,0
30,services,single,secondary,no,3485,no,no,cellular,2,feb,142,2,-1,0,unknown,0
33,management,married,tertiary,no,1778,no,no,cellular,26,may,134,1,103,1,success,0
52,self-employed,married,tertiary,no,583,yes,no,cellular,22,aug,132,1,-1,0,unknown,0
37,admin.,married,secondary,no,14,yes,no,unknown,8,may,176,2,-1,0,unknown,0
46,technician,single,secondary,no,1758,yes,no,cellular,18,nov,109,1,-1,0,unknown,0
31,services,married,secondary,no,520,yes,no,unknown,12,may,123,7,-1,0,unknown,0
51,management,married,tertiary,no,1854,yes,yes,cellular,7,may,166,3,338,2,failure,0
24,technician,single,primary,no,126,yes,no,unknown,20,jun,10,58,-1,0,unknown,0
37,admin.,married,secondary,no,1559,no,no,cellular,27,may,81,1,-1,0,unknown,0
58,management,married,tertiary,no,0,yes,yes,cellular,6,may,293,1,351,2,failure,0
59,self-employed,married,unknown,no,59,no,no,cellular,12,aug,171,2,-1,0,unknown,0
37,technician,single,secondary,yes,-56,yes,no,cellular,6,aug,291,4,-1,0,unknown,0
42,management,married,tertiary,no,2187,yes,no,cellular,17,nov,525,3,-1,0,unknown,1
26,blue-collar,single,secondary,no,2,yes,no,cellular,7,may,223,1,-1,0,unknown,0
48,services,married,secondary,no,334,no,yes,unknown,19,jun,270,2,-1,0,unknown,0
31,technician,single,secondary,no,106,yes,no,cellular,8,may,94,1,-1,0,unknown,0
33,management,married,tertiary,no,250,no,no,cellular,4,mar,377,6,-1,0,unknown,1
51,retired,divorced,tertiary,no,126,no,yes,unknown,6,jun,152,1,-1,0,unknown,0
56,blue-collar,married,primary,no,3498,no,no,cellular,15,apr,264,2,-1,0,unknown,1
47,management,married,secondary,no,2010,no,no,telephone,4,may,222,6,-1,0,unknown,0
34,blue-collar,single,secondary,no,551,yes,no,cellular,8,may,347,2,-1,0,unknown,0
52,blue-collar,married,primary,no,281,yes,no,cellular,16,apr,55,4,335,3,other,0
30,blue-collar,single,secondary,yes,4,yes,no,unknown,23,may,84,3,-1,0,unknown,0
24,student,single,secondary,no,597,yes,no,cellular,20,apr,943,3,-1,0,unknown,1
45,admin.,married,secondary,no,3493,yes,no,cellular,8,jul,498,1,-1,0,unknown,0
30,blue-collar,married,secondary,no,5903,yes,no,cellular,6,may,231,1,363,1,failure,0
26,student,single,secondary,no,1164,no,no,cellular,9,jul,116,1,301,1,other,0
32,blue-collar,single,secondary,no,2093,no,no,cellular,24,sep,224,2,444,1,failure,1
30,services,married,secondary,no,152,yes,no,unknown,9,may,115,2,-1,0,unknown,0
31,blue-collar,single,secondary,no,324,yes,no,cellular,21,jul,167,4,-1,0,unknown,0
28,management,married,tertiary,no,3844,yes,no,unknown,3,jun,132,2,-1,0,unknown,0
44,entrepreneur,married,secondary,no,887,yes,no,cellular,17,apr,519,1,14,2,failure,0
31,technician,married,secondary,no,-720,yes,no,unknown,17,jun,638,16,-1,0,unknown,0
40,technician,married,secondary,no,192,no,no,cellular,7,aug,266,2,-1,0,unknown,0
38,services,married,secondary,no,53,no,no,cellular,4,feb,226,1,-1,0,unknown,0
33,blue-collar,married,primary,no,120,yes,no,unknown,9,may,250,1,-1,0,unknown,0
31,technician,single,tertiary,no,6,no,no,cellular,8,aug,243,2,-1,0,unknown,0
28,student,single,secondary,no,0,no,no,cellular,18,feb,209,20,-1,0,unknown,1
60,retired,married,secondary,no,2537,yes,yes,unknown,15,may,230,1,-1,0,unknown,0
28,admin.,single,secondary,no,89,yes,yes,cellular,6,feb,172,2,-1,0,unknown,0
34,blue-collar,married,secondary,no,1682,yes,yes,cellular,28,jul,123,3,-1,0,unknown,0
34,management,single,unknown,no,1534,yes,no,cellular,16,apr,156,1,147,7,other,0
25,technician,single,secondary,no,1312,yes,no,cellular,16,apr,307,1,-1,0,unknown,0
27,student,single,secondary,no,1625,no,no,cellular,2,feb,180,5,-1,0,unknown,0
43,technician,married,tertiary,no,591,yes,no,cellular,12,may,123,4,277,2,failure,0
27,technician,single,tertiary,no,11862,no,no,cellular,20,aug,217,1,87,6,failure,1
38,entrepreneur,married,primary,no,350,yes,no,cellular,8,may,75,1,-1,0,unknown,0
30,blue-collar,single,secondary,no,178,yes,no,unknown,20,may,747,5,-1,0,unknown,0
35,admin.,married,secondary,no,348,yes,yes,cellular,15,jul,323,3,-1,0,unknown,0
29,admin.,single,secondary,no,488,yes,no,cellular,4,jun,105,1,-1,0,unknown,0
40,technician,married,secondary,no,214,no,no,cellular,25,aug,59,6,-1,0,unknown,0
45,blue-collar,married,primary,no,751,no,no,cellular,28,aug,151,4,-1,0,unknown,0
50,technician,divorced,tertiary,no,-1455,yes,yes,cellular,6,feb,119,1,-1,0,unknown,0
53,management,married,secondary,no,90,yes,no,telephone,20,apr,67,5,-1,0,unknown,0
56,retired,divorced,primary,no,-154,yes,no,unknown,27,may,127,1,-1,0,unknown,0
32,blue-collar,married,secondary,no,-64,yes,no,cellular,13,may,641,1,-1,0,unknown,0
30,management,married,tertiary,no,151,no,no,cellular,21,aug,121,1,-1,0,unknown,0
31,technician,single,tertiary,no,36,no,no,cellular,12,aug,111,3,-1,0,unknown,0
33,technician,divorced,secondary,no,295,no,no,cellular,19,aug,360,2,-1,0,unknown,0
58,admin.,divorced,secondary,no,8548,yes,no,cellular,14,may,175,8,-1,0,unknown,0
34,technician,single,tertiary,no,0,no,no,cellular,21,aug,121,2,-1,0,unknown,0
42,technician,married,secondary,no,315,yes,no,cellular,5,feb,208,1,275,2,failure,0
54,housemaid,single,unknown,no,6020,no,no,unknown,6,jun,24,1,-1,0,unknown,0
46,technician,married,tertiary,no,-582,yes,no,cellular,5,may,245,4,354,9,other,0
33,admin.,married,secondary,no,0,yes,no,cellular,21,nov,57,6,-1,0,unknown,0
38,blue-collar,married,secondary,no,789,yes,no,cellular,20,nov,120,4,196,1,other,0
25,admin.,single,secondary,no,66,yes,no,unknown,9,jun,271,3,-1,0,unknown,0
58,services,married,primary,no,943,yes,no,unknown,3,jun,243,3,-1,0,unknown,0
43,admin.,single,tertiary,no,329,yes,no,unknown,16,may,218,2,-1,0,unknown,0
31,blue-collar,married,secondary,no,-325,yes,yes,unknown,27,may,389,2,-1,0,unknown,0
43,services,married,secondary,no,488,yes,no,telephone,6,feb,8,6,-1,0,unknown,0
47,self-employed,married,tertiary,no,3072,no,no,cellular,21,nov,229,3,-1,0,unknown,0
49,blue-collar,married,unknown,no,403,yes,no,unknown,5,may,241,2,-1,0,unknown,0
41,management,married,tertiary,no,103,no,yes,cellular,6,aug,65,2,-1,0,unknown,0
56,management,married,primary,no,772,yes,no,telephone,20,nov,291,1,-1,0,unknown,0
40,blue-collar,divorced,secondary,no,-349,no,yes,cellular,15,jul,31,19,-1,0,unknown,0
65,retired,married,secondary,no,1370,no,no,cellular,12,nov,177,1,92,1,failure,0
58,services,married,secondary,no,1301,yes,no,cellular,11,may,261,1,286,2,failure,0
36,blue-collar,married,primary,no,378,yes,no,cellular,5,may,1240,1,-1,0,unknown,1
45,blue-collar,married,primary,no,4696,no,no,unknown,17,jun,99,1,-1,0,unknown,0
47,blue-collar,married,primary,no,205,yes,no,unknown,8,may,128,2,-1,0,unknown,0
55,blue-collar,single,primary,no,1187,yes,no,unknown,2,jun,193,2,-1,0,unknown,0
41,technician,married,tertiary,no,354,no,no,cellular,29,jul,95,5,-1,0,unknown,0
46,blue-collar,married,secondary,no,668,yes,no,unknown,15,may,1263,2,-1,0,unknown,1
59,technician,married,secondary,no,3562,no,no,cellular,13,aug,121,1,-1,0,unknown,0
30,admin.,single,secondary,no,457,no,no,cellular,27,apr,90,2,-1,0,unknown,0
47,blue-collar,single,secondary,no,152,yes,no,cellular,3,feb,193,3,271,4,failure,0
32,self-employed,married,secondary,no,-33,yes,no,unknown,28,may,234,3,-1,0,unknown,0
39,management,single,tertiary,no,0,yes,no,cellular,18,feb,224,3,-1,0,unknown,1
35,management,single,tertiary,no,6781,yes,no,cellular,15,may,19,6,-1,0,unknown,0
30,self-employed,single,tertiary,no,1259,no,no,cellular,20,nov,435,1,-1,0,unknown,0
34,unemployed,divorced,secondary,no,354,yes,no,unknown,9,may,308,1,-1,0,unknown,0
36,management,married,tertiary,no,1125,yes,yes,unknown,16,may,339,5,-1,0,unknown,0
56,management,single,secondary,no,237,yes,no,telephone,17,nov,117,3,131,4,failure,0
37,technician,single,secondary,no,61,yes,no,unknown,19,may,182,8,-1,0,unknown,0
54,management,married,tertiary,yes,-248,yes,yes,unknown,7,may,112,1,-1,0,unknown,0
35,management,single,tertiary,no,48,yes,yes,cellular,25,jul,226,1,-1,0,unknown,0
29,admin.,married,secondary,no,301,yes,no,unknown,2,jun,150,5,-1,0,unknown,0
38,entrepreneur,married,secondary,no,2139,yes,no,unknown,9,may,576,1,-1,0,unknown,0
58,retired,married,tertiary,no,136,no,no,cellular,28,aug,211,6,-1,0,unknown,0
47,blue-collar,married,secondary,no,2787,no,no,cellular,11,aug,479,1,-1,0,unknown,1
24,blue-collar,single,primary,no,111,yes,yes,unknown,27,may,42,4,-1,0,unknown,0
31,admin.,married,secondary,no,298,yes,yes,unknown,26,may,518,1,-1,0,unknown,0
60,services,divorced,secondary,no,47,no,no,unknown,11,jun,360,1,-1,0,unknown,0
33,services,married,secondary,no,22,yes,no,unknown,5,may,71,1,-1,0,unknown,0
29,technician,single,tertiary,no,1891,no,no,cellular,2,jul,129,1,-1,0,unknown,0
30,unemployed,single,tertiary,no,4082,no,no,telephone,14,jun,215,1,459,17,other,0
34,technician,divorced,secondary,no,2036,yes,yes,unknown,20,may,104,1,-1,0,unknown,0
61,retired,married,secondary,no,483,no,no,cellular,23,apr,164,1,-1,0,unknown,0
49,management,married,tertiary,no,0,no,no,cellular,6,aug,44,2,-1,0,unknown,0
33,entrepreneur,divorced,primary,no,596,no,yes,cellular,5,feb,308,1,213,1,other,0
31,management,married,tertiary,no,3,no,no,cellular,28,aug,12,17,-1,0,unknown,0
30,technician,single,secondary,yes,1,no,no,cellular,7,aug,407,4,-1,0,unknown,0
35,blue-collar,married,secondary,no,5417,yes,no,cellular,6,may,303,1,-1,0,unknown,0
48,entrepreneur,married,secondary,no,86,yes,no,unknown,13,may,98,1,-1,0,unknown,0
46,blue-collar,married,primary,no,123,no,no,cellular,29,aug,168,2,-1,0,unknown,0
51,admin.,married,secondary,no,-267,no,yes,cellular,6,aug,91,4,-1,0,unknown,0
54,admin.,divorced,secondary,no,1872,no,no,cellular,13,feb,439,5,-1,0,unknown,1
33,management,single,tertiary,no,7419,yes,no,cellular,15,may,21,8,331,29,failure,0
40,blue-collar,married,primary,no,68,yes,no,unknown,30,may,170,19,-1,0,unknown,0
33,blue-collar,divorced,secondary,no,744,yes,no,cellular,21,nov,59,3,-1,0,unknown,0
56,housemaid,divorced,secondary,no,256,no,no,cellular,19,aug,220,5,117,2,other,0
53,technician,married,secondary,no,31,yes,no,unknown,16,may,90,2,-1,0,unknown,0
36,management,married,tertiary,no,699,no,no,cellular,23,jul,125,1,-1,0,unknown,0
40,entrepreneur,divorced,tertiary,no,1225,yes,no,cellular,11,jul,919,2,-1,0,unknown,0
51,blue-collar,married,secondary,no,518,yes,no,cellular,12,may,918,1,-1,0,unknown,1
28,admin.,single,secondary,no,2290,yes,no,cellular,18,may,2301,1,-1,0,unknown,1
38,management,single,tertiary,no,900,yes,no,unknown,2,jun,156,1,-1,0,unknown,0
36,management,married,secondary,no,1898,yes,yes,unknown,30,may,233,1,-1,0,unknown,0
36,blue-collar,married,secondary,no,108,yes,no,cellular,5,may,348,1,-1,0,unknown,0
30,management,single,tertiary,no,835,yes,no,cellular,4,aug,81,1,-1,0,unknown,0
50,technician,married,secondary,no,3176,no,no,cellular,7,aug,670,1,-1,0,unknown,1
50,management,married,secondary,no,2910,no,no,telephone,29,jul,790,1,-1,0,unknown,0
59,retired,married,primary,yes,-1,no,no,cellular,5,aug,229,2,-1,0,unknown,0
35,services,married,secondary,no,-12,no,no,cellular,31,jul,83,4,-1,0,unknown,0
29,admin.,single,tertiary,no,261,no,no,cellular,17,mar,136,19,-1,0,unknown,0
42,blue-collar,married,secondary,no,380,yes,no,cellular,9,jul,124,2,-1,0,unknown,0
32,admin.,single,secondary,no,457,no,no,cellular,26,jul,109,3,455,2,failure,0
45,services,married,secondary,no,27,yes,yes,cellular,31,jul,43,2,-1,0,unknown,0
55,blue-collar,married,unknown,no,-361,yes,no,telephone,11,may,82,2,350,1,failure,0
52,technician,divorced,secondary,no,106,no,no,cellular,12,aug,193,4,-1,0,unknown,0
38,technician,married,secondary,no,10,no,no,cellular,2,feb,86,1,161,5,other,0
38,technician,single,secondary,no,435,yes,no,cellular,6,may,437,4,345,1,failure,0
32,technician,single,tertiary,no,47,yes,no,cellular,14,jul,213,3,-1,0,unknown,0
34,management,married,secondary,no,487,yes,no,unknown,8,may,442,2,-1,0,unknown,0
54,admin.,married,unknown,no,217,no,no,telephone,17,nov,110,2,-1,0,unknown,0
29,management,married,tertiary,no,1387,yes,no,cellular,18,may,256,2,-1,0,unknown,1
32,services,married,secondary,no,2578,no,no,cellular,29,jul,86,3,-1,0,unknown,0
49,management,married,secondary,no,3286,yes,no,cellular,23,jul,73,2,-1,0,unknown,0
53,blue-collar,single,secondary,no,1004,no,no,cellular,13,may,393,1,84,1,other,1
55,admin.,divorced,secondary,no,3524,yes,no,unknown,19,may,492,6,-1,0,unknown,0
31,technician,single,secondary,no,0,no,no,cellular,29,aug,213,4,-1,0,unknown,0
31,blue-collar,married,secondary,no,472,yes,no,unknown,13,may,907,2,-1,0,unknown,0
52,services,married,secondary,no,657,no,no,telephone,7,jul,398,2,460,2,failure,1
29,management,married,tertiary,no,1713,yes,no,cellular,4,feb,227,2,-1,0,unknown,0
32,admin.,single,secondary,no,1581,no,no,unknown,23,may,331,3,-1,0,unknown,0
46,services,divorced,secondary,no,-179,no,no,cellular,2,feb,151,1,214,2,failure,0
49,blue-collar,married,primary,no,130,no,no,unknown,30,may,139,2,-1,0,unknown,0
49,entrepreneur,married,secondary,no,89,yes,no,cellular,12,may,351,1,-1,0,unknown,0
58,blue-collar,divorced,secondary,no,644,no,yes,cellular,17,nov,220,4,109,4,failure,0
36,admin.,single,tertiary,no,918,yes,no,cellular,16,apr,127,2,-1,0,unknown,0
59,retired,married,unknown,no,1116,no,no,cellular,7,aug,149,2,99,1,failure,0
36,management,single,tertiary,no,0,yes,no,unknown,3,jun,174,1,-1,0,unknown,0
58,housemaid,married,primary,no,0,no,no,cellular,3,jun,334,3,79,3,other,0
47,blue-collar,married,secondary,no,0,yes,yes,cellular,19,nov,196,1,-1,0,unknown,0
39,technician,single,secondary,no,2321,no,yes,unknown,16,jun,203,2,-1,0,unknown,0
36,technician,married,tertiary,no,421,yes,no,cellular,13,may,793,5,-1,0,unknown,0
37,technician,married,tertiary,no,732,no,no,cellular,25,may,354,1,-1,0,unknown,0
34,admin.,single,secondary,no,934,no,no,cellular,18,jul,909,3,-1,0,unknown,0
33,management,single,tertiary,no,1021,no,no,cellular,2,feb,734,1,-1,0,unknown,0
29,unknown,single,secondary,no,923,no,no,cellular,26,may,333,1,-1,0,unknown,0
53,technician,divorced,tertiary,no,2228,no,no,cellular,17,nov,890,1,-1,0,unknown,1
36,management,divorced,tertiary,yes,20,no,yes,unknown,24,jun,62,5,-1,0,unknown,0
33,technician,single,tertiary,no,109,yes,yes,cellular,25,may,601,2,10,7,failure,1
58,unknown,single,secondary,no,311,no,no,unknown,6,jun,248,2,-1,0,unknown,0
58,blue-collar,married,secondary,no,842,no,no,cellular,12,aug,253,2,-1,0,unknown,0
31,admin.,single,secondary,no,0,no,no,cellular,17,apr,188,3,-1,0,unknown,1
24,management,single,tertiary,no,1030,no,no,cellular,4,mar,396,2,-1,0,unknown,1
59,retired,married,tertiary,no,538,no,no,cellular,18,nov,48,2,-1,0,unknown,0
39,management,married,tertiary,no,225,yes,no,cellular,20,nov,554,2,-1,0,unknown,0
60,management,married,secondary,no,164,no,yes,cellular,8,jul,171,1,-1,0,unknown,0
37,technician,divorced,secondary,no,1309,no,yes,unknown,30,jun,124,2,-1,0,unknown,0
20,student,single,unknown,no,829,no,no,cellular,27,jan,196,3,202,2,success,1
26,services,single,tertiary,no,1140,yes,no,cellular,6,feb,984,2,-1,0,unknown,1
34,management,married,primary,no,2200,no,no,cellular,20,nov,168,1,-1,0,unknown,0
37,blue-collar,married,primary,no,693,yes,no,unknown,7,may,327,3,-1,0,unknown,0
31,blue-collar,single,secondary,no,1415,yes,no,unknown,7,may,485,1,-1,0,unknown,0
30,management,married,secondary,yes,471,yes,no,cellular,26,aug,73,4,-1,0,unknown,0
35,self-employed,married,secondary,no,188,yes,yes,unknown,5,jun,1865,2,-1,0,unknown,1
36,blue-collar,married,secondary,no,-128,no,yes,telephone,14,jul,821,3,-1,0,unknown,0
50,unemployed,single,tertiary,no,0,yes,no,cellular,6,aug,102,2,-1,0,unknown,0
41,blue-collar,married,primary,no,-204,yes,yes,unknown,6,jun,42,1,-1,0,unknown,0
44,management,divorced,tertiary,no,5773,no,no,unknown,23,may,597,6,-1,0,unknown,1
62,retired,married,secondary,no,569,no,no,cellular,4,aug,288,1,1,8,success,1
56,management,married,secondary,no,1928,no,no,cellular,16,mar,61,6,115,4,failure,0
43,admin.,married,secondary,no,877,yes,no,cellular,2,feb,135,1,-1,0,unknown,0
43,technician,single,tertiary,no,1017,yes,no,unknown,19,may,257,2,-1,0,unknown,0
42,management,married,secondary,no,2608,yes,no,unknown,29,may,201,1,-1,0,unknown,0
49,management,divorced,tertiary,no,178,no,no,cellular,6,aug,174,2,-1,0,unknown,0
51,entrepreneur,married,tertiary,yes,4,yes,no,cellular,18,nov,80,1,-1,0,unknown,0
84,retired,married,secondary,no,81204,no,no,telephone,28,dec,679,1,313,2,other,1
49,management,married,tertiary,no,2139,no,no,cellular,5,aug,278,1,-1,0,unknown,0
35,admin.,married,tertiary,no,221,yes,yes,cellular,3,feb,142,2,-1,0,unknown,0
60,management,divorced,tertiary,no,581,yes,no,cellular,8,aug,89,2,-1,0,unknown,0
50,unemployed,married,secondary,no,193,yes,no,unknown,18,jun,305,6,-1,0,unknown,0
34,technician,single,tertiary,no,362,yes,no,cellular,21,nov,15,2,-1,0,unknown,0
40,technician,single,secondary,no,282,yes,no,cellular,14,aug,70,4,-1,0,unknown,0
31,blue-collar,married,primary,no,1127,yes,no,telephone,13,may,43,1,349,1,failure,0
33,management,single,secondary,no,-85,yes,no,cellular,18,jul,96,1,-1,0,unknown,0
47,blue-collar,divorced,secondary,no,25,yes,no,cellular,7,may,166,1,-1,0,unknown,0
47,technician,married,secondary,no,912,no,no,cellular,21,nov,1036,2,-1,0,unknown,0
36,admin.,married,tertiary,no,0,no,no,cellular,25,nov,106,1,205,2,other,0
29,technician,single,secondary,no,544,yes,no,unknown,13,may,360,1,-1,0,unknown,0
54,blue-collar,married,secondary,no,5210,yes,yes,unknown,30,may,123,4,-1,0,unknown,0
29,management,married,tertiary,no,20,yes,no,cellular,12,may,418,1,-1,0,unknown,0
33,admin.,married,secondary,no,0,yes,no,cellular,15,jul,120,6,-1,0,unknown,0
34,management,married,tertiary,no,0,yes,no,unknown,21,may,88,2,-1,0,unknown,0
24,management,single,tertiary,no,1004,yes,no,cellular,5,jun,133,1,67,2,failure,0
34,technician,single,secondary,no,2583,no,no,cellular,28,aug,64,1,95,2,failure,0
31,technician,married,secondary,no,-302,no,no,cellular,13,aug,195,2,-1,0,unknown,0
51,admin.,married,secondary,no,4178,yes,no,unknown,30,may,556,1,-1,0,unknown,0
40,management,single,tertiary,no,2784,yes,no,unknown,19,may,181,1,-1,0,unknown,0
32,blue-collar,married,secondary,no,333,yes,no,cellular,8,may,501,2,-1,0,unknown,1
36,blue-collar,married,primary,no,-255,yes,yes,unknown,16,jun,187,2,-1,0,unknown,0
52,management,married,tertiary,no,-11,yes,no,cellular,11,may,94,4,-1,0,unknown,0
36,self-employed,married,tertiary,no,682,yes,no,unknown,20,jun,13,10,-1,0,unknown,0
34,management,single,tertiary,no,-64,yes,yes,cellular,28,aug,693,7,-1,0,unknown,0
32,services,married,secondary,no,2796,yes,no,unknown,3,jun,143,8,-1,0,unknown,0
32,services,married,secondary,no,252,yes,yes,cellular,25,jul,148,4,-1,0,unknown,0
44,management,married,tertiary,no,2283,yes,yes,unknown,18,jun,81,2,-1,0,unknown,0
35,management,divorced,tertiary,no,6997,yes,no,cellular,9,jul,1121,1,-1,0,unknown,1
40,technician,single,secondary,no,34,no,no,cellular,20,aug,66,3,-1,0,unknown,0
45,management,single,tertiary,no,2532,no,no,cellular,29,jul,64,6,-1,0,unknown,0
31,blue-collar,married,primary,no,240,yes,yes,cellular,11,may,254,2,-1,0,unknown,0
38,services,single,secondary,no,91,no,no,cellular,2,mar,207,1,-1,0,unknown,1
28,blue-collar,single,primary,no,442,no,no,cellular,30,jan,157,2,-1,0,unknown,0
40,management,married,tertiary,no,409,no,no,cellular,19,aug,111,2,-1,0,unknown,0
55,retired,divorced,tertiary,no,-458,yes,no,cellular,23,jul,1331,3,-1,0,unknown,0
50,self-employed,married,unknown,no,-84,yes,no,unknown,6,may,101,1,-1,0,unknown,0
52,entrepreneur,married,tertiary,yes,-468,no,no,cellular,8,jul,534,1,-1,0,unknown,1
30,blue-collar,single,secondary,no,-93,yes,no,unknown,27,may,149,2,-1,0,unknown,0
63,technician,married,secondary,no,896,yes,no,cellular,14,aug,276,2,-1,0,unknown,1
42,blue-collar,married,primary,no,984,yes,no,unknown,29,may,109,1,-1,0,unknown,0
35,technician,married,secondary,no,198,no,no,cellular,27,aug,282,13,-1,0,unknown,0
53,technician,married,secondary,no,1738,no,yes,cellular,21,nov,168,2,-1,0,unknown,0
35,blue-collar,married,unknown,no,1084,yes,no,cellular,10,jul,1019,1,-1,0,unknown,0
40,management,married,tertiary,no,8963,no,no,cellular,3,jun,203,2,-1,0,unknown,0
53,blue-collar,married,primary,no,238,yes,no,cellular,11,may,238,2,361,5,failure,0
37,blue-collar,married,secondary,no,-251,yes,no,cellular,12,may,146,3,370,1,failure,0
33,technician,married,secondary,no,58,yes,no,telephone,29,aug,57,2,-1,0,unknown,0
76,retired,divorced,primary,no,2693,no,no,cellular,23,apr,109,5,184,2,success,0
34,blue-collar,single,secondary,no,47,yes,no,cellular,14,apr,232,1,147,2,failure,0
38,blue-collar,married,secondary,no,360,yes,no,unknown,14,may,220,2,-1,0,unknown,0
49,technician,married,secondary,no,4785,no,no,unknown,12,may,160,4,-1,0,unknown,0
35,blue-collar,single,secondary,no,448,no,yes,cellular,20,nov,1031,6,-1,0,unknown,0
48,unemployed,married,secondary,no,0,no,no,cellular,18,aug,195,3,-1,0,unknown,0
41,admin.,single,secondary,no,621,yes,no,telephone,19,nov,111,1,-1,0,unknown,0
24,student,single,unknown,no,839,no,no,cellular,1,jun,65,1,-1,0,unknown,0
65,admin.,married,secondary,no,11240,yes,no,telephone,28,oct,149,1,-1,0,unknown,0
38,services,divorced,secondary,no,904,yes,no,cellular,16,apr,361,1,339,1,failure,0
38,admin.,single,secondary,no,3239,no,no,unknown,5,jun,817,2,-1,0,unknown,1
42,unknown,single,unknown,yes,61,no,no,unknown,20,jun,115,1,-1,0,unknown,0
29,services,married,tertiary,no,6,yes,no,unknown,28,may,143,2,-1,0,unknown,0
40,self-employed,married,primary,no,771,yes,no,unknown,14,may,166,1,-1,0,unknown,0
45,housemaid,married,primary,no,1100,no,no,unknown,9,jun,331,6,-1,0,unknown,0
57,housemaid,married,secondary,no,0,no,no,cellular,17,nov,56,1,-1,0,unknown,0
30,management,single,tertiary,no,0,no,no,cellular,28,aug,62,7,-1,0,unknown,0
49,blue-collar,married,primary,no,1050,yes,no,unknown,18,jun,84,5,-1,0,unknown,0
27,technician,married,secondary,no,1577,yes,yes,unknown,28,may,266,2,-1,0,unknown,0
24,admin.,single,secondary,no,-386,yes,no,cellular,5,may,180,1,-1,0,unknown,0
35,entrepreneur,married,tertiary,no,512,yes,no,unknown,30,may,659,1,-1,0,unknown,0
35,blue-collar,married,primary,no,690,yes,no,unknown,26,may,880,3,-1,0,unknown,0
34,housemaid,single,primary,no,443,no,no,cellular,30,jan,10,1,2,1,other,0
34,blue-collar,married,primary,no,251,yes,yes,cellular,24,jul,15,3,-1,0,unknown,0
55,management,married,tertiary,no,655,no,no,cellular,28,jul,167,6,-1,0,unknown,0
45,technician,married,tertiary,no,0,no,no,cellular,21,aug,103,2,-1,0,unknown,0
58,technician,divorced,secondary,no,2270,no,no,unknown,20,jun,24,4,-1,0,unknown,0
36,unemployed,divorced,secondary,no,1366,no,yes,cellular,2,feb,131,1,-1,0,unknown,0
29,admin.,married,secondary,no,1,yes,no,cellular,15,jul,56,3,-1,0,unknown,0
22,management,single,tertiary,no,374,yes,no,cellular,13,may,158,5,-1,0,unknown,0
26,blue-collar,married,secondary,no,0,yes,yes,telephone,30,jul,51,20,-1,0,unknown,0
32,technician,single,secondary,no,0,no,no,cellular,22,aug,114,2,-1,0,unknown,0
57,blue-collar,married,primary,no,2892,yes,no,unknown,4,jun,235,5,-1,0,unknown,0
54,admin.,married,secondary,no,1239,no,no,cellular,19,nov,200,1,-1,0,unknown,0
54,services,married,secondary,yes,0,yes,no,unknown,6,may,138,3,-1,0,unknown,0
40,blue-collar,married,secondary,no,-605,yes,yes,cellular,21,nov,79,1,171,1,failure,0
57,technician,married,secondary,no,272,no,yes,telephone,22,jul,563,1,-1,0,unknown,0
46,technician,married,tertiary,no,841,yes,no,unknown,6,may,158,1,-1,0,unknown,0
57,management,married,tertiary,no,17118,yes,no,cellular,21,nov,102,1,-1,0,unknown,0
33,management,single,tertiary,no,726,no,no,cellular,28,jan,219,1,-1,0,unknown,0
35,blue-collar,divorced,primary,no,1792,yes,no,cellular,31,jul,630,6,-1,0,unknown,1
31,blue-collar,single,tertiary,no,60,yes,yes,unknown,6,may,389,1,-1,0,unknown,0
31,self-employed,single,tertiary,no,283,no,no,cellular,1,jun,134,1,-1,0,unknown,0
51,technician,divorced,secondary,no,107,no,no,unknown,19,jun,593,1,-1,0,unknown,0
40,management,married,tertiary,no,-1737,yes,yes,cellular,31,jul,249,4,-1,0,unknown,0
60,technician,married,unknown,no,148,yes,no,unknown,19,may,148,1,-1,0,unknown,0
39,admin.,single,secondary,no,6512,no,no,unknown,20,jun,16,6,-1,0,unknown,0
74,retired,divorced,primary,no,29080,no,no,cellular,30,jun,301,5,93,4,other,1
60,management,married,unknown,no,6313,no,no,unknown,19,jun,39,2,-1,0,unknown,0
25,technician,single,secondary,no,938,no,no,cellular,1,jun,1048,1,-1,0,unknown,1
48,technician,married,unknown,no,2106,yes,no,cellular,17,nov,499,2,195,1,failure,0
28,management,single,tertiary,no,616,yes,no,cellular,7,oct,116,1,503,2,success,0
44,admin.,married,secondary,yes,0,no,yes,unknown,30,jun,76,3,-1,0,unknown,0
34,entrepreneur,married,primary,no,1188,yes,no,cellular,18,jul,1503,11,-1,0,unknown,0
43,services,divorced,secondary,no,0,yes,no,unknown,6,may,125,2,-1,0,unknown,0
54,admin.,married,secondary,no,42,yes,no,unknown,12,may,192,2,-1,0,unknown,0
38,services,single,secondary,no,895,yes,no,cellular,12,may,1531,1,-1,0,unknown,1
30,management,married,tertiary,no,107,yes,yes,cellular,18,jul,263,1,-1,0,unknown,0
32,admin.,married,secondary,no,280,yes,no,cellular,18,jul,59,4,-1,0,unknown,0
39,services,married,tertiary,no,0,no,no,cellular,17,apr,486,2,-1,0,unknown,0
59,technician,married,unknown,no,1471,no,no,telephone,31,jul,7,3,-1,0,unknown,0
32,blue-collar,divorced,secondary,no,-289,yes,yes,cellular,21,jul,808,5,-1,0,unknown,0
42,entrepreneur,married,secondary,no,215,yes,yes,cellular,21,nov,158,1,-1,0,unknown,0
52,management,married,tertiary,no,-1112,yes,no,cellular,9,jul,94,1,-1,0,unknown,0
30,services,married,secondary,no,249,yes,no,cellular,17,apr,294,1,275,2,failure,0
31,student,single,unknown,no,2144,yes,no,cellular,19,nov,282,2,-1,0,unknown,0
49,technician,single,secondary,no,74,yes,no,unknown,30,may,130,1,-1,0,unknown,0
38,admin.,married,tertiary,no,342,yes,no,unknown,4,jun,1138,1,-1,0,unknown,0
38,admin.,single,secondary,no,-211,no,yes,cellular,31,jul,166,2,-1,0,unknown,0
50,blue-collar,married,primary,no,280,yes,no,unknown,18,jun,61,23,-1,0,unknown,0
48,admin.,married,secondary,no,719,yes,no,cellular,9,jul,205,1,-1,0,unknown,0
35,entrepreneur,single,tertiary,no,-68,yes,yes,unknown,15,may,203,4,-1,0,unknown,0
43,management,married,tertiary,no,0,no,no,unknown,16,jun,46,1,-1,0,unknown,0
41,self-employed,divorced,tertiary,no,4717,yes,no,cellular,19,nov,182,2,-1,0,unknown,0
53,management,divorced,tertiary,no,3158,no,no,cellular,31,jul,126,23,-1,0,unknown,0
42,management,married,tertiary,no,176,yes,no,cellular,23,jul,123,1,-1,0,unknown,0
29,management,single,tertiary,no,1952,yes,no,unknown,14,may,354,1,-1,0,unknown,0
42,self-employed,married,secondary,no,105,no,no,cellular,27,aug,85,4,-1,0,unknown,0
28,unemployed,married,secondary,no,687,no,no,cellular,13,jan,113,3,33,2,other,0
57,services,married,secondary,no,140,yes,no,cellular,9,jul,143,1,-1,0,unknown,0
30,self-employed,married,tertiary,no,163,yes,no,cellular,18,may,149,1,362,8,other,0
33,management,single,tertiary,no,5945,yes,no,cellular,19,nov,190,1,-1,0,unknown,0
52,blue-collar,married,primary,no,2091,no,no,cellular,6,aug,181,2,-1,0,unknown,0
30,services,single,secondary,no,-97,yes,no,unknown,4,jun,126,2,-1,0,unknown,0
31,self-employed,married,tertiary,no,3,yes,no,cellular,29,jul,215,4,-1,0,unknown,0
35,blue-collar,married,primary,no,0,yes,yes,cellular,2,feb,698,2,271,2,other,0
45,management,married,tertiary,no,1433,no,no,cellular,14,aug,117,1,-1,0,unknown,0
58,unemployed,divorced,secondary,no,7798,no,no,unknown,18,jun,247,5,-1,0,unknown,0
59,unknown,married,unknown,no,3940,no,no,unknown,5,jun,48,2,-1,0,unknown,0
45,admin.,married,secondary,no,0,no,no,cellular,19,aug,145,10,-1,0,unknown,0
36,self-employed,married,secondary,no,611,no,no,cellular,11,jul,126,2,-1,0,unknown,0
28,management,single,tertiary,no,21,yes,no,unknown,8,may,219,3,-1,0,unknown,0
31,admin.,single,secondary,no,1801,yes,no,cellular,12,may,306,1,-1,0,unknown,0
29,admin.,single,secondary,no,43,yes,no,unknown,9,may,179,2,-1,0,unknown,0
45,blue-collar,married,secondary,no,9680,no,no,cellular,7,aug,89,4,-1,0,unknown,0
29,entrepreneur,married,secondary,no,0,yes,no,unknown,19,jun,211,1,-1,0,unknown,0
60,management,married,secondary,no,0,no,no,telephone,22,feb,230,2,126,6,failure,0
43,technician,divorced,secondary,no,64,yes,no,cellular,14,aug,55,2,-1,0,unknown,0
53,technician,married,secondary,no,428,no,no,cellular,19,aug,609,4,-1,0,unknown,0
28,blue-collar,married,secondary,no,519,yes,yes,cellular,14,may,311,1,-1,0,unknown,0
45,technician,married,secondary,no,1348,no,yes,cellular,1,apr,358,2,-1,0,unknown,1
33,management,married,tertiary,no,81,yes,no,cellular,22,may,104,1,186,1,failure,0
44,management,married,tertiary,no,0,no,no,cellular,8,jul,54,2,-1,0,unknown,0
41,blue-collar,married,secondary,no,926,yes,no,cellular,11,may,306,2,347,1,other,0
31,management,married,tertiary,no,197,yes,no,cellular,2,feb,105,1,-1,0,unknown,0
31,technician,single,secondary,no,2088,no,no,cellular,9,feb,15,14,-1,0,unknown,0
40,services,divorced,secondary,no,1927,yes,no,unknown,15,may,62,1,-1,0,unknown,0
33,management,married,tertiary,no,1195,yes,no,telephone,13,may,355,4,-1,0,unknown,0
31,housemaid,married,primary,no,2603,yes,no,cellular,18,nov,224,1,-1,0,unknown,0
38,management,married,tertiary,no,-34,yes,no,cellular,7,aug,131,2,-1,0,unknown,0
38,services,married,secondary,yes,-242,yes,yes,unknown,20,may,236,2,-1,0,unknown,0
29,admin.,single,secondary,no,2,no,no,cellular,4,nov,85,1,142,1,failure,0
49,admin.,divorced,secondary,no,1180,no,no,cellular,27,jul,139,2,181,4,success,0
53,management,married,secondary,no,478,yes,no,cellular,2,feb,66,1,264,2,failure,0
35,management,married,tertiary,no,-196,yes,no,cellular,22,jul,216,2,-1,0,unknown,0
33,blue-collar,married,secondary,no,36,yes,no,unknown,4,jun,36,4,-1,0,unknown,0
52,blue-collar,married,primary,no,-27,no,no,cellular,28,aug,51,8,-1,0,unknown,0
51,admin.,married,secondary,no,255,no,no,cellular,29,aug,158,2,-1,0,unknown,0
40,entrepreneur,married,secondary,no,1349,no,no,cellular,20,nov,82,3,-1,0,unknown,0
51,housemaid,married,tertiary,no,6700,yes,yes,cellular,20,apr,64,4,-1,0,unknown,0
36,management,divorced,tertiary,no,608,no,no,cellular,26,aug,125,2,-1,0,unknown,0
34,management,single,tertiary,no,2646,no,no,cellular,14,apr,142,1,-1,0,unknown,1
31,admin.,married,secondary,no,389,yes,no,cellular,7,dec,69,1,185,2,failure,0
56,self-employed,divorced,secondary,no,0,no,no,cellular,18,nov,348,1,-1,0,unknown,0
51,management,divorced,tertiary,no,45,no,no,cellular,19,aug,95,4,-1,0,unknown,0
39,management,married,tertiary,no,0,yes,yes,cellular,17,jul,301,1,-1,0,unknown,0
52,blue-collar,married,secondary,no,305,no,no,cellular,28,aug,26,26,-1,0,unknown,0
46,admin.,married,secondary,no,186,yes,no,cellular,11,may,643,2,-1,0,unknown,0
45,admin.,married,secondary,no,985,yes,no,unknown,13,may,390,1,-1,0,unknown,0
49,services,married,secondary,no,3554,no,no,cellular,4,aug,39,1,-1,0,unknown,0
40,blue-collar,divorced,secondary,no,973,no,no,cellular,14,may,449,1,-1,0,unknown,1
29,admin.,single,secondary,no,768,yes,no,cellular,24,jul,119,5,-1,0,unknown,0
35,technician,married,secondary,no,-255,yes,no,cellular,13,may,196,3,265,2,failure,0
32,self-employed,married,primary,no,102,yes,no,cellular,18,jul,560,1,-1,0,unknown,1
43,technician,single,secondary,no,33,yes,no,unknown,27,may,93,10,-1,0,unknown,0
47,blue-collar,married,primary,no,254,no,yes,cellular,8,aug,492,3,-1,0,unknown,0
33,blue-collar,married,secondary,no,3259,yes,no,unknown,20,may,182,1,-1,0,unknown,0
40,technician,married,secondary,no,56,yes,yes,cellular,29,jan,194,1,247,1,failure,0
41,management,married,secondary,no,41,yes,no,cellular,8,may,177,2,364,6,other,0
48,blue-collar,married,secondary,no,113,yes,no,cellular,16,apr,255,2,318,5,other,0
58,technician,divorced,secondary,no,-354,yes,yes,cellular,7,jul,98,1,-1,0,unknown,0
36,admin.,married,tertiary,no,1145,yes,no,cellular,29,sep,75,1,239,2,failure,0
35,blue-collar,married,secondary,no,1160,no,yes,telephone,19,nov,62,1,-1,0,unknown,0
31,services,married,secondary,yes,-158,yes,no,cellular,21,nov,214,2,-1,0,unknown,0
31,unemployed,single,secondary,no,199,yes,no,unknown,16,may,86,1,-1,0,unknown,0
57,management,married,secondary,no,657,yes,no,telephone,11,may,20,5,-1,0,unknown,0
78,retired,married,unknown,no,38,no,no,telephone,4,aug,156,1,1,3,other,0
48,blue-collar,married,secondary,no,3008,yes,yes,cellular,18,nov,163,1,187,3,failure,0
61,retired,married,primary,no,2686,no,no,telephone,22,oct,84,3,-1,0,unknown,0
49,technician,single,secondary,no,-120,yes,yes,cellular,9,jul,100,5,-1,0,unknown,0
26,blue-collar,married,secondary,no,800,yes,no,unknown,15,may,219,1,-1,0,unknown,0
33,management,single,tertiary,no,3623,no,no,cellular,14,aug,107,2,-1,0,unknown,0
51,blue-collar,married,primary,no,354,yes,no,cellular,14,may,276,2,344,1,other,0
43,admin.,single,secondary,no,6,no,no,unknown,16,may,244,1,-1,0,unknown,0
48,admin.,married,secondary,no,3754,yes,no,unknown,6,may,249,3,-1,0,unknown,0
48,services,married,secondary,no,116,yes,no,telephone,20,apr,70,4,-1,0,unknown,0
31,technician,single,secondary,no,656,yes,no,cellular,7,may,158,1,275,1,other,0
51,management,married,secondary,no,335,no,no,cellular,22,apr,234,1,-1,0,unknown,0
48,blue-collar,married,primary,no,490,yes,no,unknown,19,may,622,2,-1,0,unknown,0
56,admin.,divorced,secondary,no,3337,yes,no,telephone,17,nov,99,3,-1,0,unknown,0
46,admin.,divorced,secondary,no,-637,yes,no,cellular,8,may,218,1,172,1,failure,0
33,blue-collar,married,unknown,no,24,yes,no,cellular,14,may,535,1,-1,0,unknown,0
28,technician,single,tertiary,no,356,no,no,cellular,2,mar,76,2,-1,0,unknown,0
43,management,single,secondary,no,469,yes,no,cellular,17,nov,181,4,-1,0,unknown,0
46,management,divorced,secondary,no,177,no,no,cellular,20,aug,84,2,-1,0,unknown,0
34,management,single,tertiary,no,184,no,no,cellular,22,jul,203,4,-1,0,unknown,0
44,technician,divorced,secondary,no,303,yes,yes,unknown,3,jul,51,1,-1,0,unknown,0
35,blue-collar,single,primary,no,1277,yes,no,cellular,20,apr,143,4,-1,0,unknown,0
55,blue-collar,divorced,secondary,no,462,yes,no,cellular,20,apr,157,1,332,3,failure,0
46,technician,married,secondary,no,3434,no,yes,cellular,27,feb,115,1,-1,0,unknown,1
33,technician,married,secondary,no,430,no,no,cellular,25,aug,250,2,-1,0,unknown,0
32,services,married,secondary,no,-31,no,yes,telephone,30,jul,96,6,-1,0,unknown,0
60,housemaid,divorced,secondary,no,2063,no,no,cellular,21,aug,54,5,86,3,failure,0
30,services,married,secondary,no,311,yes,yes,unknown,5,jun,94,4,-1,0,unknown,0
40,blue-collar,married,secondary,no,-605,yes,yes,unknown,3,jun,143,1,-1,0,unknown,0
35,management,married,tertiary,no,1473,yes,no,cellular,20,apr,17,6,322,4,other,0
45,services,single,secondary,no,1378,yes,no,cellular,15,may,25,5,372,2,failure,0
38,technician,single,secondary,no,1788,no,no,cellular,8,aug,391,2,-1,0,unknown,0
28,unemployed,married,secondary,no,1,no,no,cellular,20,apr,128,1,-1,0,unknown,0
33,management,single,tertiary,no,1909,no,no,cellular,8,aug,191,2,-1,0,unknown,0
35,blue-collar,married,secondary,no,728,yes,no,unknown,12,jun,410,16,-1,0,unknown,0
29,services,single,tertiary,no,8947,yes,no,cellular,4,may,535,2,-1,0,unknown,0
41,services,divorced,secondary,yes,-198,no,yes,unknown,14,may,133,1,-1,0,unknown,0
38,technician,married,secondary,no,59,yes,no,unknown,19,may,18,1,-1,0,unknown,0
35,entrepreneur,married,tertiary,no,129,yes,no,cellular,20,apr,231,3,151,5,other,0
25,admin.,single,secondary,no,131,yes,yes,unknown,9,may,237,1,-1,0,unknown,0
30,management,single,tertiary,no,254,no,no,cellular,21,aug,202,1,-1,0,unknown,0
33,management,single,tertiary,no,62,yes,no,cellular,18,may,473,3,-1,0,unknown,1
60,blue-collar,married,unknown,no,104,yes,no,unknown,5,may,22,1,-1,0,unknown,0
46,blue-collar,married,secondary,no,853,no,no,cellular,11,jul,1187,3,-1,0,unknown,0
39,technician,single,secondary,no,822,yes,yes,unknown,29,may,164,3,-1,0,unknown,0
47,self-employed,married,secondary,no,523,no,no,unknown,20,jul,7,1,-1,0,unknown,0
44,blue-collar,married,secondary,no,-182,yes,yes,cellular,14,may,10,10,-1,0,unknown,0
49,technician,married,secondary,no,997,no,no,unknown,18,jun,118,1,-1,0,unknown,0
51,blue-collar,married,secondary,no,1414,yes,no,unknown,15,may,241,2,-1,0,unknown,0
46,technician,married,secondary,no,159,no,yes,cellular,11,aug,139,4,-1,0,unknown,0
30,management,married,tertiary,no,860,yes,no,cellular,20,apr,185,1,-1,0,unknown,0
19,student,single,unknown,no,779,no,no,cellular,1,apr,184,4,-1,0,unknown,1
50,admin.,married,secondary,no,350,no,no,cellular,5,aug,66,2,-1,0,unknown,0
39,blue-collar,divorced,primary,yes,-294,yes,no,unknown,5,jun,181,2,-1,0,unknown,0
59,management,married,primary,no,3694,yes,no,unknown,5,jun,21,10,-1,0,unknown,0
42,blue-collar,married,secondary,no,865,no,yes,unknown,5,jun,81,1,-1,0,unknown,0
71,retired,divorced,primary,no,1729,no,no,cellular,17,nov,456,2,-1,0,unknown,1
52,unemployed,married,secondary,no,1416,no,no,cellular,10,mar,436,2,182,1,success,1
45,technician,single,tertiary,no,302,yes,no,cellular,21,nov,22,2,154,4,failure,0
34,blue-collar,married,secondary,no,130,no,yes,cellular,21,jul,156,1,-1,0,unknown,0
48,management,married,tertiary,no,0,no,no,cellular,28,aug,16,16,-1,0,unknown,0
29,management,divorced,tertiary,no,415,yes,yes,unknown,28,may,449,4,-1,0,unknown,0
35,admin.,married,secondary,no,-488,yes,no,unknown,2,jun,97,4,-1,0,unknown,0
41,unemployed,married,tertiary,no,0,no,no,cellular,30,oct,373,3,-1,0,unknown,1
39,housemaid,married,tertiary,no,2990,no,no,telephone,30,apr,127,4,-1,0,unknown,0
31,blue-collar,married,primary,no,1601,no,no,cellular,21,nov,521,3,-1,0,unknown,0
28,admin.,single,secondary,no,244,yes,no,unknown,9,may,31,3,-1,0,unknown,0
40,admin.,married,secondary,no,3234,no,no,unknown,6,jun,82,1,-1,0,unknown,0
37,blue-collar,married,primary,no,7,no,no,unknown,6,jun,176,1,-1,0,unknown,0
23,services,single,secondary,no,0,yes,no,unknown,29,may,544,4,-1,0,unknown,0
31,housemaid,divorced,primary,no,168,yes,no,cellular,15,may,266,3,-1,0,unknown,0
54,blue-collar,married,primary,no,4503,no,no,telephone,21,nov,168,3,-1,0,unknown,0
19,student,single,secondary,no,372,no,no,telephone,8,jul,444,3,-1,0,unknown,1
34,blue-collar,single,secondary,no,341,yes,no,unknown,8,may,195,1,-1,0,unknown,0
34,blue-collar,married,secondary,no,8558,yes,no,unknown,2,jun,466,2,-1,0,unknown,0
30,unemployed,married,primary,no,1787,no,no,cellular,19,oct,79,1,-1,0,unknown,0
47,self-employed,married,secondary,no,1121,no,no,unknown,20,jun,454,6,-1,0,unknown,0
40,admin.,divorced,secondary,no,-105,yes,no,unknown,30,may,385,2,-1,0,unknown,0
30,technician,single,secondary,no,158,no,no,cellular,6,oct,144,1,-1,0,unknown,1
35,technician,single,tertiary,no,992,yes,no,cellular,26,aug,79,1,114,3,failure,0
28,management,single,tertiary,no,3053,no,no,telephone,18,jan,165,4,-1,0,unknown,0
42,blue-collar,married,primary,no,530,no,no,unknown,11,jun,850,8,-1,0,unknown,0
45,technician,divorced,secondary,no,1066,yes,yes,cellular,19,nov,124,2,-1,0,unknown,0
33,blue-collar,single,primary,no,0,no,no,telephone,9,jul,83,1,-1,0,unknown,0
58,retired,married,tertiary,no,258,no,yes,cellular,19,aug,285,1,-1,0,unknown,0
51,blue-collar,married,secondary,no,8180,yes,no,cellular,20,nov,86,1,-1,0,unknown,0
52,unemployed,married,primary,no,1724,no,no,cellular,29,jan,73,1,-1,0,unknown,0
33,blue-collar,married,secondary,no,91,yes,no,cellular,14,apr,283,2,-1,0,unknown,0
43,blue-collar,married,primary,no,2605,yes,no,unknown,15,may,347,4,-1,0,unknown,0
57,retired,married,primary,no,641,no,yes,telephone,30,jan,124,4,-1,0,unknown,0
30,management,divorced,tertiary,no,415,yes,yes,cellular,6,may,984,1,343,4,failure,1
53,retired,married,primary,no,3975,no,no,unknown,20,jun,23,2,-1,0,unknown,0
43,entrepreneur,married,tertiary,no,1,yes,yes,cellular,15,jul,61,2,-1,0,unknown,0
32,housemaid,married,secondary,no,0,yes,no,cellular,12,may,549,1,368,2,failure,0
22,student,single,primary,no,110,yes,no,cellular,18,may,237,2,-1,0,unknown,0
39,blue-collar,single,secondary,no,4286,yes,no,unknown,20,may,1376,2,-1,0,unknown,0
29,management,single,tertiary,no,-233,yes,no,unknown,19,may,329,1,-1,0,unknown,0
41,management,married,secondary,no,1273,no,no,unknown,20,jun,73,3,-1,0,unknown,0
53,management,married,secondary,no,2522,no,no,unknown,9,jun,478,2,-1,0,unknown,0
32,technician,married,secondary,no,342,yes,no,cellular,29,jul,146,3,-1,0,unknown,0
38,blue-collar,married,primary,no,2472,yes,no,unknown,3,jun,176,2,-1,0,unknown,0
58,services,married,secondary,no,382,no,no,cellular,26,aug,384,4,-1,0,unknown,0
85,retired,married,primary,no,12114,no,no,telephone,12,feb,165,2,-1,0,unknown,1
45,blue-collar,divorced,primary,no,102,yes,no,cellular,11,may,282,1,-1,0,unknown,0
53,admin.,married,tertiary,no,1379,no,no,cellular,4,aug,68,1,-1,0,unknown,0
56,housemaid,divorced,primary,no,61,no,no,cellular,2,jun,144,1,-1,0,unknown,0
45,technician,divorced,tertiary,no,378,yes,yes,cellular,13,may,67,2,-1,0,unknown,0
33,services,married,secondary,no,2533,yes,no,cellular,18,may,16,6,180,2,other,0
31,services,single,secondary,no,1192,yes,no,cellular,7,may,156,2,349,2,other,0
27,services,single,secondary,no,814,yes,no,cellular,7,may,62,2,-1,0,unknown,0
26,technician,married,tertiary,no,192,yes,no,cellular,18,jul,116,1,-1,0,unknown,0
36,blue-collar,married,secondary,no,4,yes,no,cellular,6,may,544,4,-1,0,unknown,0
34,blue-collar,married,secondary,no,360,yes,no,telephone,19,nov,46,1,182,2,failure,0
37,services,single,secondary,no,-111,yes,no,cellular,13,may,147,4,-1,0,unknown,0
35,management,single,tertiary,no,681,no,no,cellular,18,feb,737,1,561,2,success,1
35,admin.,married,tertiary,no,690,no,no,cellular,16,oct,108,1,-1,0,unknown,0
30,services,married,unknown,no,840,no,no,cellular,29,jan,163,2,-1,0,unknown,0
45,blue-collar,married,primary,no,446,yes,no,unknown,28,may,51,1,-1,0,unknown,0
31,admin.,single,secondary,no,68,yes,no,cellular,16,apr,570,2,-1,0,unknown,0
34,services,divorced,secondary,no,78,yes,no,unknown,7,may,35,3,-1,0,unknown,0
54,unemployed,single,primary,no,199,yes,no,cellular,21,nov,532,1,-1,0,unknown,0
48,blue-collar,married,secondary,no,5241,yes,no,unknown,29,may,158,1,-1,0,unknown,0
29,technician,single,secondary,no,110,yes,no,cellular,13,apr,1036,1,-1,0,unknown,1
42,services,married,primary,no,2567,yes,no,unknown,19,may,401,2,-1,0,unknown,0
39,management,married,tertiary,no,1802,no,no,cellular,25,jan,129,2,97,2,failure,0
30,services,married,secondary,no,2212,yes,no,telephone,30,jan,41,1,249,2,other,0
43,technician,single,tertiary,no,4243,yes,no,unknown,23,may,30,10,-1,0,unknown,0
46,blue-collar,married,primary,no,-44,no,yes,telephone,22,aug,16,13,-1,0,unknown,0
32,blue-collar,married,secondary,no,9714,yes,no,cellular,15,may,1237,2,361,2,failure,0
44,management,divorced,tertiary,no,0,no,no,cellular,13,aug,169,2,-1,0,unknown,0
35,admin.,divorced,secondary,no,183,no,yes,cellular,6,feb,12,7,217,1,failure,0
32,blue-collar,married,secondary,no,472,yes,no,cellular,20,apr,58,2,342,2,failure,0
37,technician,single,unknown,no,334,no,yes,cellular,25,jul,442,12,-1,0,unknown,0
38,entrepreneur,married,secondary,no,0,yes,no,cellular,19,nov,202,1,-1,0,unknown,0
32,blue-collar,married,secondary,no,356,yes,no,cellular,8,may,451,3,-1,0,unknown,0
24,blue-collar,single,secondary,no,27,yes,no,cellular,6,may,404,1,338,2,failure,0
36,technician,married,secondary,no,295,no,no,cellular,12,aug,129,6,-1,0,unknown,0
51,technician,married,secondary,yes,61,no,yes,telephone,30,jul,27,20,-1,0,unknown,0
51,technician,married,secondary,no,12061,yes,no,unknown,13,may,332,1,-1,0,unknown,0
33,housemaid,married,tertiary,no,98,yes,yes,unknown,7,may,109,1,-1,0,unknown,0
49,technician,married,tertiary,no,523,yes,no,cellular,3,apr,203,1,31,2,success,0
33,technician,married,secondary,no,844,yes,no,cellular,23,jul,476,3,-1,0,unknown,0
41,blue-collar,married,secondary,no,-217,yes,no,cellular,11,may,313,1,349,3,other,0
37,technician,divorced,secondary,no,-18,no,no,cellular,21,aug,870,4,-1,0,unknown,0
32,housemaid,single,tertiary,no,93,no,no,cellular,23,jul,495,2,-1,0,unknown,0
30,self-employed,married,tertiary,no,1785,no,no,unknown,17,oct,235,1,-1,0,unknown,1
38,admin.,married,secondary,no,1933,yes,no,cellular,16,apr,622,1,-1,0,unknown,0
26,management,single,tertiary,no,33,no,yes,cellular,8,jul,253,1,-1,0,unknown,0
46,unemployed,single,secondary,no,836,no,no,cellular,18,nov,95,1,-1,0,unknown,0
33,blue-collar,married,secondary,no,355,yes,no,unknown,4,jun,87,3,-1,0,unknown,0
48,blue-collar,married,secondary,no,865,yes,no,cellular,13,may,78,2,-1,0,unknown,0
32,management,single,secondary,no,0,yes,no,cellular,17,jul,139,5,-1,0,unknown,0
41,management,divorced,tertiary,no,1,yes,no,unknown,19,jun,244,1,-1,0,unknown,0
37,management,married,tertiary,no,26,no,no,cellular,17,jun,151,7,62,4,failure,0
29,management,single,tertiary,no,15459,no,no,cellular,18,feb,264,7,-1,0,unknown,1
27,technician,single,tertiary,no,11862,no,no,telephone,25,may,281,5,101,1,success,0
57,retired,married,tertiary,no,1029,no,yes,cellular,8,jul,203,1,-1,0,unknown,0
56,unknown,married,unknown,no,0,no,no,unknown,20,jun,471,2,-1,0,unknown,0
49,technician,married,tertiary,no,503,no,no,unknown,1,jul,297,2,-1,0,unknown,0
36,blue-collar,single,secondary,no,90,yes,no,unknown,12,may,13,5,-1,0,unknown,0
36,unemployed,married,secondary,no,-872,yes,yes,cellular,20,nov,153,1,183,1,failure,0
57,management,married,tertiary,no,2770,no,yes,telephone,21,jul,158,1,-1,0,unknown,0
38,admin.,married,secondary,no,1,yes,no,cellular,11,may,63,7,-1,0,unknown,0
51,technician,married,secondary,no,500,yes,no,cellular,20,nov,26,6,-1,0,unknown,0
39,services,married,secondary,no,53,no,no,unknown,5,mar,257,1,394,1,failure,1
54,technician,married,secondary,no,10185,no,no,cellular,10,aug,559,1,70,2,other,1
40,unemployed,single,tertiary,no,72,no,no,cellular,30,apr,463,1,-1,0,unknown,1
51,admin.,married,secondary,no,423,yes,yes,cellular,16,oct,95,1,-1,0,unknown,0
59,management,married,primary,no,0,yes,no,telephone,7,may,123,3,-1,0,unknown,0
51,management,married,tertiary,no,2635,no,no,cellular,1,sep,181,1,98,2,failure,1
43,blue-collar,married,secondary,no,57,yes,no,cellular,25,jul,188,5,-1,0,unknown,0
34,management,married,tertiary,no,1339,no,no,cellular,20,aug,255,8,-1,0,unknown,0
31,management,divorced,tertiary,no,71,no,no,cellular,12,mar,119,1,-1,0,unknown,1
48,services,married,secondary,no,485,yes,no,cellular,21,nov,254,5,-1,0,unknown,0
56,unemployed,divorced,secondary,no,283,yes,yes,cellular,20,apr,89,3,341,2,failure,0
60,blue-collar,married,primary,no,4903,no,yes,unknown,9,jun,290,1,-1,0,unknown,0
32,blue-collar,single,tertiary,no,700,no,no,unknown,13,nov,90,1,-1,0,unknown,1
52,unemployed,married,secondary,no,105,no,no,cellular,20,nov,96,1,-1,0,unknown,0
55,services,married,secondary,no,76,no,no,cellular,5,aug,356,1,-1,0,unknown,0
29,blue-collar,single,secondary,no,0,yes,no,unknown,28,may,324,4,-1,0,unknown,0
42,unemployed,married,primary,no,11,no,no,cellular,7,jul,111,3,-1,0,unknown,0
42,management,married,tertiary,no,479,yes,no,unknown,28,may,217,2,-1,0,unknown,0
39,blue-collar,married,secondary,no,474,yes,yes,unknown,26,may,219,4,-1,0,unknown,0
32,management,married,secondary,no,134,no,no,cellular,21,aug,181,4,-1,0,unknown,0
40,services,single,secondary,yes,-306,yes,no,unknown,23,may,253,1,-1,0,unknown,0
30,blue-collar,single,secondary,no,183,yes,no,cellular,18,jul,610,1,-1,0,unknown,1
39,admin.,divorced,secondary,no,-427,yes,no,cellular,13,may,8,5,-1,0,unknown,0
25,management,single,tertiary,no,1259,no,no,cellular,12,mar,85,1,-1,0,unknown,0
57,retired,married,secondary,no,1354,no,no,cellular,31,jul,131,9,-1,0,unknown,0
47,technician,married,secondary,no,536,yes,no,cellular,18,may,778,2,336,2,success,0
55,blue-collar,married,primary,no,835,yes,no,unknown,16,jun,40,18,-1,0,unknown,0
39,entrepreneur,married,tertiary,no,2310,yes,yes,unknown,18,jun,104,1,-1,0,unknown,0
41,management,married,secondary,no,0,yes,no,cellular,2,feb,154,2,264,1,other,0
47,management,single,tertiary,no,311,yes,yes,cellular,9,nov,255,3,378,2,failure,0
38,self-employed,married,secondary,no,746,no,no,unknown,20,jun,256,3,-1,0,unknown,0
48,admin.,married,secondary,no,1208,no,no,telephone,18,nov,126,4,-1,0,unknown,0
34,management,single,tertiary,no,1012,yes,yes,cellular,15,may,109,3,-1,0,unknown,0
32,blue-collar,divorced,secondary,no,739,yes,no,unknown,9,may,171,1,-1,0,unknown,0
61,retired,married,tertiary,no,3140,yes,yes,cellular,6,aug,975,4,98,1,unknown,1
26,blue-collar,single,secondary,no,396,yes,no,unknown,28,may,302,1,-1,0,unknown,0
82,retired,married,unknown,no,211,no,no,telephone,22,apr,195,3,-1,0,unknown,0
27,admin.,divorced,secondary,no,2,no,yes,unknown,3,jul,472,1,-1,0,unknown,0
44,blue-collar,married,secondary,no,2885,yes,no,unknown,30,may,63,3,-1,0,unknown,0
52,blue-collar,married,secondary,no,2206,yes,no,unknown,15,may,875,5,-1,0,unknown,0
33,services,single,secondary,no,969,no,no,telephone,8,jul,107,3,-1,0,unknown,0
45,technician,married,secondary,no,3241,no,no,cellular,12,aug,84,2,-1,0,unknown,0
55,technician,married,secondary,no,303,no,yes,cellular,13,aug,261,2,-1,0,unknown,0
27,blue-collar,single,secondary,no,677,no,yes,telephone,31,jul,110,8,-1,0,unknown,0
29,admin.,married,secondary,no,-150,yes,no,unknown,6,may,328,1,-1,0,unknown,0
33,management,married,secondary,no,94,yes,no,cellular,17,jul,62,1,-1,0,unknown,0
25,technician,divorced,tertiary,no,2317,yes,no,cellular,7,may,273,4,-1,0,unknown,0
66,retired,married,secondary,no,3473,no,no,cellular,14,apr,441,2,-1,0,unknown,0
43,blue-collar,single,secondary,no,615,no,no,cellular,14,jul,97,4,-1,0,unknown,0
37,technician,divorced,secondary,no,1559,yes,no,cellular,20,nov,178,2,170,8,other,0
48,blue-collar,married,secondary,no,741,yes,no,cellular,16,apr,227,1,-1,0,unknown,0
40,management,married,tertiary,no,543,yes,no,cellular,2,feb,349,2,262,275,other,0
35,self-employed,married,secondary,no,2251,no,no,cellular,19,aug,151,8,-1,0,unknown,0
41,management,divorced,unknown,no,465,yes,no,cellular,22,jul,1508,1,-1,0,unknown,1
50,unemployed,married,secondary,no,17,no,no,unknown,20,jun,189,2,-1,0,unknown,0
33,services,married,secondary,no,881,yes,no,unknown,21,may,67,5,-1,0,unknown,0
21,student,single,secondary,no,1746,no,no,cellular,21,aug,487,2,-1,0,unknown,0
24,technician,single,secondary,no,726,no,no,cellular,8,sep,445,2,-1,0,unknown,1
67,management,divorced,tertiary,no,361,no,no,cellular,13,oct,411,2,-1,0,unknown,1
39,technician,married,secondary,no,8,no,yes,cellular,13,aug,87,2,-1,0,unknown,0
60,retired,married,primary,no,219,no,no,cellular,29,aug,235,2,-1,0,unknown,0
29,admin.,divorced,secondary,no,201,yes,no,unknown,4,jun,121,3,-1,0,unknown,0
47,management,married,tertiary,no,24312,yes,no,cellular,29,jul,187,3,-1,0,unknown,0
54,management,married,tertiary,no,0,no,no,cellular,16,jul,118,5,-1,0,unknown,0
48,blue-collar,married,secondary,no,426,yes,yes,cellular,5,feb,153,2,177,2,failure,0
47,management,married,tertiary,no,2261,no,no,cellular,31,jul,87,2,-1,0,unknown,0
53,management,divorced,secondary,no,2215,yes,yes,cellular,31,jul,88,14,-1,0,unknown,0
33,technician,married,tertiary,no,6843,no,no,cellular,20,nov,755,1,100,10,other,1
44,technician,single,tertiary,no,222,yes,yes,unknown,3,jul,89,1,-1,0,unknown,0
33,technician,single,secondary,no,7108,no,yes,cellular,21,nov,255,1,-1,0,unknown,0
55,management,married,tertiary,no,1713,no,no,cellular,27,aug,88,5,-1,0,unknown,0
32,self-employed,married,primary,no,286,yes,no,cellular,6,aug,175,1,-1,0,unknown,0
48,admin.,divorced,secondary,no,1108,yes,no,unknown,15,may,420,1,-1,0,unknown,0
27,technician,single,tertiary,no,1526,yes,no,unknown,6,jun,342,10,-1,0,unknown,0
31,management,married,tertiary,no,4924,yes,no,cellular,19,nov,316,1,182,2,failure,0
33,admin.,married,secondary,no,0,no,yes,cellular,6,feb,214,5,-1,0,unknown,0
22,student,single,secondary,no,185,no,no,cellular,8,jul,153,1,-1,0,unknown,1
34,admin.,married,secondary,no,471,yes,no,cellular,8,may,146,3,340,2,failure,0
30,blue-collar,single,secondary,no,363,no,no,cellular,28,jul,171,3,-1,0,unknown,0
31,admin.,single,secondary,no,437,yes,yes,unknown,4,jun,173,14,-1,0,unknown,0
41,entrepreneur,divorced,tertiary,no,958,no,no,cellular,10,jul,72,1,-1,0,unknown,0
39,technician,single,tertiary,no,0,no,no,cellular,21,aug,121,2,-1,0,unknown,0
35,management,married,tertiary,no,-4,no,no,cellular,8,aug,129,2,-1,0,unknown,0
34,blue-collar,single,tertiary,no,-303,yes,no,cellular,18,may,17,5,355,2,failure,0
32,technician,single,secondary,no,1165,no,no,cellular,27,aug,19,23,-1,0,unknown,0
32,blue-collar,married,secondary,no,298,yes,no,unknown,29,may,142,7,-1,0,unknown,0
41,blue-collar,married,primary,no,241,yes,no,cellular,21,nov,48,1,-1,0,unknown,0
48,admin.,single,secondary,no,3531,yes,no,cellular,20,apr,81,2,287,6,failure,0
53,housemaid,single,primary,no,80,no,no,cellular,5,feb,230,2,-1,0,unknown,0
58,retired,married,secondary,no,13189,no,yes,cellular,6,aug,181,2,-1,0,unknown,0
52,technician,married,secondary,no,2206,yes,no,unknown,20,jun,20,18,-1,0,unknown,0
39,blue-collar,single,secondary,no,-480,yes,yes,cellular,2,feb,147,2,252,3,other,0
49,technician,married,secondary,no,412,no,no,cellular,19,aug,1293,8,-1,0,unknown,1
52,admin.,married,secondary,no,531,no,no,unknown,5,jun,222,1,-1,0,unknown,0
33,technician,married,secondary,yes,18,no,yes,cellular,19,aug,19,18,-1,0,unknown,0
50,technician,divorced,secondary,no,0,yes,no,cellular,14,may,109,3,92,3,failure,0
30,services,married,secondary,no,-68,yes,yes,cellular,24,jul,78,1,-1,0,unknown,0
33,admin.,single,secondary,no,375,yes,no,cellular,17,apr,151,1,-1,0,unknown,0
36,unemployed,divorced,secondary,no,2178,yes,no,cellular,30,jul,74,2,-1,0,unknown,0
34,management,single,tertiary,no,250,no,no,cellular,26,aug,64,2,-1,0,unknown,0
41,blue-collar,married,secondary,no,598,yes,no,cellular,12,may,69,3,364,11,failure,0
47,admin.,single,tertiary,no,0,no,no,cellular,29,jan,137,1,-1,0,unknown,0
30,technician,single,secondary,no,309,no,no,cellular,13,aug,99,1,-1,0,unknown,0
48,technician,married,secondary,no,1548,no,no,cellular,28,aug,143,5,-1,0,unknown,0
36,admin.,married,tertiary,no,157,yes,no,cellular,17,apr,277,2,-1,0,unknown,0
51,management,divorced,tertiary,no,-79,yes,no,cellular,21,nov,72,1,-1,0,unknown,0
51,admin.,married,secondary,no,37,no,yes,unknown,20,jun,206,2,-1,0,unknown,0
27,student,single,tertiary,no,5291,no,no,cellular,12,nov,192,2,92,2,failure,1
31,services,single,secondary,no,671,yes,no,unknown,7,may,193,3,-1,0,unknown,0
43,management,married,secondary,no,17555,no,no,cellular,26,aug,14,14,-1,0,unknown,0
26,services,single,secondary,no,598,yes,no,cellular,5,feb,401,2,272,1,other,0
40,management,single,secondary,no,906,yes,no,cellular,5,may,67,4,-1,0,unknown,0
35,management,divorced,tertiary,no,160,yes,no,unknown,4,jun,141,6,-1,0,unknown,0
40,management,single,tertiary,no,-199,yes,yes,unknown,30,may,109,1,-1,0,unknown,0
52,management,married,tertiary,no,168,no,no,cellular,28,aug,165,4,-1,0,unknown,0
32,technician,single,secondary,yes,-1,no,no,cellular,29,aug,185,2,-1,0,unknown,0
28,blue-collar,single,secondary,no,56,yes,no,unknown,23,may,66,1,-1,0,unknown,0
50,technician,married,secondary,no,-70,yes,yes,cellular,28,jan,391,2,191,1,failure,0
41,blue-collar,single,secondary,yes,81,no,no,cellular,19,nov,212,3,-1,0,unknown,0
57,unemployed,married,primary,no,5126,yes,no,cellular,2,feb,113,2,-1,0,unknown,0
34,blue-collar,single,primary,yes,81,no,yes,cellular,9,feb,44,2,-1,0,unknown,0
54,retired,divorced,secondary,no,451,no,yes,cellular,18,may,42,4,280,5,failure,0
46,blue-collar,married,unknown,no,336,yes,no,cellular,14,aug,260,3,457,1,other,1
60,retired,divorced,primary,no,1017,no,no,unknown,9,jul,10,20,-1,0,unknown,0
28,blue-collar,single,secondary,yes,-2,yes,yes,cellular,13,may,172,2,364,5,failure,0
43,technician,married,tertiary,no,1485,no,no,cellular,21,aug,180,2,-1,0,unknown,0
33,self-employed,single,tertiary,no,61,no,no,cellular,19,aug,836,3,-1,0,unknown,1
51,admin.,divorced,secondary,no,3029,yes,yes,cellular,31,jul,118,2,-1,0,unknown,0
26,management,married,tertiary,no,265,no,no,cellular,30,jan,650,2,-1,0,unknown,0
37,management,married,tertiary,no,3794,no,no,cellular,18,aug,147,1,379,1,failure,0
56,retired,married,primary,no,63,no,no,cellular,19,aug,122,2,-1,0,unknown,0
42,self-employed,married,tertiary,no,5,yes,no,unknown,13,may,853,1,-1,0,unknown,0
48,admin.,married,secondary,no,257,yes,no,telephone,8,may,186,4,358,11,failure,0
41,technician,divorced,secondary,no,1631,yes,no,cellular,12,aug,173,2,-1,0,unknown,0
33,services,divorced,secondary,no,1529,yes,no,telephone,18,nov,41,1,-1,0,unknown,0
38,technician,single,secondary,no,2079,yes,yes,unknown,29,may,122,1,-1,0,unknown,0
60,retired,single,secondary,no,74,yes,no,telephone,28,jul,29,8,-1,0,unknown,0
56,technician,married,unknown,no,84,yes,no,cellular,13,may,65,2,370,1,failure,0
38,management,married,tertiary,no,1463,yes,no,cellular,25,aug,425,4,-1,0,unknown,0
37,admin.,married,secondary,no,10465,no,no,unknown,17,jun,144,6,-1,0,unknown,0
59,retired,married,secondary,no,1521,yes,yes,unknown,14,may,1125,2,-1,0,unknown,1
52,housemaid,married,primary,no,1466,no,yes,cellular,20,nov,150,1,-1,0,unknown,0
41,housemaid,married,primary,no,2429,no,no,cellular,28,jan,51,1,-1,0,unknown,0
41,blue-collar,married,secondary,no,13,yes,no,cellular,6,may,106,1,-1,0,unknown,0
59,management,married,tertiary,no,4152,yes,no,cellular,1,oct,67,6,141,13,failure,0
45,housemaid,married,primary,no,0,no,no,cellular,14,aug,195,2,-1,0,unknown,0
40,technician,married,secondary,no,0,yes,no,cellular,17,nov,74,2,196,1,failure,0
34,housemaid,married,tertiary,no,677,no,no,cellular,9,feb,37,2,-1,0,unknown,0
28,management,divorced,tertiary,no,229,yes,no,cellular,9,apr,1042,2,315,2,other,1
31,management,single,tertiary,no,12857,yes,no,telephone,4,may,483,4,87,2,success,1
47,blue-collar,married,secondary,no,116,yes,no,unknown,8,may,376,2,-1,0,unknown,0
51,blue-collar,married,primary,no,1164,yes,no,cellular,12,may,100,1,369,2,failure,0
56,blue-collar,married,primary,no,115,no,no,telephone,4,feb,111,1,-1,0,unknown,0
31,management,single,tertiary,no,0,yes,no,unknown,5,may,562,1,-1,0,unknown,0
34,admin.,married,secondary,no,21,no,no,cellular,17,apr,332,1,346,3,failure,0
41,management,married,tertiary,no,5936,no,no,cellular,29,aug,709,11,-1,0,unknown,0
31,services,single,secondary,no,0,yes,no,cellular,20,apr,400,1,-1,0,unknown,0
48,services,divorced,secondary,no,142,yes,no,cellular,18,may,11,10,-1,0,unknown,0
36,management,married,tertiary,no,6172,yes,yes,cellular,18,nov,126,2,-1,0,unknown,0
33,services,divorced,secondary,no,2,yes,no,unknown,16,may,165,1,-1,0,unknown,0
37,management,divorced,tertiary,no,641,yes,no,cellular,7,may,334,1,-1,0,unknown,0
33,blue-collar,single,secondary,no,266,yes,yes,cellular,17,apr,100,2,-1,0,unknown,0
53,self-employed,married,tertiary,no,730,yes,no,unknown,2,nov,18,1,368,2,failure,0
54,blue-collar,married,primary,no,175,no,yes,cellular,8,jul,1027,1,-1,0,unknown,0
